,gridcode,id,province_id,province__name,district_id,district__name,municipality_id,municipality__name,name,category,category__name,type,type__name,ownership,contact_person,contact_num,used_for_corona_response,num_of_bed,num_of_icu_bed,occupied_icu_bed,num_of_ventilators,occupied_ventilators,num_of_isolation_bed,occupied_isolation_bed,total_tested,total_positive,total_death,total_in_isolation,hlcit_code,remarks,lat,long,robert_ID,PROVINCE,adm1_lon,adm1_lat,PALIKA,adm2_lon,adm2_lat,f_10,f_15,f_20,f_25,f_30,f_35,f_40,f_45,f_50,f_55,f_5,f_60,f_65,f_70,f_75,f_80,m_10,m_15,m_20,m_25,m_30,m_35,m_40,m_45,m_50,m_55,m_5,m_60,m_65,m_70,m_75,m_80,male_total,female_total,male_highrisk,female_highrisk,total,all_highrisk,all_risk_pct,male_risk_pct,female_risk_pct
0,1,,7,Sudoorpaschim Province,72,Kanchanpur,524 7 72 3 002,Bhimdatta Nagarpalika,Mahakali Zonal Hospital,12,Health Facility,6,Hub Hospital,0,,099 - 521111,FALSE,0,0,0,0,0,0,0,0,0,0,0,,,28.96378,80.18505,1,7,494114.6336,3243863.116,Bhimdatta Nagarpalika,418967.5304,3209017.722,8617.040429,10657.13138,10765.96503,9658.168007,8015.54215,7374.826923,6653.115863,5905.20581,5277.297945,4717.838617,7587.6175,3762.206948,3005.235468,2303.995375,1839.363125,1209.849541,8939.925099,9650.921285,7708.406668,5892.652605,5185.992168,4452.515609,4399.90193,4056.67707,4025.024815,3740.15087,7561.221865,3114.849953,2719.799191,2217.091074,1731.295741,1138.768448,76535.19439,88733.35968,10921.80441,12120.65046,165268.5541,23042.45486,0.139424315,0.142703033,0.136596321
1,2,,7,Sudoorpaschim Province,72,Kanchanpur,524 7 72 3 002,Bhimdatta Nagarpalika,Mahakali Hospital,10,Health Facility,18,Designated Hospital at Province,1,,099 - 521111,TRUE,0,0,0,0,0,0,0,0,0,0,0,,,28.96395,80.18549,2,7,494114.6336,3243863.116,Bhimdatta Nagarpalika,418967.5304,3209017.722,15329.62787,18829.3391,19079.15083,17157.11013,14244.31912,13108.04514,11897.24836,10541.72293,9417.399175,8363.431408,13479.45016,6681.995369,5328.140075,4129.666926,3287.509814,2162.374678,15878.06147,17157.12302,13744.30998,10638.85233,9318.266071,8058.477853,7980.398534,7389.931288,7289.906149,6710.132568,13467.86745,5589.485937,4839.51544,3978.831546,3121.900298,2053.445576,137216.5055,157706.9032,19583.1788,21589.68686,294923.4087,41172.86566,0.139605282,0.14271737,0.136897539
2,3,,7,Sudoorpaschim Province,74,Baitadi,524 7 74 3 004,Patan Nagarpalika,Baitadi District Hospital,12,Other Facilities,19,District Level Hospital,0,,,FALSE,0,0,0,0,0,0,0,0,0,0,0,,,29.46337,80.54996,3,7,494114.6336,3243863.116,Patan Nagarpalika,459106.5922,3257388.415,3951.765627,4638.712448,4332.431064,3877.195834,3330.920586,3141.23623,3055.815397,2660.947839,2362.717309,1873.713893,3351.109814,1531.186682,1253.689597,1085.590882,935.3906405,615.2574537,3991.977948,4118.600168,2978.614583,2637.273911,2331.064813,2234.261588,2326.530982,2207.634434,2151.856957,1802.564689,3244.364426,1444.099087,1208.799503,1031.191396,942.0592035,619.6441706,35270.53786,38045.91567,5245.79336,5421.115255,73316.45353,10666.90861,0.145491334,0.148730178,0.142488758
3,4,,7,Sudoorpaschim Province,73,Dadeldhura,524 7 73 3 002,Amargadhi Nagarpalika,Dadeldhura District Hospital,12,Other Facilities,19,District Level Hospital,0,,,FALSE,0,0,0,0,0,0,0,0,0,0,0,,,29.29925,80.58698,4,7,494114.6336,3243863.116,Amargadhi Nagarpalika,459504.6634,3239372.735,2122.101767,2458.607496,2564.803093,2364.159157,1977.597954,1818.039571,1750.860576,1524.212596,1356.831013,1130.163582,1873.496035,922.0569894,720.2767231,623.5924507,484.662155,318.788761,2191.053235,2375.752127,1968.035013,1705.435685,1430.606267,1313.956605,1327.317943,1274.972371,1198.291275,1018.093165,1913.23949,849.2500906,677.8456021,603.2898409,495.8601996,326.1545499,20669.15346,21888.14815,2952.400283,3069.377079,42557.30161,6021.777362,0.141498101,0.14284089,0.140230094
4,6,,7,Sudoorpaschim Province,71,Kailali,524 7 71 2 001,Dhangadhi Upamahanagarpalika,Seti Zonal Hospital,10,Health Facility,18,Designated Hospital at Province,1,,091-524281,TRUE,0,0,0,0,0,0,0,0,0,0,0,,,28.70354,80.5876,5,7,494114.6336,3243863.116,Dhangadhi Upamahanagarpalika,466275.1815,3174037.63,46092.23859,57155.29576,58066.99783,51968.44272,42764.73902,39335.73459,35421.97914,31654.32471,28044.58959,24897.74224,40720.12788,19989.09973,16077.16777,12282.58008,9688.787468,6372.844406,47907.12947,52130.95621,41670.66616,32061.18062,28166.04738,24355.71283,23854.70838,21856.95207,21503.52408,20044.07574,40792.71099,16613.13835,14530.28084,11846.33326,9224.408996,6067.401289,412625.2267,474440.4529,58281.56273,64410.47945,887065.6796,122692.0422,0.138312241,0.141245758,0.135760935
5,6,,7,Sudoorpaschim Province,71,Kailali,524 7 71 2 001,Dhangadhi Upamahanagarpalika,Seti Zonal Hospital,12,Health Facility,6,Hub Hospital,0,,091-524281,FALSE,0,0,0,0,0,0,0,0,1,0,1,,,28.70398,80.58783,6,7,494114.6336,3243863.116,Dhangadhi Upamahanagarpalika,466275.1815,3174037.63,46092.23859,57155.29576,58066.99783,51968.44272,42764.73902,39335.73459,35421.97914,31654.32471,28044.58959,24897.74224,40720.12788,19989.09973,16077.16777,12282.58008,9688.787468,6372.844406,47907.12947,52130.95621,41670.66616,32061.18062,28166.04738,24355.71283,23854.70838,21856.95207,21503.52408,20044.07574,40792.71099,16613.13835,14530.28084,11846.33326,9224.408996,6067.401289,412625.2267,474440.4529,58281.56273,64410.47945,887065.6796,122692.0422,0.138312241,0.141245758,0.135760935
6,7,,7,Sudoorpaschim Province,73,Dadeldhura,524 7 73 3 002,Amargadhi Nagarpalika,Far-west Sub Regional Hospital,12,Health Facility,6,Hub Hospital,0,,nan,FALSE,0,0,0,0,0,0,0,0,0,0,0,,,29.30507,80.59003,7,7,494114.6336,3243863.116,Amargadhi Nagarpalika,459504.6634,3239372.735,858.4781142,994.0110615,1018.786782,938.2134593,788.3558623,733.5118709,711.2300639,616.521413,553.531255,456.6639751,741.7192189,368.7526317,289.7898719,250.57812,199.4257539,131.1732065,882.5431501,955.0513153,764.328321,666.1830436,565.5108049,525.7071619,536.4889424,516.2908083,492.7978025,412.298178,755.5414951,343.7666318,275.7323008,245.7994705,204.9153821,134.7841272,8277.738936,8792.264546,1204.997912,1239.719584,17070.00348,2444.717496,0.143217164,0.145570901,0.14100117
7,8,,7,Sudoorpaschim Province,70,Doti,524 7 70 3 002,Dipayal Silgadi Nagarpalika,Doti District Hospital,12,Other Facilities,19,District Level Hospital,0,,,FALSE,0,0,0,0,0,0,0,0,0,0,0,,,29.27058,80.98797,8,7,494114.6336,3243863.116,Dipayal Silgadi Nagarpalika,496919.2117,3237197.049,3417.280135,4033.659566,4372.555002,3964.041346,3276.4203,2797.000814,2558.657219,2299.068707,1897.384981,1628.217495,3370.057541,1439.323943,1123.277245,980.0135802,702.5987283,462.137512,3568.300738,3796.698717,3669.920412,3060.577014,2479.111624,2144.99175,2037.448543,1890.441499,1609.650399,1530.770721,3358.739093,1230.571688,987.7215017,829.8890744,675.7889035,444.5035398,33315.12522,34904.41398,4168.474707,4707.351008,68219.5392,8875.825716,0.130106797,0.125122589,0.134864061
8,9,,7,Sudoorpaschim Province,71,Kailali,524 7 71 3 005,Tikapur Nagarpalika,Tikapur Hospital,12,Other Facilities,19,District Level Hospital,0,,091-560150,FALSE,0,0,0,0,0,0,0,0,0,0,0,,,28.53423,81.12064,9,7,494114.6336,3243863.116,Tikapur Nagarpalika,508474.4036,3150953.597,37872.11753,47227.35148,49035.72349,43279.96912,34121.29559,31356.26341,28050.31525,25845.65929,22013.32647,18771.12324,34090.69958,15623.00449,12949.33315,9658.919726,7166.066493,4713.512924,39496.6247,43864.41539,34811.8137,27748.71393,24195.77979,21652.86701,20446.59005,18347.61639,17379.45757,16278.40885,34993.55299,13291.30251,11697.25886,9521.803706,7289.198266,4794.506955,345809.9107,383902.5637,46594.0703,50110.83678,729712.4744,96704.90708,0.132524673,0.134738967,0.130530092
9,10,,7,Sudoorpaschim Province,67,Bajhang,524 7 67 3 002,JayaPrithivi Nagarpalika,Bajhang District Hospital,12,Other Facilities,19,District Level Hospital,0,,,FALSE,0,0,0,0,0,0,0,0,0,0,0,,,29.54773,81.19352,10,7,494114.6336,3243863.116,JayaPrithivi Nagarpalika,518588.1104,3267853.024,1263.152328,1396.815806,1879.119964,1861.624591,1588.917062,1559.841166,1316.409538,1069.085429,885.3453383,854.1484129,1131.002849,770.0480647,507.2500263,586.7864351,316.0146312,207.8600511,1196.016869,1922.342938,3458.733668,5293.967778,3148.804902,2557.468277,2172.524051,1716.207976,1325.157774,943.6630442,1122.549988,596.4688993,514.1149877,424.6304884,261.8695524,172.2460132,26826.76721,15930.26937,1969.329941,2387.959208,42757.03657,4357.289149,0.101908118,0.073409141,0.149900743
10,11,,7,Sudoorpaschim Province,69,Achham,524 7 69 3 002,Mangalsen Nagarpalika,Achham District Hospital,12,Other Facilities,19,District Level Hospital,0,,,FALSE,0,0,0,0,0,0,0,0,0,0,0,,,29.13507,81.25825,11,7,494114.6336,3243863.116,Mangalsen Nagarpalika,521900.2964,3219273.314,3534.459749,4666.330533,5857.570613,5474.1312,4443.243152,3627.878544,2998.528567,2423.623412,2029.12271,1594.036981,3173.397854,1241.463559,1019.642844,850.7951092,724.7078664,476.6798969,3936.311399,5290.197563,6725.109875,5280.500512,4359.339457,3436.068535,2802.60705,2203.609358,1865.766987,1452.512684,3332.449345,1087.681523,866.9054959,719.9744897,604.6557477,397.7153325,44361.40535,40601.15284,3676.932589,4313.289276,84962.55819,7990.221865,0.094044036,0.082885845,0.106235636
11,12,,5,Province 5,58,Bardiya,524 5 58 3 004,Gulariya Nagarpalika,Bardiya District Hospital,12,Other Facilities,19,District Level Hospital,0,,084-420125,FALSE,0,0,0,0,0,0,0,0,0,0,0,,,28.20326,81.34715,12,5,666016.6113,3104111.565,Gulariya Nagarpalika,533923.9448,3120615.609,14124.74844,16794.5859,16378.53179,14177.88354,11310.25833,10424.03335,9619.335347,8443.141306,7632.871882,6414.26844,13239.19604,5279.400852,4095.946369,2908.387695,2271.558131,1494.127635,14303.72036,13065.32353,9163.72927,7715.245494,6777.99709,6134.09591,6155.292888,6120.533131,6080.832313,5112.903829,13334.90504,4603.58974,3940.839596,3143.441552,2368.522755,1557.907741,109578.8802,130483.5266,15614.30138,16049.42068,240062.4068,31663.72207,0.131897878,0.142493712,0.122999593
12,13,,7,Sudoorpaschim Province,68,Bajura,524 7 68 3 002,Badimalika Nagarpalika,Bajura District Hospital,12,Other Facilities,19,District Level Hospital,0,,,FALSE,0,0,0,0,0,0,0,0,0,0,0,,,29.4593,81.48119,13,7,494114.6336,3243863.116,Badimalika Nagarpalika,548086.9473,3256022.688,1328.124766,1707.33799,2098.479892,2433.061646,1956.372054,1800.448985,1589.601192,1331.310122,1237.796459,1104.529978,1255.317196,803.603442,725.3514577,646.3506155,331.4958787,218.0429128,1405.452621,1734.207487,2864.17253,4388.587264,3164.933254,2616.501912,2372.936113,1737.956365,1509.682854,1123.337602,1306.091287,855.2883072,759.1782594,624.2528544,283.74423,186.634189,26932.95713,19239.09982,2709.09784,2724.844307,46172.05695,5433.942147,0.117688977,0.100586721,0.141630551
13,14,,6,Karnali Province,64,Kalikot,524 6 64 3 002,Khandachakra Nagarpalika,Kalikot District Hospital,12,Other Facilities,19,District Level Hospital,0,,,FALSE,0,0,0,0,0,0,0,0,0,0,0,,,29.14717,81.59306,14,6,624675.5246,3236600.744,Khandachakra Nagarpalika,565560.3995,3224822.334,688.6751817,802.9810145,863.6019955,727.192743,595.3664534,519.337201,465.3891531,380.5341581,323.7371139,270.7026589,686.0644392,217.8954296,166.4290291,127.7290083,84.54835284,55.61206204,718.9123862,704.7439152,688.9783581,568.6293997,456.9306003,402.8076434,378.2974379,325.1548294,293.8051371,248.5267521,681.5943371,197.71317,157.0430865,114.5653823,81.7448621,53.76809179,6073.215389,6287.120812,604.8345927,652.2138818,12360.3362,1257.048475,0.101700185,0.099590506,0.103738086
14,15,,6,Karnali Province,59,Surkhet,524 6 59 3 003,Birendranagar Nagarpalika,Mid-Western Regional Hospital,12,Health Facility,6,Hub Hospital,0,,083-520200,FALSE,0,0,0,0,0,0,0,0,0,0,0,,,28.60629,81.60094,15,6,624675.5246,3236600.744,Birendranagar Nagarpalika,562037.2156,3164091.418,143.184872,162.550537,187.2458561,178.712694,149.0540426,120.0745077,99.06682416,77.87017096,62.38277835,51.60613134,138.9089372,38.5582516,31.00432253,23.14534234,14.88791783,9.792596045,154.3685796,180.2246692,205.7627591,182.5454816,151.5168337,127.6384167,103.3200181,82.43619523,64.41251343,51.77525736,145.3185228,41.28906821,33.65250076,24.74414354,16.12426126,10.60581449,1575.735035,1344.86091,126.4157883,117.3884303,2920.595945,243.8042186,0.083477558,0.080226552,0.08728667
15,16,,6,Karnali Province,61,Dailekh,524 6 61 3 003,Dullu Nagarpalika,Dullu Hospital,12,Other Facilities,19,District Level Hospital,0,,,FALSE,0,0,0,0,0,0,0,0,0,0,0,,,28.85305,81.60363,16,6,624675.5246,3236600.744,Dullu Nagarpalika,559180.1944,3189503.087,2731.170326,3491.232259,3669.659486,3126.615448,2528.118388,2263.852495,2047.572784,1725.024494,1464.46915,1263.856466,2532.096456,993.9223275,777.8645386,590.1198836,438.8450405,288.6523091,2898.490375,3058.192178,2677.76035,2133.981356,1758.330423,1618.138921,1552.406605,1385.112676,1259.768622,1106.478987,2552.270137,836.6659585,708.344728,534.9791324,432.0843954,284.205669,24797.21051,27201.90153,2796.279883,3089.404099,51999.11204,5885.683983,0.113188163,0.112765905,0.113573093
16,17,,6,Karnali Province,59,Surkhet,524 6 59 3 003,Birendranagar Nagarpalika,Surkhet Hospital,10,Health Facility,18,Designated Hospital at Province,0,,083-525417,TRUE,0,0,0,0,0,0,0,0,0,0,0,,,28.59539,81.60827,17,6,624675.5246,3236600.744,Birendranagar Nagarpalika,562037.2156,3164091.418,6038.904092,6924.413599,7925.607853,7479.732059,6223.316532,5034.58332,4178.029018,3287.924362,2646.060048,2191.071037,5935.725029,1656.994098,1321.013754,977.2159514,630.4421916,414.6762314,6547.943037,7507.647618,8529.697072,7533.692592,6243.62503,5259.039218,4288.146598,3419.361207,2696.263246,2175.964704,6188.467692,1738.391233,1412.099952,1031.537114,677.1177339,445.3776104,65694.37166,56826.80508,5304.523643,5000.342226,122521.1767,10304.86587,0.084106814,0.080745481,0.087992669
17,19,,5,Province 5,57,Banke,524 5 57 2 001,Nepalgunj Upamahanagarpalika,Bheri Zonal Hospital,12,Health Facility,6,Hub Hospital,0,,081-520120,FALSE,0,0,0,0,0,0,0,0,0,0,0,,,28.05304,81.6197,19,5,666016.6113,3104111.565,Nepalgunj Upamahanagarpalika,563481.8301,3104062.211,23748.36748,28967.31273,31584.23673,26740.25319,21641.73667,18807.3775,16473.70906,14173.57671,12564.38545,10970.26466,22941.22193,8569.005474,6710.364633,4960.701238,3757.771055,2471.691114,24408.67324,24560.09211,21131.74577,16916.00119,14053.14281,12397.59488,11574.43115,10512.9895,10235.68431,9214.853998,23000.55206,7558.98294,6511.697226,5101.253824,3832.411069,2520.787692,203530.8938,231333.6081,25525.13275,26469.53351,434864.5019,51994.66627,0.119565212,0.125411589,0.114421479
18,20,,6,Karnali Province,61,Dailekh,524 6 61 3 004,Narayan Nagarpalika,Dailekh Hospital,10,Health Facility,18,Designated Hospital at Province,1,,089-420127,TRUE,0,0,0,0,0,0,0,0,0,0,0,,,28.82714,81.71029,20,6,624675.5246,3236600.744,Narayan Nagarpalika,572081.5821,3192912.901,3264.009671,4146.583257,4341.543381,3698.244834,2993.143936,2680.904297,2427.991768,2046.008522,1734.963282,1500.782411,3018.457094,1179.733988,921.9800567,697.4461541,515.0166186,338.754509,3447.424982,3613.069505,3130.594552,2504.900495,2065.357524,1911.266448,1839.221771,1646.666393,1494.196506,1316.009014,3042.190425,997.7811656,845.3097629,636.1237773,510.2004537,335.5868971,29335.89967,32241.55411,3325.002056,3652.931327,61577.45378,6977.933383,0.113319615,0.113342427,0.11329886
19,21,,6,Karnali Province,66,Humla,524 6 66 4 002,Simkot Gaunpalika,Humla District Hospital,12,Other Facilities,19,District Level Hospital,0,,,FALSE,0,0,0,0,0,0,0,0,0,0,0,,,29.96739,81.8209,21,6,624675.5246,3236600.744,Simkot Gaunpalika,588799.2646,3333523.016,347.1078476,406.6913059,408.8659826,354.0437967,281.8267897,260.5849386,237.2468724,210.2359807,171.9555165,144.8532556,329.0622075,114.5483,99.03107174,70.74981915,52.28774221,34.3925007,350.0006626,294.7229521,239.0028765,216.2457206,180.7345902,164.7309025,160.7142762,150.6126548,145.5768485,123.6261243,330.4973983,108.3461816,88.33723229,78.47823931,60.12243067,39.54583313,2731.294924,3176.37608,374.829917,371.0094338,5907.671004,745.8393508,0.126249304,0.137235241,0.116802741
20,22,,6,Karnali Province,65,Mugu,524 6 65 3 001,Chhayanath Rara Nagarpalika,Mugu District Hospital,12,Other Facilities,19,District Level Hospital,0,,087-460161,FALSE,0,0,0,0,0,0,0,0,0,0,0,,,29.54719,82.15641,22,6,624675.5246,3236600.744,Chhayanath Rara Nagarpalika,613195.1694,3267603.193,378.5104047,392.6261422,402.0820582,333.9577393,275.5568375,234.1220625,208.9624668,170.1602008,132.6510928,104.5939795,400.5827694,92.02731237,58.61534252,41.6149394,19.28790942,12.68670958,382.3865372,349.7251025,389.24093,343.4299325,268.7418474,235.0118828,197.633958,161.4193743,138.3135682,105.9912482,389.8488026,95.60776004,62.77608276,43.78833218,21.61546762,14.21768211,3199.748508,2879.527562,238.0053247,224.2322133,6079.276071,462.237538,0.076034964,0.07438251,0.077871181
21,23,,6,Karnali Province,53,Salyan,524 6 53 3 003,Sharada Nagarpalika,Salyan District Hospital,12,Other Facilities,19,District Level Hospital,0,,088-520054,FALSE,0,0,0,0,0,0,0,0,0,0,0,,,28.37226,82.17246,23,6,624675.5246,3236600.744,Sharada Nagarpalika,613877.9611,3140043.76,4187.142045,4692.315953,5339.936565,4685.497435,3853.966414,3091.630438,2598.458174,1967.369409,1581.58161,1294.227859,4431.259809,1075.407855,792.9842305,525.8405453,302.9885731,199.2921131,4523.473274,4558.008501,5597.893147,4834.72736,3922.714246,3208.485014,2659.217353,1966.983985,1571.251664,1272.733324,4542.571324,1033.022426,779.4777577,500.5039474,307.4654399,202.2369302,41480.76569,36432.75698,2822.706501,2896.513317,77913.52267,5719.219818,0.073404714,0.068048563,0.079502996
22,25,,6,Karnali Province,63,Jumla,524 6 63 3 001,Chandannath Nagarpalika,Karnali Academy of Health Science,12,Health Facility,6,Hub Hospital,0,,01-5525322,FALSE,0,0,0,0,0,0,0,0,0,0,0,,,29.28291,82.1831,25,6,624675.5246,3236600.744,Chandannath Nagarpalika,611912.7639,3241232.711,2088.217631,2219.496224,2224.360273,1972.632329,1540.052611,1379.433048,1224.543036,994.0644976,858.6370664,746.7936838,2209.614665,570.0478232,433.1610212,306.7903682,186.8295044,122.8879646,2131.607524,1597.727295,1388.042687,1214.080566,1040.048397,922.487374,897.5856788,787.9415904,683.4678721,636.1627148,2214.271575,503.7731828,409.0408615,298.7999485,182.0304468,119.7314346,15026.79915,16989.34412,1513.375874,1619.716682,32016.14326,3133.092556,0.097859774,0.100711792,0.095337211
23,26,,6,Karnali Province,60,Jajarkot,524 6 60 3 002,Bheri Nagarpalika,Jajarkot Hospital,12,Other Facilities,19,District Level Hospital,0,,089-430188,FALSE,0,0,0,0,0,0,0,0,0,0,0,,,28.69542,82.21246,26,6,624675.5246,3236600.744,Bheri Nagarpalika,613610.6469,3175016.968,3541.860037,4236.212947,4630.155134,4235.784876,3499.968789,2860.956374,2465.969109,1925.840231,1496.047141,1283.285901,3359.871329,1007.999178,777.4294971,550.8261151,332.5177657,218.7150802,3766.79119,4105.505549,4501.670993,4004.810515,3304.93589,2857.618491,2412.820664,1974.321882,1475.855701,1249.387282,3454.344812,1019.268068,840.2433353,579.9634824,347.129062,228.3258895,36122.99281,32881.57947,3014.929837,2887.487636,69004.57227,5902.417473,0.085536614,0.083462903,0.087814749
24,27,,5,Province 5,56,Dang,524 5 56 2 001,Tulsipur Upamahanagarpalika,Rapti Zonal Hospital,12,Health Facility,6,Hub Hospital,0,,082-521624,FALSE,0,0,0,0,0,0,0,0,0,0,0,,,28.12754,82.25829,27,5,666016.6113,3104111.565,Tulsipur Upamahanagarpalika,628323.0226,3110251.99,13096.71605,14011.84588,14382.24711,12504.31374,9974.34133,8539.914208,7013.658803,5679.297208,4531.459816,3982.312146,13271.27992,3106.792051,2243.901622,1306.510182,725.9483238,477.4958402,13441.3331,13107.75536,14313.68775,11955.65471,9939.049334,8644.217471,7205.580123,5687.669603,4848.828353,4062.770171,13225.85305,3081.698489,2333.071306,1325.931983,778.6191635,512.1406785,114463.8606,101751.3182,8031.46162,7860.648019,216215.1788,15892.10964,0.07350136,0.070165916,0.077253525
25,28,,5,Province 5,56,Dang,524 5 56 2 002,Ghorahi Upamahanagarpalika,Dang Hospital,12,Other Facilities,19,District Level Hospital,0,,082-530072,FALSE,0,0,0,0,0,0,0,0,0,0,0,,,28.05761,82.40301,28,5,666016.6113,3104111.565,Ghorahi Upamahanagarpalika,645195.3928,3100665.243,4518.909496,4793.147279,4863.464516,4226.945126,3359.689709,2896.749971,2370.502258,1931.076896,1536.164283,1359.820352,4550.667476,1054.340643,758.8284293,433.3836942,237.4481708,156.1826249,4603.315378,4474.296152,4837.306203,4027.340687,3357.915227,2940.572445,2449.378664,1943.875729,1663.736036,1396.627183,4522.359284,1051.737046,794.6627901,443.2680236,256.9556085,169.0138477,38932.3603,34528.41143,2715.637316,2640.183562,73460.77173,5355.820878,0.072907223,0.069752702,0.07646409
26,29,,6,Karnali Province,77,Rukum West,524 6 52 3 003,Musikot Nagarpalika,Rukum District Hospital,12,Other Facilities,19,District Level Hospital,0,,088-530115,FALSE,0,0,0,0,0,0,0,0,0,0,0,,,28.64161,82.45267,29,6,624675.5246,3236600.744,Musikot Nagarpalika,644561.7904,3165812.573,3550.75526,4356.95077,4550.951901,4054.486181,3301.499547,2752.894499,2428.553884,1824.054878,1337.881166,1185.837122,3294.050636,950.8000605,732.7783364,481.3828443,244.5017546,160.8221391,3750.835617,4139.021667,4487.498799,4170.399734,3395.610524,2978.754813,2471.530928,1971.918885,1349.328934,1154.739004,3325.110541,935.3955486,802.1843256,522.1959793,273.3934956,179.8259519,35907.74475,31657.44572,2712.995301,2570.285135,67565.19047,5283.280436,0.078195301,0.0755546,0.081190541
27,31,,5,Province 5,56,Dang,524 5 56 2 002,Ghorahi Upamahanagarpalika,Rapti Sub-Regional Hospital,12,Health Facility,6,Hub Hospital,0,,1,FALSE,0,0,0,0,0,0,0,0,0,0,0,,,28.03774,82.49195,31,5,666016.6113,3104111.565,Ghorahi Upamahanagarpalika,645195.3928,3100665.243,9725.705836,10282.49743,10442.25418,9077.877261,7223.582231,6226.616429,5097.216597,4150.439649,3304.451405,2922.479855,9775.106201,2275.9774,1638.969834,940.3291839,515.3756474,338.9906988,9880.102676,9587.400853,10374.77143,8648.342138,7206.830479,6309.135348,5252.235504,4170.609119,3565.622527,2994.787459,9715.734939,2257.619689,1706.49603,955.9863038,553.1980183,363.8687864,83542.7413,74212.16401,5837.168827,5709.642764,157754.9053,11546.81159,0.073194628,0.069870449,0.076936751
28,32,,5,Province 5,54,Rolpa,524 5 54 3 001,Rolpa Nagarpalika,Rolpa District Hospital,12,Other Facilities,19,District Level Hospital,0,,,FALSE,0,0,0,0,0,0,0,0,0,0,0,,,28.32209,82.61626,32,5,666016.6113,3104111.565,Rolpa Nagarpalika,659402.0017,3135632.415,6056.059036,6995.62114,7786.914451,7233.238835,6003.480933,4938.320018,3979.985762,3002.55973,2171.431145,1861.283051,6392.474301,1526.898797,1162.064783,862.1427722,474.9831583,312.4223371,6695.982879,7314.240028,8860.341424,7970.912738,6603.391046,5626.584684,4459.21359,3514.136253,2466.900489,1917.92288,6565.317537,1646.088743,1220.949117,939.0116869,521.9038254,343.2848718,66666.18179,54703.82121,4671.238244,4338.511847,121370.003,9009.750091,0.074233747,0.070069083,0.079309119
29,33,,5,Province 5,55,Pyuthan,524 5 55 3 002,Pyuthan Nagarpalika,Pyuthan Hospital,12,Other Facilities,19,District Level Hospital,0,,086-460010,FALSE,0,0,0,0,0,0,0,0,0,0,0,,,28.10389,82.85389,33,5,666016.6113,3104111.565,Pyuthan Nagarpalika,681814.6331,3112500.108,9526.749741,11237.38104,11843.91687,10757.5138,8817.632332,7392.068336,6109.707625,4713.73526,3809.595903,3083.358035,9336.848401,2476.768106,1792.862091,1195.159079,680.2228053,447.4196698,10023.91772,10132.73987,10855.50127,9959.130196,8487.680477,7445.854056,6050.419729,4859.981693,3791.720544,3131.816575,9414.691962,2430.928315,1933.318143,1183.179261,684.092167,449.965063,90834.93705,83694.18936,6681.482949,6592.431751,174529.1264,13273.9147,0.076055584,0.073556312,0.078768094
30,34,,6,Karnali Province,62,Dolpa,524 6 62 3 002,Thuli Bheri Nagarpalika,Dolpa District Hospital,12,Other Facilities,19,District Level Hospital,0,,087-550110,FALSE,0,0,0,0,0,0,0,0,0,0,0,,,28.95752,82.89078,34,6,624675.5246,3236600.744,Thuli Bheri Nagarpalika,681966.6997,3201888.122,221.5277718,237.7648868,248.3895099,232.6772268,207.3924433,165.9821217,139.8519808,109.4445617,85.15122634,76.98400658,247.8326248,62.03250451,47.96790748,35.11922641,18.35499073,12.0730783,245.3964815,253.2936917,279.954121,269.8702168,215.8965134,196.7494209,152.831013,126.2656456,90.98402078,79.11450829,253.7882335,69.66694752,57.42540605,41.82919969,22.62340979,14.88066156,2370.569491,1927.018296,206.4256246,175.5477074,4297.587787,381.973332,0.088880868,0.087078495,0.091098101
31,35,,5,Province 5,49,Kapilbastu,524 5 49 3 006,Kapilbastu Nagarpalika,Taulihawa District Hospital,12,Other Facilities,19,District Level Hospital,0,,076-560200,FALSE,0,0,0,0,0,0,0,0,0,0,0,,,27.54365,83.05642,35,5,666016.6113,3104111.565,Kapilbastu Nagarpalika,704595.2638,3050616.753,41842.64486,47419.26596,51563.02573,44572.69114,37279.79003,31635.85289,25833.52954,20339.00012,15555.42416,13128.31288,40633.34599,11789.75534,8480.591025,6395.64653,4065.779723,2674.284966,45115.19881,45343.02588,47964.29974,43058.6175,36809.76468,31717.90772,26246.21578,20874.27493,15753.29405,12879.58842,42167.99764,10993.91491,8437.913353,6263.346987,4001.7439,2632.167111,400259.2714,361366.296,32329.08626,33406.05758,761625.5674,65735.14384,0.086309004,0.080770362,0.092443756
32,36,,5,Province 5,50,Arghakhanchi,524 5 50 3 002,Sandhikharka Nagarpalika,Arghakhanchi District Hospital,12,Other Facilities,19,District Level Hospital,0,,,FALSE,0,0,0,0,0,0,0,0,0,0,0,,,27.9646,83.12642,36,5,666016.6113,3104111.565,Sandhikharka Nagarpalika,710270.2953,3096140.786,7126.072852,7401.815839,8021.804823,6940.590244,5864.106917,4961.15418,4160.780172,3311.952921,2753.126981,2345.384512,7769.402263,2308.141728,1710.308347,1180.769353,650.3614361,427.7782101,7430.110828,6504.030212,7703.218791,6872.998052,5374.128388,4548.209751,3627.726616,2960.347732,2348.329259,2073.753318,7795.78932,1677.328257,1300.154415,913.1993298,490.7574511,322.7981676,61942.87989,59807.47793,4704.23762,6277.359074,121750.3578,10981.59669,0.090197654,0.075944768,0.104959435
33,37,,5,Province 5,51,Gulmi,524 5 51 3 002,Resunga Nagarpalika,Tamghas Hospital,12,Other Facilities,19,District Level Hospital,0,,079-540024,FALSE,0,0,0,0,0,0,0,0,0,0,0,,,28.06831,83.24828,37,5,666016.6113,3104111.565,Resunga Nagarpalika,721936.3104,3106770.136,7040.418598,8002.423677,8594.087395,7465.522586,6012.378033,5123.593276,4223.52607,3288.044331,2487.16561,2125.936555,7231.551895,1984.72588,1406.275444,1019.44628,549.1141671,361.182334,7567.081945,7749.668768,9060.98751,8293.855598,6303.97005,5425.277383,4206.261154,3397.193136,2425.335339,2070.688842,7356.520618,1756.625997,1347.658117,932.0522819,529.3310246,348.1701476,68770.67791,59874.97353,4913.837568,5320.744105,128645.6514,10234.58167,0.079556375,0.07145251,0.088864241
34,38,,5,Province 5,51,Gulmi,524 5 51 3 002,Resunga Nagarpalika,Tamghas Hospital,10,Health Facility,18,Designated Hospital at Province,1,,079-540024,TRUE,0,0,0,0,0,0,0,0,0,0,0,,,28.06831,83.24872,38,5,666016.6113,3104111.565,Resunga Nagarpalika,721936.3104,3106770.136,1813.935699,2163.619472,2377.608659,2061.235871,1665.052786,1394.886831,1135.497789,867.6979943,637.7179335,553.6253254,1772.452325,502.7111285,356.1090674,272.6669553,147.7072377,97.15510265,1989.953138,2132.413943,2550.70621,2394.149,1790.575613,1522.721925,1153.171018,925.7398193,617.8698014,532.7170754,1835.051773,454.8869495,357.7922419,254.0908252,145.707136,95.83960479,18753.38607,16005.74448,1308.316757,1376.349492,34759.13055,2684.666249,0.077236289,0.069764295,0.08599097
35,39,,5,Province 5,48,Rupandehi,524 5 48 2 001,Butwal Upamahanagarpalika,Lumbini Zonal Hospital,12,Health Facility,6,Hub Hospital,0,,071-540200,FALSE,0,0,0,0,0,0,0,0,0,0,0,,,27.69775,83.46417,39,5,666016.6113,3104111.565,Butwal Upamahanagarpalika,739953.661,3065132.571,48000.01023,49361.87506,54197.46941,45112.53958,38492.27696,33578.74386,27685.18154,23667.24896,18744.25999,16121.99269,50740.13081,14008.90503,11652.49868,8478.604724,5224.544683,3436.468006,50092.46014,46007.25049,45938.14288,41088.92139,38546.97065,33682.29567,28961.95261,24477.59966,19324.79721,16432.20731,50332.96531,12929.20951,10683.40888,7424.67317,5073.320897,3337.002252,434333.178,400502.74,39447.61471,42801.02112,834835.918,82248.63583,0.09852072,0.090823397,0.106868235
36,40,,5,Province 5,48,Rupandehi,524 5 48 2 001,Butwal Upamahanagarpalika,Lumbini Zonal Hospital,10,Health Facility,18,Designated Hospital at Province,1,,071-540200,TRUE,0,0,0,0,0,0,0,0,0,0,0,,,27.6977,83.46437,40,5,666016.6113,3104111.565,Butwal Upamahanagarpalika,739953.661,3065132.571,652.2350338,661.2264568,740.6668705,613.4113133,528.1904295,461.1902919,380.8944687,334.1938299,264.2856468,230.5623539,699.543497,190.7437533,162.1088809,113.7193972,71.05504904,46.73678043,678.0673982,630.9351907,620.6697782,550.9841289,531.0032068,477.3984072,411.064866,358.2279791,280.50119,241.7550594,682.8302706,182.0866381,157.89116,106.8136385,75.38727101,49.58635479,6035.202538,5498.529019,571.7650624,584.363861,11533.73156,1156.128923,0.100238931,0.094738339,0.106276398
37,41,,5,Province 5,46,Palpa,524 5 46 3 001,Tansen Nagarpalika,Palpa District Hospital,12,Other Facilities,19,District Level Hospital,0,,,FALSE,0,0,0,0,0,0,0,0,0,0,0,,,27.86621,83.54193,41,5,666016.6113,3104111.565,Tansen Nagarpalika,748166.9798,3084981.476,12280.67529,12601.191,13371.66559,11320.06001,9639.400385,8188.350521,7035.937102,5740.875067,4575.476932,3907.379096,13301.17411,3785.926601,3041.524357,2398.709934,1423.440434,936.274396,12796.29669,12102.65315,12102.69886,10494.66096,9188.304728,7967.481772,6628.412069,5501.419745,4442.945953,3748.827022,13316.82964,3085.415638,2491.087631,1917.467654,1192.207072,784.1802179,107760.8888,101267.3855,9470.358213,11585.87572,209028.2743,21056.23393,0.100733903,0.087883074,0.114408757
38,43,,4,Gandaki Province,44,Myagdi,524 4 44 3 001,Beni Nagarpalika,Myagdi District Hospital,12,Other Facilities,19,District Level Hospital,0,,069-520525,FALSE,0,0,0,0,0,0,0,0,0,0,0,,,28.35067,83.56662,43,4,798892.1327,3146247.919,Beni Nagarpalika,748346.8916,3138893.879,3566.724855,3449.58319,4091.375687,3420.32718,2958.155043,2764.146133,2200.278881,1812.182925,1409.716847,1136.380998,4357.43708,1075.911365,656.0320609,347.9391336,170.5009821,112.1477922,3417.373037,3289.38313,4829.416135,5243.870367,3880.301813,3492.005547,2722.685028,2068.44309,1564.679077,1328.164025,4097.882623,1008.018558,589.3337612,313.7184817,163.7369228,107.6987888,38116.71039,29962.1153,2182.506513,2362.531334,68078.82568,4545.037847,0.066761402,0.057258522,0.078850619
39,44,,4,Gandaki Province,43,Baglung,524 4 43 3 003,Baglung Nagarpalika,Dhaulagiri Zonal Hospital,12,Health Facility,6,Hub Hospital,0,,068-520188,FALSE,0,0,0,0,0,0,0,0,0,0,0,,,28.26864,83.60035,44,4,798892.1327,3146247.919,Baglung Nagarpalika,754715.0063,3127223.525,5943.285805,6224.484495,6173.615728,5399.727971,4158.188096,3782.153256,3206.22192,2606.717904,1999.270848,1634.804204,6684.54939,1588.539103,1077.272535,679.430781,353.6439937,232.6109515,6145.32002,6077.008729,6548.013053,5567.494967,4426.862749,4022.112498,3310.367634,2711.232593,2189.974115,1784.555478,6562.748571,1531.18185,1078.741896,678.5690625,389.6738036,256.3098974,53280.16692,45801.23118,3934.476509,3931.497364,99081.39809,7865.973873,0.079389008,0.073845048,0.085838246
40,45,,4,Gandaki Province,43,Baglung,524 4 43 3 003,Baglung Nagarpalika,Dhaulagiri Zonal Hospital,10,Health Facility,18,Designated Hospital at Province,1,Dr.Shailendra Pokhrel,9851176425,TRUE,0,0,0,0,0,0,0,0,0,0,0,,,28.26823,83.60075,45,4,798892.1327,3146247.919,Baglung Nagarpalika,754715.0063,3127223.525,14.05486792,16.55925331,16.29410952,14.28902823,10.95695269,10.00168042,8.504529774,6.923310786,5.319971815,4.342300303,17.86340129,4.214719854,2.882505853,1.823396899,0.947400667,0.623157118,16.38191247,16.15539014,17.16750872,14.4734911,11.56680167,10.54525399,8.731373772,7.151893452,5.839460626,4.738321424,17.52921996,4.072179355,2.883848086,1.812448319,1.044414563,0.686968917,140.7804866,121.5457185,10.49985924,10.49118039,262.3262051,20.99103963,0.080018844,0.0745832,0.086314685
41,46,,4,Gandaki Province,42,Parbat,524 4 42 3 001,Kushma Nagarpalika,Parbat District Hospital,12,Other Facilities,19,District Level Hospital,0,,,FALSE,0,0,0,0,0,0,0,0,0,0,0,,,28.21175,83.67557,46,4,798892.1327,3146247.919,Kushma Nagarpalika,765376.9162,3125826.338,5097.92674,5340.942816,5616.417952,4828.734907,3880.804237,3399.339886,2831.175493,2285.846579,1766.208601,1451.583249,5838.637408,1531.876765,947.6384866,592.8881215,306.1775752,201.3896901,5370.190531,5298.734741,6326.516578,5658.836208,4396.250451,3895.083385,3069.831986,2533.116157,1863.982775,1609.679807,5772.70125,1385.783645,918.8461975,575.4251574,326.3252069,214.6420465,49215.94612,40819.66177,3421.022254,3579.970639,90035.60789,7000.992892,0.077758045,0.069510444,0.087702114
42,47,,4,Gandaki Province,45,Mustang,524 4 45 4 004,Gharapjhong Gaunpalika,Mustang District Hospital,12,Other Facilities,19,District Level Hospital,0,,069-440291,FALSE,0,0,0,0,0,0,0,0,0,0,0,,,28.78531,83.72948,47,4,798892.1327,3146247.919,Gharapjhong Gaunpalika,766194.6631,3184628.536,205.5776044,200.3029957,205.4584131,184.080749,145.5717128,127.6140756,105.3226764,84.63269978,59.12651517,48.13914992,255.9880167,46.81267371,29.35408042,15.94534255,6.698018298,4.405652124,213.0843443,197.2236115,246.4133258,229.2340518,169.5100034,157.9292133,123.745928,102.5419714,75.02800952,62.50486513,247.6149525,47.16607044,31.33903289,18.32920303,9.049282258,5.952210831,1936.666076,1519.452771,111.8357994,103.2157671,3456.118847,215.0515665,0.062223429,0.057746558,0.067929566
43,48,,4,Gandaki Province,41,Syangja,524 4 41 3 001,Putalibazar Nagarpalika,Syangja District Hospital,12,Other Facilities,19,District Level Hospital,0,,063-420239,FALSE,0,0,0,0,0,0,0,0,0,0,0,,,28.10505,83.8739,48,4,798892.1327,3146247.919,Putalibazar Nagarpalika,784250.4479,3111491.988,8309.201213,7618.414969,7783.229845,7053.59188,6004.987863,5101.697083,4368.14257,3644.296658,2802.080998,2341.822827,9675.432706,2492.073083,1940.663,1607.968201,770.5884095,506.8580162,8639.467906,7735.284914,8045.737921,7184.621398,5819.703102,5132.387937,4062.373773,3302.553843,2627.665934,2222.916649,9681.439988,1780.339174,1508.304631,1025.990018,616.7503234,405.6706322,69791.20815,63711.84811,5337.054779,7318.150709,133503.0563,12655.20549,0.094793377,0.076471735,0.114863262
44,51,,4,Gandaki Province,39,Kaski,524 4 39 1 001,Pokhara Lekhnath Mahanagarpalika,Pokhara Health Science Academy,12,Health Facility,6,Hub Hospital,0,,061-522674,FALSE,0,0,0,0,0,0,0,0,0,0,0,,,28.21347,83.99631,51,4,798892.1327,3146247.919,Pokhara Lekhnath Mahanagarpalika,793424.8985,3124142.01,18674.70567,18359.68832,19955.38536,17044.07826,14180.75504,12035.70871,9964.417175,7610.923132,6937.555894,5324.799991,22194.21427,7503.753334,3871.083073,2182.074158,1087.194807,715.1073316,19597.42692,18467.88312,24174.70237,23106.00987,18117.0103,15906.04696,12546.27362,10285.63556,6793.288605,6773.994705,22237.04458,6535.250063,3590.396205,2012.317991,1238.457204,814.6014702,192196.3395,148966.7389,14191.02293,15359.2127,341163.0784,29550.23564,0.08661616,0.073836073,0.10310498
45,54,,4,Gandaki Province,47,Nawalparasi East,524 4 47 3 002,Kawasoti Nagarpalika,Nawalpur Hospital,12,Other Facilities,19,District Level Hospital,0,,078-540531,FALSE,0,0,0,0,0,0,0,0,0,0,0,,,27.64556,84.1302,54,4,798892.1327,3146247.919,Kawasoti Nagarpalika,808025.8343,3061414.806,12214.87917,12688.51858,13320.33967,11240.85805,9404.314898,8187.615164,6727.638925,5434.251975,4302.363914,3576.945719,12384.39337,3487.47251,2780.438993,2195.910022,1293.336075,850.6977146,12645.02996,11265.08506,11632.25356,10582.85208,9325.55585,7664.961577,6529.394912,5132.005227,4120.327803,3387.720335,12686.88383,2974.461988,2189.424067,1632.985528,1019.645266,670.6768076,103459.2638,97875.09558,8487.193657,10607.85531,201334.3594,19095.04897,0.094842475,0.082034159,0.108381558
46,55,,4,Gandaki Province,38,Manang,524 4 38 4 003,Chame Gaunpalika,Manang District Hospital,12,Other Facilities,19,District Level Hospital,0,,,FALSE,0,0,0,0,0,0,0,0,0,0,0,,,28.55043,84.23828,55,4,798892.1327,3146247.919,Chame Gaunpalika,818424.583,3158888.291,15.51663962,14.04133103,13.23522791,12.89955284,11.1882379,9.673085455,7.846448154,6.688341248,5.201798222,4.287249828,17.84037653,4.141624534,3.365223108,2.687323055,1.286693362,0.846328423,15.84352767,14.22306833,14.33836325,14.6433097,11.91311092,10.7926708,8.396150094,7.032927873,5.344558794,4.709431375,17.37180999,3.866982426,3.023545514,2.128000777,1.162761157,0.764812005,135.5550307,115.2288416,10.94610188,12.32719248,250.7838723,23.27329436,0.092802197,0.080750245,0.106980096
47,56,,4,Gandaki Province,40,Tanahu,524 4 40 3 002,Byas Nagarpalika,Tanahun District Hospital,12,Other Facilities,19,District Level Hospital,0,,,FALSE,0,0,0,0,0,0,0,0,0,0,0,,,27.97262,84.26516,56,4,798892.1327,3146247.919,Byas Nagarpalika,823086.1751,3103019.655,11183.24741,10921.64123,10834.4767,9621.376931,8118.126738,6894.838227,5925.147109,4929.705473,3710.332447,3059.063159,12829.70944,3425.329603,2755.682585,2275.329369,1055.581848,694.3137772,11609.58043,10130.61782,11166.25408,10505.94776,7968.790294,7062.150338,5290.276132,4695.697498,3496.328738,2984.60162,12553.16912,2701.937043,2058.164048,1618.870951,902.2430189,593.4548691,95338.08376,87050.65464,7874.669931,10206.23718,182388.7384,18080.90711,0.099133901,0.082597317,0.117244807
48,58,,3,Bagmati Province,35,Chitawan,524 3 35 1 001,Bharatpur Mahanagarpalika,Bharatpur Hospital,12,Health Facility,6,Hub Hospital,0,,056-527959,FALSE,0,0,0,0,0,0,0,0,0,0,0,,,27.65695,84.40728,58,3,941223.5822,3069647.392,Bharatpur Mahanagarpalika,833903.6539,3063333.004,28018.21425,25085.9688,29267.63685,30122.49258,27164.31335,23203.03018,18784.56586,15305.61334,11720.69107,10495.4113,31217.41921,8294.121373,6444.885941,4726.84932,2311.264619,1520.244816,30472.76213,27842.30667,29642.93031,28345.84804,24016.27274,22936.56366,18554.5387,16150.97463,12440.69123,11179.38281,31702.99514,8863.838094,6656.268226,4755.727595,2426.926285,1596.322933,277584.3492,245664.5086,24299.08313,23297.36607,523248.8578,47596.4492,0.090963312,0.087537656,0.094834074
49,61,,4,Gandaki Province,36,Gorkha,524 4 36 3 002,Gorkha Nagarpalika,Gorkha District Hospital,12,Other Facilities,19,District Level Hospital,0,,064-420208,FALSE,0,0,0,0,0,0,0,0,0,0,0,,,27.99491,84.62794,60,4,798892.1327,3146247.919,Gorkha Nagarpalika,854081.8693,3100535.074,12320.93285,11789.58508,12908.83133,10793.17499,9176.36496,7942.608338,6628.635704,5757.437505,4265.924867,3586.343028,15063.10852,4139.248145,2428.781539,1481.299299,772.2950151,507.9805496,13199.01261,12203.76533,15001.87383,13973.79857,10867.6661,9589.688818,7448.088042,6768.468689,4899.879842,4181.949491,14757.05743,3705.750437,2222.41551,1458.475195,789.9019459,519.5619683,121587.3538,97241.61887,8696.105057,9329.604548,218828.9727,18025.7096,0.082373506,0.07152146,0.095942505
50,61,,4,Gandaki Province,36,Gorkha,524 4 36 3 002,Gorkha Nagarpalika,Gorkha Hospital,10,Health Facility,18,Designated Hospital at Province,1,,064-420208,TRUE,0,0,0,0,0,0,0,0,0,0,0,,,27.99464,84.62814,61,4,798892.1327,3146247.919,Gorkha Nagarpalika,854081.8693,3100535.074,12320.93285,11789.58508,12908.83133,10793.17499,9176.36496,7942.608338,6628.635704,5757.437505,4265.924867,3586.343028,15063.10852,4139.248145,2428.781539,1481.299299,772.2950151,507.9805496,13199.01261,12203.76533,15001.87383,13973.79857,10867.6661,9589.688818,7448.088042,6768.468689,4899.879842,4181.949491,14757.05743,3705.750437,2222.41551,1458.475195,789.9019459,519.5619683,121587.3538,97241.61887,8696.105057,9329.604548,218828.9727,18025.7096,0.082373506,0.07152146,0.095942505
51,62,,2,Province 2,34,Parsa,524 2 34 1 001,Birgunj Mahanagarpalika,Narayani Sub Regional Hospital,12,Health Facility,6,Hub Hospital,0,,051-521993,FALSE,0,0,0,0,0,0,0,0,0,0,0,,,27.00566,84.87239,62,2,966215.2395,2987465.71,Birgunj Mahanagarpalika,886220.2997,3001579.227,79647.47347,65204.12259,76174.44128,82374.88474,76669.06983,63315.63186,53109.77435,43534.26179,34157.52138,30587.73104,93023.1056,24338.1578,19085.98181,12598.07691,6367.550642,4188.285509,86998.77226,81017.29215,87547.40148,86241.63127,74306.23174,67511.71273,56282.24625,46656.56303,36309.52755,32143.86927,93829.21944,26400.12042,21002.59265,14449.31324,6777.221501,4457.751681,821931.4667,684728.5971,73086.99949,66578.05267,1506660.064,139665.0522,0.09269845,0.088921038,0.097232762
52,63,,3,Bagmati Province,30,Dhading,524 3 30 3 001,Nilakantha Nagarpalika,Dhading Hospital,12,Other Facilities,19,District Level Hospital,0,,010-520130,FALSE,0,0,0,0,0,0,0,0,0,0,0,,,27.91073,84.89441,63,3,941223.5822,3069647.392,Nilakantha Nagarpalika,885840.613,3094399.194,9041.16808,10765.80437,10773.93134,8901.985821,7184.842241,6287.48022,6142.251266,5303.610138,4378.974625,3374.415287,9093.21194,2632.88575,1977.986589,1516.404798,1103.969205,726.1407477,9399.380365,10441.27963,9874.255767,8548.468141,6717.86568,5841.989576,5699.965408,5271.927923,4472.288887,3464.964097,8953.990953,2654.995492,2049.01612,1572.263093,1223.51475,804.7729923,86990.93887,80163.89433,8304.562446,7957.38709,167154.8332,16261.94954,0.097286744,0.095464683,0.099263979
53,65,,2,Province 2,33,Bara,524 2 33 2 002,Kalaiya Upamahanagarpalika,Kalaiya/Barewa Hospital,12,Other Facilities,19,District Level Hospital,0,,053-550012,FALSE,0,0,0,0,0,0,0,0,0,0,0,,,27.02747,85.00207,65,2,966215.2395,2987465.71,Kalaiya Upamahanagarpalika,897879.2513,2995974.303,26413.46812,25347.57231,28023.80082,29311.43161,26825.7704,22954.1374,18586.51999,15466.97456,11839.73172,10843.56524,29656.35144,8478.734088,6356.369628,4533.722628,2218.164629,1459.0079,27816.26833,27234.17152,29965.79857,30909.06092,26227.23991,25847.70738,20414.87419,17421.33215,12532.59661,11814.85427,30456.40732,9032.384552,6802.688553,4793.934023,2405.261951,1582.073113,285256.6534,241901.8544,24616.34219,23045.99887,527158.5077,47662.34107,0.090413681,0.086295418,0.095270038
54,66,,2,Province 2,33,Bara,524 2 33 2 002,Kalaiya Upamahanagarpalika,Kalaiya/Barewa Hospital,10,Health Facility,18,Designated Hospital at Province,1,,053-550012,TRUE,0,0,0,0,0,0,0,0,0,0,0,,,27.0275,85.0027,66,2,966215.2395,2987465.71,Kalaiya Upamahanagarpalika,897879.2513,2995974.303,34.2512641,37.01602805,40.94407624,42.8668741,39.15058845,33.57205921,27.1559689,22.66606456,17.39081869,15.93982133,42.94615334,12.44323191,9.269003257,6.603331581,3.218721248,2.117128562,40.22801965,39.42612654,43.40733254,44.91606814,37.89566123,37.55537385,29.59168696,25.45363402,18.28273252,17.42104682,44.13226348,13.21678939,9.932116508,6.970195651,3.506813742,2.306624368,414.2424854,353.2998694,35.93253966,33.65141656,767.5423549,69.58395622,0.090658132,0.086742768,0.095248879
55,67,,3,Bagmati Province,31,Makawanpur,524 3 31 2 001,Hetauda Upamahanagarpalika,Hetauda Hospital,12,Other Facilities,19,District Level Hospital,0,,057-520305,FALSE,0,0,0,0,0,0,0,0,0,0,0,,,27.43264,85.02749,67,3,941223.5822,3069647.392,Hetauda Upamahanagarpalika,898276.1485,3038955.504,13995.90289,12298.84094,14407.88602,15065.20231,13523.49206,12195.40443,9569.837755,7835.799949,5691.874746,4990.288684,14708.70157,4004.83314,2916.659186,2020.302529,1058.690941,696.3588039,15252.8778,15247.94667,17878.05378,15950.60044,13392.54015,12495.92735,10535.65506,8635.587345,6645.294853,5520.856305,15246.92892,4671.567013,3333.250163,2401.577014,1125.97306,740.6144042,149075.2503,120984.1731,12272.98165,10696.8446,270059.4234,22969.82625,0.085054711,0.082327426,0.088415239
56,68,,3,Bagmati Province,28,Nuwakot,524 3 28 3 001,Bidur Nagarpalika,Trishuli Hospital,12,Other Facilities,19,District Level Hospital,0,,,FALSE,0,0,0,0,0,0,0,0,0,0,0,,,27.92466,85.14105,68,3,941223.5822,3069647.392,Bidur Nagarpalika,907146.3838,3095880.204,10051.61015,11958.99361,13606.83618,12825.16654,10830.92635,9138.231037,7726.466261,6288.24358,5067.498647,4059.656956,9988.141426,3055.446405,2351.0757,1792.353438,1277.896048,840.5419679,10822.63492,12469.09406,13860.69958,12607.36959,10783.36592,9438.059485,8125.799553,6531.271656,5230.90109,4083.256807,10130.90932,3158.185697,2362.453136,1733.220712,1214.755154,799.0112884,113350.988,100807.4741,9267.625987,9317.313559,214158.4621,18584.93955,0.086781252,0.081760434,0.092426813
57,69,,3,Bagmati Province,27,Kathmandu,524 3 27 3 008,Chandragiri Nagarpalika,Armed Police Force Hospital,10,Health Facility,14,Designated Valley Hospital,3,,985-1272008,TRUE,0,0,0,0,0,0,0,0,0,0,0,,,27.69035,85.25199,69,3,941223.5822,3069647.392,Chandragiri Nagarpalika,917273.0315,3069682.279,9911.740439,12342.25866,13635.12456,12695.03325,10519.24612,9000.54587,8152.235052,6786.623224,5685.371187,4491.131397,9789.016316,3074.571084,2379.587794,1658.379364,1249.874629,822.1107135,10694.97029,12773.70869,14283.08096,12997.88758,11071.01038,9217.317121,8541.478259,7155.916155,6175.94291,4893.614745,9691.78584,3638.843015,2716.579914,1974.350194,1458.809987,959.5395971,118244.8356,102281.1092,10748.12271,9184.523584,220525.9448,19932.64629,0.090386854,0.090897185,0.089796871
58,70,,3,Bagmati Province,27,Kathmandu,524 3 27 3 008,Chandragiri Nagarpalika,Nuwakot District Hospital,12,Other Facilities,19,District Level Hospital,0,,,FALSE,0,0,0,0,0,0,0,0,0,0,0,,,27.6866,85.26896,70,3,941223.5822,3069647.392,Chandragiri Nagarpalika,917273.0315,3069682.279,11273.75005,14763.02981,16013.37468,14495.92374,11810.14196,10004.02263,9385.015032,7857.54812,6734.904431,5223.431442,10846.04902,3496.159777,2744.099782,1938.493907,1538.408526,1011.895189,11948.71286,14720.28585,16041.38848,14630.95755,12434.73865,10161.12183,9637.57825,8167.533161,7180.726622,5639.808351,10613.86558,4095.407176,3102.885443,2271.684626,1802.833609,1185.82287,133635.3509,117862.498,12458.63372,10729.05718,251497.8489,23187.6909,0.092198367,0.093228578,0.091030288
59,71,,2,Province 2,32,Rautahat,524 2 32 3 015,Gaur Nagarpalika,Gaur Hospital,12,Other Facilities,19,District Level Hospital,0,,,FALSE,0,0,0,0,0,0,0,0,0,0,0,,,26.76505,85.27408,71,2,966215.2395,2987465.71,Gaur Nagarpalika,925186.9804,2969025.613,30612.45579,27505.98626,29903.46511,30598.89376,28720.24782,23912.30897,19804.30577,15815.30215,11741.0381,10584.55079,35404.18935,8476.460428,6975.372113,5070.418679,2666.108313,1753.644887,33831.75352,32865.16844,35540.71753,35032.30066,31879.56408,29273.12112,23989.53841,18475.56365,13654.39058,10941.42227,35999.35304,9404.875747,7320.410346,5496.504597,2717.89205,1787.707171,328210.2832,258932.2925,26727.38991,24942.00442,587142.5757,51669.39433,0.088001444,0.081433737,0.096326357
60,72,,3,Bagmati Province,27,Kathmandu,524 3 27 3 009,Kirtipur Nagarpalika,Ayurbed Research Center,10,Health Facility,14,Designated Valley Hospital,0,,01-4334973,TRUE,0,0,0,0,0,0,0,0,0,0,0,,,27.6768,85.28813,72,3,941223.5822,3069647.392,Kirtipur Nagarpalika,921853.9248,3067608.474,11588.28634,14994.29288,16515.31287,15207.29497,12471.75152,10554.07104,9744.347983,8118.469093,6932.271483,5417.360518,11138.0164,3614.219744,2823.093302,1959.855008,1546.646892,1017.314015,12289.73689,15156.07371,16933.33163,15514.07604,13298.15858,10878.64567,10180.03092,8529.978064,7458.208304,5895.725061,10930.31719,4291.10672,3222.87092,2333.923667,1815.590327,1194.213662,139921.9873,122054.3177,12857.7053,10961.12896,261976.3051,23818.83426,0.090919804,0.091891957,0.089805336
61,73,,3,Bagmati Province,27,Kathmandu,524 3 27 1 001,Kathmandu Mahanagarpalika,Shree Birendra Hospital,12,Health Facility,6,Hub Hospital,0,,023-541235,FALSE,0,0,0,0,0,0,0,0,0,0,0,,,27.71119,85.29121,73,3,941223.5822,3069647.392,Kathmandu Mahanagarpalika,926838.2819,3072474.113,4592.252244,5974.288556,6559.310687,6003.391609,4898.879817,4135.011268,3849.940926,3211.033786,2760.966065,2147.057821,4345.128009,1419.389995,1112.186885,771.9837658,618.084557,406.5479219,4808.025461,5987.555373,6673.290938,6122.245155,5245.421783,4261.157338,4013.81569,3367.931569,2965.788619,2338.234348,4248.990811,1690.134146,1271.922863,922.4288213,730.9963585,480.8165279,55128.7558,48213.20167,5096.298717,4328.193125,103341.9575,9424.491843,0.091197149,0.092443565,0.08977195
62,73,,3,Bagmati Province,27,Kathmandu,524 3 27 1 001,Kathmandu Mahanagarpalika,Army Hospital,10,Health Facility,14,Designated Valley Hospital,3,,01-4271941,TRUE,0,0,0,0,0,0,0,0,0,0,0,,,27.71129,85.29127,74,3,941223.5822,3069647.392,Kathmandu Mahanagarpalika,926838.2819,3072474.113,4592.252244,5974.288556,6559.310687,6003.391609,4898.879817,4135.011268,3849.940926,3211.033786,2760.966065,2147.057821,4345.128009,1419.389995,1112.186885,771.9837658,618.084557,406.5479219,4808.025461,5987.555373,6673.290938,6122.245155,5245.421783,4261.157338,4013.81569,3367.931569,2965.788619,2338.234348,4248.990811,1690.134146,1271.922863,922.4288213,730.9963585,480.8165279,55128.7558,48213.20167,5096.298717,4328.193125,103341.9575,9424.491843,0.091197149,0.092443565,0.08977195
63,75,,3,Bagmati Province,29,Rasuwa,524 3 29 4 002,Gosaikunda Gaunpalika,Rasuwa District Hospital,12,Other Facilities,19,District Level Hospital,0,,,FALSE,0,0,0,0,0,0,0,0,0,0,0,,,28.10995,85.29666,75,3,941223.5822,3069647.392,Gosaikunda Gaunpalika,942553.1528,3128962.76,357.7569036,456.8205952,505.041248,444.0685163,365.9266673,323.2209815,297.3374291,262.1313068,216.4364799,174.0466945,355.9423892,123.3988679,98.22373334,77.88452582,64.89615038,42.68573824,372.5827712,454.7882281,459.0443039,379.6006957,323.9904041,276.2745185,279.1662395,251.2070752,221.7347551,170.3208162,343.3680166,133.4216428,99.35883943,80.23536097,61.85249346,40.68378731,3947.629948,3808.061324,415.5521239,407.0890157,7755.691272,822.6411396,0.106069351,0.10526623,0.106901907
64,77,,3,Bagmati Province,27,Kathmandu,524 3 27 1 001,Kathmandu Mahanagarpalika,Sukraraj Tropical And Infectious Disease Hospital,12,Health Facility,14,Designated Valley Hospital,0,,01-4253396,FALSE,0,0,0,0,0,0,0,0,0,0,10,,,27.69496,85.30708,77,3,941223.5822,3069647.392,Kathmandu Mahanagarpalika,926838.2819,3072474.113,23120.67935,30220.9317,33362.853,30793.95212,25332.54003,21358.3449,19699.39771,16394.81044,13985.30659,10952.87339,22273.31972,7327.568747,5732.6623,3987.957768,3160.530244,2078.853128,24617.74319,30476.1435,34012.19282,31211.42344,26913.1895,22089.43979,20535.19766,17195.0126,14917.25469,11843.90752,21865.42513,8606.114083,6484.137695,4670.362822,3635.919988,2391.544655,281465.0091,246661.9018,25788.07924,22287.57219,528126.9109,48075.65143,0.09103049,0.091620906,0.090356768
65,78,,3,Bagmati Province,27,Kathmandu,524 3 27 1 001,Kathmandu Mahanagarpalika,Bir Hospital,12,Health Facility,6,Hub Hospital,0,,01-4221119,FALSE,0,0,0,0,0,0,0,0,0,0,0,,,27.70479,85.31363,78,3,941223.5822,3069647.392,Kathmandu Mahanagarpalika,926838.2819,3072474.113,44148.49825,58483.45819,64290.44295,58910.40051,48119.20574,40607.8702,37703.11366,31419.5797,26977.29586,20993.80946,42680.03604,13918.84569,10899.87889,7579.804824,6049.517088,3979.097329,47209.50902,58683.13193,65451.06306,60053.11704,51460.82595,41880.43713,39341.05411,32960.95046,28960.58898,22830.96228,41781.94576,16524.13779,12431.60633,9013.690517,7123.216797,4685.331648,540391.5688,472612.3561,49777.98308,42427.14382,1013003.925,92205.1269,0.09102149,0.092114655,0.08977155
66,80,,3,Bagmati Province,25,Lalitpur,524 3 25 1 001,Lalitpur Mahanagarpalika,Patan Academy of Health Science,12,Health Facility,14,Designated Valley Hospital,0,,01-5522295,FALSE,0,0,0,0,0,0,0,0,0,0,0,,,27.6684,85.32036,80,3,941223.5822,3069647.392,Lalitpur Mahanagarpalika,925926.7978,3065951.747,700.7318426,849.6732699,976.4521298,955.677738,828.9772016,693.9681058,601.355707,493.0896842,397.0611401,327.3504114,688.881292,237.3970685,183.8642148,129.8209711,96.10771886,63.21529248,755.3192158,896.7093047,1009.659495,927.9847839,836.2713795,733.987674,625.9905601,516.8162521,400.9764634,336.1091931,694.106122,253.8352968,192.8868144,132.1997437,89.06522128,58.58309867,8460.500618,7522.891946,726.5701749,710.4052657,15983.39256,1436.975441,0.089904283,0.085877918,0.09443247
67,81,,3,Bagmati Province,25,Lalitpur,524 3 25 1 001,Lalitpur Mahanagarpalika,Patan Academy of Health Science,12,Health Facility,6,Hub Hospital,0,,01-5522295,FALSE,0,0,0,0,0,0,0,0,0,0,0,,,27.66833,85.3206,81,3,941223.5822,3069647.392,Lalitpur Mahanagarpalika,925926.7978,3065951.747,15936.62217,19222.12347,22044.58683,21511.79007,18608.86317,15586.76575,13543.83058,11114.24177,8977.087288,7380.853793,15514.1571,5333.467627,4132.044305,2917.025885,2166.715945,1425.167343,17013.62956,20233.46396,22765.23288,20918.20478,18813.98388,16461.36829,14101.20245,11647.90637,9094.103129,7596.869822,15612.47512,5729.684469,4350.736485,2992.546431,2033.514842,1337.554646,190702.4771,169478.7209,16444.03687,15974.42111,360181.198,32418.45798,0.09000597,0.086228753,0.094256205
68,83,,3,Bagmati Province,27,Kathmandu,524 3 27 1 001,Kathmandu Mahanagarpalika,Kanti Children's Hospital,10,Health Facility,14,Designated Valley Hospital,1,,01-4411550,TRUE,0,0,0,0,0,0,0,0,0,0,0,,,27.73477,85.32831,83,3,941223.5822,3069647.392,Kathmandu Mahanagarpalika,926838.2819,3072474.113,295.1538258,401.1150599,440.4193344,403.1139154,328.9513359,277.6543565,258.5027456,215.5995383,185.3828895,144.164453,291.7203221,95.29987741,74.67316043,51.82736254,41.49687463,27.29475832,322.804636,402.0162973,448.1053743,411.1141949,352.2477441,286.1439939,269.5252643,226.1437969,199.1424365,157.0071287,285.2652969,113.4864504,85.4023279,61.93303525,49.07947707,32.28227282,3701.699727,3237.215984,342.1835635,290.5920333,6938.915711,632.7755968,0.091192288,0.092439579,0.089766032
69,84,,3,Bagmati Province,27,Kathmandu,524 3 27 1 001,Kathmandu Mahanagarpalika,Tribhuwan University Teaching Hospital,12,Health Facility,6,Hub Hospital,0,,01-4412303,FALSE,0,0,0,0,0,0,0,0,0,0,0,,,27.73593,85.32985,84,3,941223.5822,3069647.392,Kathmandu Mahanagarpalika,926838.2819,3072474.113,83598.24214,112201.6333,123214.44,112793.4089,92052.25784,77695.5033,72313.93616,60306.34704,51846.58394,40322.13377,81630.09804,26662.79592,20890.51633,14501.75664,11607.36195,7634.794997,90325.1406,112468.8958,125376.18,115028.5633,98560.63328,80079.5529,75405.6612,63257.72857,55691.57626,43908.01892,79833.29337,31741.41494,23885.48913,17320.92723,13722.02222,9025.729089,1035630.827,905673.568,95695.5826,81297.22584,1941304.395,176992.8084,0.091172105,0.092403181,0.089764379
70,87,,3,Bagmati Province,27,Kathmandu,524 3 27 1 001,Kathmandu Mahanagarpalika,Civil Service Hospital,12,Health Facility,6,Hub Hospital,0,,01-4107000,FALSE,0,0,0,0,0,0,0,0,0,0,0,,,27.68673,85.33937,87,3,941223.5822,3069647.392,Kathmandu Mahanagarpalika,926838.2819,3072474.113,33723.10284,44121.67628,48242.92803,44209.02765,36226.73753,30613.62132,28416.44963,23688.54204,20250.77893,15809.01282,32693.33762,10615.01531,8266.911068,5804.305618,4627.793771,3043.952362,35880.35323,44397.8247,49013.70485,44658.57533,38444.72319,31475.46193,29542.55033,24779.06717,21659.3769,17074.78493,31976.31772,12439.82919,9319.86834,6817.023722,5360.258705,3525.737108,406365.4573,356630.09,37462.71706,32357.97813,762995.5473,69820.69519,0.091508654,0.092189718,0.090732608
71,89,,3,Bagmati Province,26,Bhaktapur,524 3 26 3 003,Bhaktapur Nagarpalika,Bhaktapur Hospital,12,Health Facility,6,Hub Hospital,0,,01-6610798,FALSE,0,0,0,0,0,0,0,0,0,0,0,,,27.67829,85.41216,89,3,941223.5822,3069647.392,Bhaktapur Nagarpalika,937080.0304,3069060.77,28985.23369,36747.40437,38081.13909,33865.42905,27575.69105,23661.20493,22401.55165,18794.38298,15963.67751,12420.58066,29246.33418,8868.056632,6668.411321,5039.042637,4081.091045,2684.356121,30510.45871,37001.28601,37788.68355,32547.12799,28237.59929,23415.35709,22760.67752,19237.88247,17033.1135,12976.16969,28217.97713,9816.000422,7074.560653,5697.89025,4573.540744,3008.269343,319896.5944,286098.3532,30170.26141,27340.95776,605994.9476,57511.21917,0.094903793,0.094312543,0.09556489
72,90,,3,Bagmati Province,26,Bhaktapur,524 3 26 3 003,Bhaktapur Nagarpalika,Bhaktapur Hospital,10,Health Facility,18,Designated Hospital at Province,1,,01-6610798,TRUE,0,0,0,0,0,0,0,0,0,0,0,,,27.67839,85.41229,90,3,941223.5822,3069647.392,Bhaktapur Nagarpalika,937080.0304,3069060.77,66.14630193,78.27321124,74.83728909,63.64444771,51.60858724,45.32964769,44.17589614,37.3617712,31.17790669,24.24219021,68.90409702,19.10170251,13.56577285,11.32647232,9.266744547,6.095243081,67.43187666,79.38048071,72.14481395,56.06266013,49.50417301,42.34006953,43.41083708,37.0406509,33.15067922,23.96779451,65.42301047,19.32831666,13.01123903,12.1252279,9.916239575,6.522456046,630.7605254,578.9109795,60.90347921,59.35593531,1209.671505,120.2594145,0.099414935,0.096555629,0.102530333
73,93,,3,Bagmati Province,24,Kabhrepalanchok,524 3 24 3 003,Dhulikhel Nagarpalika,Dhulikhel Hospital,12,Health Facility,6,Hub Hospital,0,,011-490497,FALSE,0,0,0,0,0,0,0,0,0,0,0,,,27.61655,85.5476,93,3,941223.5822,3069647.392,Dhulikhel Nagarpalika,951408.8471,3063244.545,3341.335418,4173.638106,4873.349908,4736.381976,3948.622649,3373.90586,2841.609224,2335.609493,1944.246498,1576.022019,3202.927397,1171.556655,912.8656662,689.5095778,536.0130561,352.5650388,3538.327045,4050.727417,4361.257546,4021.155367,3834.371909,3368.725069,2982.709166,2379.012993,1932.42958,1534.191113,3253.187571,1254.290749,947.1771466,716.7719243,527.3255502,346.8510187,39048.51117,36668.82312,3792.416388,3662.509993,75717.33429,7454.926382,0.098457328,0.09712064,0.099880762
74,94,,2,Province 2,19,Sarlahi,524 2 19 3 009,Malangawa Nagarpalika,Sarlahi Hospital,12,Other Facilities,19,District Level Hospital,0,,,FALSE,0,0,0,0,0,0,0,0,0,0,0,,,26.8541,85.56145,94,2,966215.2395,2987465.71,Malangawa Nagarpalika,952062.5934,2978914.063,41194.6374,49604.99105,43537.08724,35757.36205,28856.18087,26707.99611,28111.09188,24172.56751,20276.99977,16623.82896,42728.19007,12772.27717,10529.91348,8097.954964,6391.341068,4203.933661,43589.31502,48106.72879,39894.74554,33202.56637,26738.8637,23896.56167,25419.07932,22654.42691,19841.36492,16006.70911,40650.56781,12959.71677,10545.86344,8991.984264,6623.444376,4356.603904,383478.5419,358371.7158,43477.61276,41995.42034,741850.2577,85473.0331,0.115216019,0.113376912,0.11718397
75,95,,3,Bagmati Province,23,Sindhupalchok,524 3 23 3 002,Chautara SangachokGadhi Nagarpalika,Sindhupalchok District Hospital,12,Other Facilities,19,District Level Hospital,0,,,FALSE,0,0,0,0,0,0,0,0,0,0,0,,,27.78052,85.71102,95,3,941223.5822,3069647.392,Chautara SangachokGadhi Nagarpalika,965393.8293,3079328.782,8125.629347,10366.33452,10883.46546,9442.123219,7625.769356,6815.702492,6452.088182,5542.7716,4892.021555,3797.541611,8167.324051,2703.614106,2285.218795,1801.957263,1594.986646,1049.109795,8363.148362,10108.69347,9573.694386,8004.627683,6973.212917,5880.009112,5674.243084,5303.046366,4719.595602,3581.492795,8105.775915,2749.389532,2140.590817,1761.134248,1397.989939,919.5348392,85256.17906,83420.02865,8968.639375,9434.886605,168676.2077,18403.52598,0.109105642,0.105196356,0.113100975
76,96,,2,Province 2,18,Mahottari,524 2 18 3 009,Jaleswor Nagarpalika,Jaleshwor Hospital,12,Other Facilities,19,District Level Hospital,0,,,FALSE,0,0,0,0,0,0,0,0,0,0,0,,,26.65386,85.80678,96,2,966215.2395,2987465.71,Jaleswor Nagarpalika,978011.5797,2956299.108,11064.24725,13774.23528,12762.78055,10957.40714,8963.824192,7922.17104,8080.56669,7061.133083,5968.943915,4809.26528,11294.02492,3550.697849,2973.170155,2440.920908,1636.296456,1076.281481,11806.07828,13507.06582,13224.35608,11751.9596,9364.58507,8687.630471,8128.135866,6879.258991,5994.838369,4848.776497,11173.14146,3634.958804,3010.012335,2296.954613,1560.784509,1026.613867,116895.1506,103271.7189,11529.32413,11677.36685,220166.8696,23206.69097,0.105405009,0.098629619,0.113074199
77,97,,3,Bagmati Province,20,Sindhuli,524 3 20 3 001,Kamalamai Nagarpalika,Sindhuli Hospital,10,Health Facility,18,Designated Hospital at Province,1,,047-520973,TRUE,0,0,0,0,0,0,0,0,0,0,0,,,27.21223,85.91378,97,3,941223.5822,3069647.392,Kamalamai Nagarpalika,988737.5942,3016860.876,4874.199991,5779.532465,5656.313146,4976.08154,3960.385229,3533.54515,3317.955948,2740.541142,2300.263366,1832.137444,4884.889473,1410.743118,1110.800438,854.8386387,648.0552641,426.2613025,5192.559213,5471.386371,5129.170403,4546.229505,3822.432447,3518.641159,3289.3465,2727.875143,2297.024865,1833.290115,4927.63436,1431.972129,1112.774711,827.0544808,607.0335353,399.2793516,47133.70429,43432.34367,4378.114208,4450.698761,90566.04796,8828.812969,0.097484799,0.092887123,0.102474294
78,98,,3,Bagmati Province,20,Sindhuli,524 3 20 3 001,Kamalamai Nagarpalika,Sindhuli Hospital,12,Other Facilities,19,District Level Hospital,0,,,FALSE,0,0,0,0,0,0,0,0,0,0,0,,,27.21246,85.91412,98,3,941223.5822,3069647.392,Kamalamai Nagarpalika,988737.5942,3016860.876,5391.449418,6265.703189,6181.288024,5463.803423,4328.026607,3915.658147,3574.350471,2827.990001,2323.690452,1854.692736,5259.231496,1469.924162,1129.141065,840.576985,667.5647322,439.0937375,5741.063014,5777.101488,5279.2978,4672.120923,4008.884577,3720.381225,3503.37648,2853.133367,2325.334853,1841.804525,5353.534978,1480.585512,1133.790762,828.696247,618.4240488,406.7715181,49544.30132,46540.73523,4468.268088,4546.300682,96085.03655,9014.56877,0.093818654,0.090187327,0.097684333
79,100,,2,Province 2,17,Dhanusha,524 2 17 2 001,Janakpur Upamahanagarpalika,Janakpur Zonal Hospital,12,Health Facility,6,Hub Hospital,0,,041-520133,FALSE,0,0,0,0,0,0,0,0,0,0,0,,,26.73382,85.92369,99,2,966215.2395,2987465.71,Janakpur Upamahanagarpalika,991111.1364,2965588.17,35469.08441,41547.72048,41765.81202,36873.99626,29404.92034,25547.12584,24130.97209,21729.01259,19487.73916,15227.68514,37334.84356,11430.51076,9126.183059,7338.151691,5665.029145,3726.198819,36771.88155,41499.77044,39127.8978,34588.78862,29563.12174,26145.0256,24264.93661,21098.4406,19010.63114,15248.92576,37014.59926,11630.5387,8889.264572,6971.458868,5357.926608,3524.203001,360707.4109,330335.901,36373.39175,37286.07347,691043.3118,73659.46522,0.106591677,0.100839048,0.11287321
80,100,,2,Province 2,17,Dhanusha,524 2 17 2 001,Janakpur Upamahanagarpalika,Janakpur Zonal Hospital,10,Health Facility,18,Designated Hospital at Province,1,,041-520133,TRUE,0,0,0,0,0,0,0,0,0,0,0,,,26.73383,85.92397,100,2,966215.2395,2987465.71,Janakpur Upamahanagarpalika,991111.1364,2965588.17,35469.08441,41547.72048,41765.81202,36873.99626,29404.92034,25547.12584,24130.97209,21729.01259,19487.73916,15227.68514,37334.84356,11430.51076,9126.183059,7338.151691,5665.029145,3726.198819,36771.88155,41499.77044,39127.8978,34588.78862,29563.12174,26145.0256,24264.93661,21098.4406,19010.63114,15248.92576,37014.59926,11630.5387,8889.264572,6971.458868,5357.926608,3524.203001,360707.4109,330335.901,36373.39175,37286.07347,691043.3118,73659.46522,0.106591677,0.100839048,0.11287321
81,102,,3,Bagmati Province,21,Ramechhap,524 3 21 3 002,Ramechhap Nagarpalika,Ramechhap Hospital,12,Other Facilities,19,District Level Hospital,0,,,FALSE,0,0,0,0,0,0,0,0,0,0,0,,,27.31563,86.08709,102,3,941223.5822,3069647.392,Ramechhap Nagarpalika,1009571.983,3031974.268,7285.507466,8604.764088,7959.066217,6577.744043,5457.327983,5136.290061,5022.669786,4230.079231,3642.755885,2841.553837,6769.186291,2263.247848,1892.080427,1609.335799,1256.366732,826.3809683,7464.824587,7946.392888,7038.025532,6153.494293,5296.661946,4811.812219,4841.200327,4127.284168,3546.38438,2753.021536,6647.116608,2196.935805,1853.522678,1507.175134,1163.881654,765.5490076,68113.28276,64088.84919,7487.064279,7847.411773,132202.132,15334.47605,0.115992653,0.109920767,0.122445821
82,103,,2,Province 2,16,Siraha,524 2 16 3 008,Siraha Nagarpalika,Siraha Hospital,12,Other Facilities,19,District Level Hospital,0,,,FALSE,0,0,0,0,0,0,0,0,0,0,0,,,26.65844,86.21045,103,2,966215.2395,2987465.71,Siraha Nagarpalika,1019900.554,2958032.155,48149.11046,46405.52269,53344.08006,52378.33589,47047.10284,38735.70097,31857.09805,25377.9468,19566.03361,17039.43427,56864.07122,13160.88983,10955.87365,7721.842811,4210.03201,2769.167689,53283.87702,54838.61576,63000.14831,62135.80261,53768.78746,46876.30908,37721.97947,29868.79481,21308.6174,17358.38116,58658.59062,14647.75822,11554.7434,8453.185361,4670.668631,3072.15571,541218.415,427433.1324,42398.51132,38817.80599,968651.5474,81216.31732,0.08384472,0.078339004,0.09081609
83,104,,3,Bagmati Province,22,Dolakha,524 3 22 3 002,Jiri Nagarpalika,Dolakha District Hospital,12,Other Facilities,19,District Level Hospital,0,,049-400111,FALSE,0,0,0,0,0,0,0,0,0,0,0,,,27.63305,86.23205,104,3,941223.5822,3069647.392,Jiri Nagarpalika,1021469.929,3071117.848,6368.20056,7937.925005,7508.223208,6205.321529,4907.358307,4599.474232,4622.533432,4162.985175,3596.909387,2780.538197,6237.290961,2161.746347,1778.367166,1395.512237,1166.526419,767.2880367,6569.631218,7553.353475,6363.817682,5445.012494,4727.080276,4227.54762,4272.734903,3929.147137,3436.237677,2674.233054,6163.71479,2122.357109,1755.10536,1427.887116,1130.31835,743.4725906,62541.65085,59827.99964,7179.140526,7269.440205,122369.6505,14448.58073,0.118073237,0.114789751,0.121505654
84,105,,1,Province 1,11,Solukhumbu,524 1 11 3 001,Solududhakunda Nagarpalika,Solukhumbu District Hospital,12,Other Facilities,19,District Level Hospital,0,,038-520188,FALSE,0,0,0,0,0,0,0,0,0,0,0,,,27.51531,86.58588,105,1,1121988.843,3025273.044,Solududhakunda Nagarpalika,1050471.781,3062498.854,1626.796091,1826.491365,1987.231477,1753.06842,1482.927846,1272.589655,1129.626906,904.9798336,729.0754434,551.0037773,1656.973494,401.7388775,347.841816,274.3842544,200.0682279,131.5957901,1742.28343,1859.708929,2285.474901,2119.287778,1729.640857,1472.964065,1268.17682,1008.618151,810.8793152,599.627102,1679.712807,451.5028178,363.5446464,264.7811201,202.7539992,133.3624632,17992.3192,14649.59718,1415.945047,1355.628966,32641.91639,2771.574013,0.084908434,0.078697195,0.092536945
85,106,,1,Province 1,14,Udayapur,524 1 14 3 002,Triyuga Nagarpalika,Udayapur District Hospital,12,Other Facilities,19,District Level Hospital,0,,035-420187,FALSE,0,0,0,0,0,0,0,0,0,0,0,,,26.79756,86.69523,106,1,1121988.843,3025273.044,Triyuga Nagarpalika,1066144.523,2977762.758,0.780205257,0.900261432,1.075351037,0.98758379,0.83194053,0.709303163,0.59175103,0.475521214,0.371189122,0.281915888,0.60642373,0.214980614,0.183810994,0.138556349,0.1226585,0.08067919,0.767004902,0.942746319,1.164431199,0.924707718,0.803071674,0.673688579,0.591889063,0.494388985,0.38410701,0.291275956,0.634355554,0.219508176,0.182871679,0.137764729,0.119695242,0.078730144,8.410236929,7.571926583,0.73856997,0.740685647,15.98216351,1.479255617,0.092556656,0.087817974,0.097819972
86,107,,1,Province 1,14,Udayapur,524 1 14 3 002,Triyuga Nagarpalika,Udayapur Hospital,10,Health Facility,18,Designated Hospital at Province,1,Dr. Jib Narayan Mandal,9852835614,TRUE,0,0,0,0,0,0,0,0,0,0,0,,,26.79704,86.69589,107,1,1121988.843,3025273.044,Triyuga Nagarpalika,1066144.523,2977762.758,9151.879528,10046.25805,11622.32037,10972.48251,9613.412464,8082.518624,6711.008779,5346.988597,4127.335509,3383.07249,9424.650009,2635.240451,2245.123247,1678.880096,1213.109343,797.9282131,10006.74257,10974.6474,13065.34773,11617.49984,10072.0827,8689.028794,7289.205732,5905.229516,4444.829661,3451.781587,9710.522293,2813.015042,2335.507872,1754.913245,1235.681404,812.7756243,104178.811,87900.32874,8951.893187,8570.281349,192079.1398,17522.17454,0.091223725,0.085928157,0.097499992
87,108,,2,Province 2,15,Saptari,524 2 15 3 008,Rajbiraj Nagarpalika,Gajendra Narayan Singh Sagarmatha Zonal Hospital,12,Health Facility,6,Hub Hospital,0,,031-520155,FALSE,0,0,0,0,0,0,0,0,0,0,0,,,26.53614,86.74948,108,2,966215.2395,2987465.71,Rajbiraj Nagarpalika,1074939.682,2947948.402,28275.78127,24565.76,27898.3459,27878.46082,26443.84906,21772.07675,17508.62408,13499.5205,9843.695983,9235.937922,34817.38004,7548.193821,6445.091236,4787.873208,2335.322475,1536.069011,31199.634,29464.19639,35283.71167,35597.55405,30995.0094,27795.27015,21829.52177,16711.82973,11726.74224,9166.499283,35339.43755,8469.892631,7050.455618,5434.798775,2473.886609,1627.211295,310165.6512,236116.2008,25056.24493,22652.54975,546281.852,47708.79468,0.087333662,0.080783429,0.095938143
88,109,,1,Province 1,12,Khotang,524 1 12 3 002,Rupakot Majhuwagadhi Nagarpalika,Khotang District Hospital,12,Other Facilities,19,District Level Hospital,0,,,FALSE,0,0,0,0,0,0,0,0,0,0,0,,,27.2133,86.79488,109,1,1121988.843,3025273.044,Rupakot Majhuwagadhi Nagarpalika,1075092.338,3025612.381,8104.859253,9292.089922,8917.667997,7770.684649,6452.914641,5722.757318,5265.463008,4356.127097,3634.164383,2871.379026,7630.777181,2263.702693,1929.401487,1581.000253,1335.09016,878.1616337,8378.027044,8427.274244,8064.47234,7476.657394,6287.986338,5646.862241,5216.151635,4380.640741,3799.440355,2908.732009,7564.377893,2359.445688,2046.679548,1520.536919,1312.672758,863.4170776,76253.37423,69901.38145,8102.75199,7987.356227,146154.7557,16090.10822,0.110089529,0.106260898,0.114266071
89,111,,1,Province 1,6,Sunsari,524 1 06 2 001,Dharan Upamahanagarpalika,B.P Koirala Institute of Health Sciences,12,Health Facility,6,Hub Hospital,0,,025-525555,FALSE,0,0,0,0,0,0,0,0,0,0,0,,,26.80972,87.26718,111,1,1121988.843,3025273.044,Dharan Upamahanagarpalika,1124364.327,2979840.273,60862.15886,75858.60606,72851.17862,62161.45321,54430.03124,50008.96668,45487.66533,38193.98874,32311.62064,23956.20385,51712.66245,19579.43195,17140.45724,13996.47538,10822.69335,7118.675874,63446.69761,71245.30107,75600.10706,67318.58106,56460.23078,50093.01413,45570.0189,37744.03364,31334.53369,23730.46357,50772.55824,18725.28724,16228.64373,12557.26291,9961.306314,6552.099219,637340.1392,575630.1106,64024.59941,68657.73379,1212970.25,132682.3332,0.109386305,0.100455935,0.119274049
90,115,,1,Province 1,5,Morang,524 1 05 1 001,Biratnagar Mahanagarpalika,Koshi Zonal Hospital,12,Health Facility,6,Hub Hospital,0,,021-530103,FALSE,0,0,0,0,0,0,0,0,0,0,0,,,26.45954,87.28534,115,1,1121988.843,3025273.044,Biratnagar Mahanagarpalika,1126560.307,2940783.846,161708.5584,202564.2993,196813.6936,169588.3276,148397.2932,133813.8302,123014.2807,103467.4362,87312.74603,65915.47423,139259.1779,52571.24267,46441.56653,37894.64955,29855.98835,19637.91241,170128.6461,193097.2591,205535.9493,184182.0843,153663.5492,135210.0583,122363.889,101722.6758,84575.07003,64982.65736,136880.3075,50386.44287,44327.86177,33889.25552,26966.81135,17737.55578,1725650.073,1556547.918,173307.9273,186401.3595,3282197.992,359709.2868,0.109594024,0.100430516,0.119753049
91,116,,1,Province 1,2,Panchthar,524 1 02 3 001,Phidim Nagarpalika,Panchthar District Hospital,12,Other Facilities,19,District Level Hospital,0,,024-520188,FALSE,0,0,0,0,0,0,0,0,0,0,0,,,27.14895,87.76634,116,1,1121988.843,3025273.044,Phidim Nagarpalika,1174835.796,3017692.718,10796.64638,13228.02085,13872.13319,12704.06491,10895.31776,9542.283558,8681.496426,6929.030338,5865.471428,4367.3706,9493.409401,3497.04711,3029.477578,2569.805203,2070.057024,1361.589432,11196.43715,13304.36043,15957.06004,14217.07871,12412.24485,10486.99265,9582.330221,7662.336856,6210.73884,4692.934701,9424.545755,3686.297591,3021.251287,2464.256616,1997.001088,1313.537483,127629.4043,108106.5748,12482.34407,12527.97635,235735.9791,25010.32041,0.106094625,0.097801476,0.115885425
92,117,,1,Province 1,3,Ilam,524 1 03 3 002,Illam Nagarpalika,Illam Hospital,12,Other Facilities,19,District Level Hospital,0,,027-520033,FALSE,0,0,0,0,0,0,0,0,0,0,0,,,26.90888,87.92666,117,1,1121988.843,3025273.044,Illam Nagarpalika,1186853.027,2997644.492,5096.323147,7182.271087,10249.46077,9706.113498,8476.683246,6781.623236,5409.448426,4064.331643,3015.063953,2347.011044,4367.006161,1726.386878,1566.352479,1234.053071,1018.143037,669.6882224,5927.119828,8456.956505,13441.19351,11808.08591,10384.58203,8348.508311,6761.056818,4661.23233,3120.981494,2327.293934,4837.525155,1616.035638,1411.145102,1059.353852,858.9568989,564.9832486,85585.01056,67813.63675,5510.474739,6214.623687,153398.6473,11725.09843,0.076435475,0.06438598,0.091642684
93,118,,1,Province 1,4,Jhapa,524 1 04 3 008,Bhadrapur Nagarpalika,Mechi Zonal Hospital,12,Health Facility,6,Hub Hospital,0,,023-520172,FALSE,0,0,0,0,0,0,0,0,0,0,0,,,26.55708,88.08816,118,1,1121988.843,3025273.044,Bhadrapur Nagarpalika,1205892.597,2953279.285,5.072451651,8.491750121,13.13670158,12.35439247,9.947465956,7.672236383,5.899352968,4.300704718,3.198799387,2.367152214,5.102162182,1.704480149,1.437807508,1.109790221,0.975720055,0.641784292,6.517621815,10.96893817,19.07154536,16.39525139,13.50805414,10.11393708,7.923341811,5.394524902,3.690235078,2.583698928,5.653545111,1.751982152,1.325321533,0.923183605,0.754364479,0.49618699,107.0717326,78.34030021,5.25103876,5.869582225,185.4120328,11.12062098,0.059977882,0.049042251,0.074924173
94,119,,1,Province 1,4,Jhapa,524 1 04 3 008,Bhadrapur Nagarpalika,Mechi Zonal Hospital,10,Health Facility,18,Designated Hospital at Province,1,Dr.Gobinda Kandel,9845048388,TRUE,0,0,0,0,0,0,0,0,0,0,0,,,26.55734,88.08822,119,1,1121988.843,3025273.044,Bhadrapur Nagarpalika,1205892.597,2953279.285,19272.54567,29068.64502,44773.22476,42122.35124,34067.05436,26330.6391,20290.55488,14819.58552,11020.67003,8181.898367,17477.1657,5899.684682,5001.803222,3866.387222,3384.056624,2225.878615,22405.5285,37361.56048,64672.5557,55654.99139,46003.98403,34575.58924,27137.05091,18489.07336,12632.21577,8876.814776,19365.71045,6027.880123,4602.984159,3223.725236,2632.686766,1731.662881,365394.0138,268529.5993,18218.93917,20377.81036,633923.6131,38596.74953,0.06088549,0.049861077,0.075886645
