District ,Name of municipalities,HLCIT_CODE,CBS_Code,Total,Without any facility,At least one facility,Radio,Television,Cable television,computer,internet,Tele phone ,Mobile phone
Taplejung,Aatharai Tribeni Gaunpalika,524 1 01 4 006,10105,2888,541,2347,2001,323,38,21,16,27,1881
Taplejung,Maiwakhola Gaunpalika,524 1 01 4 005,10104,2194,436,1755,1505,202,23,28,3,71,1307
Taplejung,Meringden Gaunpalika,524 1 01 4 004,10103,2578,739,1839,1434,82,6,12,0,33,1359
Taplejung,Mikwakhola Gaunpalika,524 1 01 4 002,10102,1869,410,1459,1235,55,1,6,1,52,1029
Taplejung,Phaktanlung Gaunpalika,524 1 01 4 001,10101,2525,637,1888,1601,149,12,13,0,74,1079
Taplejung,Phungling Municipality,524 1 01 3 001,10106,5986,531,5447,4588,1648,992,294,95,451,4513
Taplejung,Sidingba Gaunpalika,524 1 01 4 008,10109,2370,600,1770,1506,79,12,8,1,97,1121
Taplejung,Sirijanga Gaunpalika,524 1 01 4 003,10108,3227,811,2415,2057,197,64,25,3,194,1521
Taplejung,Yangwarak Gaunpalika,524 1 01 4 007,10107,2834,566,2268,1974,223,10,5,5,104,1750
Panchthar,Falelung Gaunpalika,524 1 02 4 003,10903,4552,952,3553,3034,151,6,10,0,32,2027
Panchthar,Falgunanda Gaunpalika,524 1 02 4 005,10905,5162,987,4156,3250,812,107,48,11,40,3283
Panchthar,Hilihan Gaunpalika,524 1 02 4 001,10902,4792,864,3919,3300,337,45,19,3,142,2841
Panchthar,Kummayak Gaunpalika,524 1 02 4 004,10906,3500,706,2792,2319,514,43,31,4,25,2215
Panchthar,Miklajung Gaunpalika,524 1 02 4 007,10908,5550,1221,4305,3562,787,44,26,4,55,3232
Panchthar,Phidim Municipality,524 1 02 3 001,10904,10994,1943,8940,6702,1496,1531,446,210,397,7097
Panchthar,Tumbewa Gaunpalika,524 1 02 4 006,10907,2815,660,2148,1834,231,6,10,0,21,1490
Panchthar,Yangbarak Gaunpalika,524 1 02 4 002,10107,3811,879,2917,2252,440,76,33,3,228,2179
Ilam,Chulachuli Gaunpalika,524 1 03 4 004,11007,4649,555,4042,2688,1301,123,65,19,102,2940
Ilam,Deumai Municipality,524 1 03 3 001,11004,7123,800,6214,4956,2769,451,141,26,94,5270
Ilam,Fakfokathum Gaunpalika,524 1 03 4 001,11005,4634,652,3947,3241,926,57,35,7,108,3110
Ilam,Illam Municipality,524 1 03 3 002,11003,11383,787,10524,7948,6259,1582,884,336,1196,8984
Ilam,Mai Jogmai Gaunpalika,524 1 03 4 003,11001,4677,398,4226,3320,1619,146,36,6,66,3637
Ilam,Mai Municipality,524 1 03 3 004,11008,7077,1310,5745,4345,1591,157,58,8,215,3731
Ilam,Mangsebung Gaunpalika,524 1 03 4 005,11006,3729,723,2981,2375,514,17,18,0,71,2088
Ilam,Rong Gaunpalika,524 1 03 4 006,11010,4351,551,3725,2853,1226,63,27,3,95,2772
Ilam,Sandakpur Gaunpalika,524 1 03 4 002,11002,3643,362,3219,2494,1261,92,34,2,20,2409
Ilam,Suryodaya Municipality,524 1 03 3 003,11009,13211,989,12096,9043,7322,2122,353,60,611,9705
Jhapa,Arjundhara Municipality,524 1 04 3 004,11103,13623,753,12824,7465,9360,1753,804,251,834,10668
Jhapa,Barhadashi Gaunpalika,524 1 04 4 005,11111,7398,641,6670,3864,3496,104,156,32,71,4938
Jhapa,Bhadrapur Municipality,524 1 04 3 008,11114,15270,862,14334,7853,10835,3628,1469,574,2217,10896
Jhapa,Birtamod Municipality,524 1 04 3 007,11112,19118,892,18145,9662,12263,6843,2624,957,2401,15447
Jhapa,Buddhashanti Gaunpalika,524 1 04 4 002,11102,9498,580,8775,5941,6479,1037,496,255,546,7574
Jhapa,Damak Municipality,524 1 04 3 001,11107,18104,878,17167,9849,12333,6689,2357,805,3169,15344
Jhapa,Gauradaha Municipality,524 1 04 3 006,11108,12070,1013,11037,6138,7340,382,319,107,431,8520
Jhapa,Gauriganj Gaunpalika,524 1 04 4 003,11109,7140,815,6312,2743,2480,341,122,32,99,3707
Jhapa,Haldibari Gaunpalika,524 1 04 4 006,11113,6415,294,6100,3626,4228,187,203,58,106,4735
Jhapa,Jhapa Gaunpalika,524 1 04 4 004,11110,7098,1041,6042,2627,2928,341,107,26,36,4097
Jhapa,Kachanakawal Gaunpalika,524 1 04 4 007,11115,8742,850,7807,3833,3618,189,71,32,23,4356
Jhapa,Kamal Gaunpalika,524 1 04 4 001,11106,10256,634,9527,5242,6717,1119,450,108,514,8203
Jhapa,Kankai Municipality,524 1 04 3 003,11104,9426,737,8674,5418,6636,1240,658,238,887,7131
Jhapa,Mechinagar Municipality,524 1 04 3 005,11101,25531,1871,23490,12311,17223,5245,1715,594,2433,18803
Jhapa,Shivasatakshi Municipality,524 1 04 3 002,11105,14695,991,13631,8084,9619,946,565,154,690,11406
Morang,Belbari Municipality,524 1 05 3 003,11205,15338,1141,14076,6629,9479,1597,653,169,694,11205
Morang,Biratnagar Metropolitian City,524 1 05 1 001,11214,47798,2574,44773,21535,14410,21869,8455,4246,9897,36649
Morang,Budhiganga Gaunpalika,524 1 05 4 004,11213,9621,865,8699,3297,5321,1341,382,86,571,5656
Morang,Dhanapalthan Gaunpalika,524 1 05 4 008,11216,7957,961,6912,2057,3082,376,75,7,74,3636
Morang,Gramthan Gaunpalika,524 1 05 4 005,11212,7920,449,7437,2792,3783,834,168,39,87,4474
Morang,Jahada Gaunpalika,524 1 05 4 007,11217,8175,916,7220,1485,1950,264,67,10,19,3031
Morang,Kanepokhari Gaunpalika,524 1 05 4 003,11206,8683,876,7728,3574,4639,516,165,60,117,6291
Morang,Katahari Gaunpalika,524 1 05 4 006,11215,8009,746,7201,2781,3497,780,130,59,122,4489
Morang,Kerabari Gaunpalika,524 1 05 4 001,11203,6991,1091,5848,3831,2530,539,141,23,150,4764
Morang,Letang Municipality,524 1 05 3 001,11202,7339,917,6364,3954,2865,1440,370,77,645,5406
Morang,Miklajung Gaunpalika,524 1 05 4 002,10908,6417,836,5523,3292,1859,566,170,33,168,4673
Morang,Pathari Shanishchare Municipality,524 1 05 3 004,11207,13956,1031,12779,5901,7558,1756,755,144,874,11011
Morang,Rangeli Municipality,524 1 05 3 006,11211,11249,1718,9483,3539,5094,870,112,52,440,6215
Morang,Ratuwamai Municipality,524 1 05 3 008,11209,12482,1430,10907,3919,5796,192,178,37,250,7555
Morang,Sundarharaicha Municipality,524 1 05 3 002,11204,18610,1136,17261,8282,12620,1686,1122,290,1376,14352
Morang,Sunwarshi Municipality,524 1 05 3 007,11210,10795,1762,8975,2432,4400,220,97,11,121,5803
Morang,Urlabari Municipality,524 1 05 3 005,11208,12530,740,11732,5808,8449,1719,886,237,1266,9821
Sunsari,Baraha Municipality,524 1 06 3 001,11302,17552,1840,15544,7522,9722,1401,414,78,386,12272
Sunsari,Barju Gaunpalika,524 1 06 4 006,11312,6253,672,5553,2075,2606,728,48,4,63,3432
Sunsari,Bhokraha Gaunpalika,524 1 06 4 002,11304,6798,1112,5630,1854,1518,105,58,10,39,3926
Sunsari,Dewangunj Gaunpalika,524 1 06 4 005,11311,6361,881,5450,1759,1156,213,47,8,82,3082
Sunsari,Dharan Sub-Metropolitian City,524 1 06 2 001,11301,32693,2010,30389,14135,18509,14818,4589,1575,7682,26355
Sunsari,Duhabi Municipality,524 1 06 3 004,11307,11893,1132,10699,4020,6550,1877,391,128,454,7876
Sunsari,Gadhi Gaunpalika,524 1 06 4 003,11308,7039,809,6164,2344,2924,542,129,15,70,3740
Sunsari,Harinagara Gaunpalika,524 1 06 4 004,11310,6842,902,5871,1806,1391,110,80,8,39,3505
Sunsari,Inaruwa Municipality,524 1 06 3 003,11309,13020,990,11975,5738,7447,2348,746,313,1259,9345
Sunsari,Itahari Sub-Metropolitian City,524 1 06 2 002,11306,33794,1473,31998,13591,24477,8195,3786,1014,4261,27584
Sunsari,Koshi Gaunpalika,524 1 06 4 001,11303,8543,2554,5961,2419,1369,256,52,4,43,3696
Sunsari,Ramdhuni Municipality,524 1 06 3 002,11305,11491,795,10648,4225,7684,954,401,77,409,7949
Dhankuta,Chaubise Gaunpalika,524 1 07 4 004,10707,4542,684,3808,2952,1191,117,76,14,51,3198
Dhankuta,Chhathar Jorpati Gaunpalika,524 1 07 4 002,10703,4232,540,3643,2483,1729,216,69,32,87,3334
Dhankuta,Dhankuta Municipality,524 1 07 3 003,10704,9460,587,8763,6110,5618,2123,832,370,1238,8005
Dhankuta,Khalsa Chhintang Sahidbhumi Gaunpalika,524 1 07 4 001,10705,3876,702,3129,2178,1121,60,28,6,70,2521
Dhankuta,Mahalaxmi Municipality,524 1 07 3 001,10701,5482,803,4625,2964,1796,256,53,22,181,4081
Dhankuta,Pakhribas Municipality,524 1 07 3 002,10702,4977,545,4375,3379,2063,335,113,39,147,3783
Dhankuta,Sangurigadhi Gaunpalika,524 1 07 4 003,10706,5047,899,4111,2868,1563,133,66,16,70,3598
Terhathum,Aatharai Gaunpalika,524 1 08 4 003,10801,4578,830,3630,3057,363,35,15,1,80,2551
Terhathum,Chhathar Gaunpalika,524 1 08 4 004,10806,3636,490,3097,2325,1188,26,38,10,48,2361
Terhathum,Laligurans Municipality,524 1 08 3 001,10805,3677,427,3198,2160,1608,314,80,42,116,2873
Terhathum,Menchhayayem Gaunpalika,524 1 08 4 001,10803,1794,289,1457,1187,281,73,21,6,48,1106
Terhathum,Myanglung Municipality,524 1 08 3 002,10804,4595,371,4180,3199,2168,1196,202,99,495,3630
Terhathum,Phedap Gaunpalika,524 1 08 4 002,10802,3804,602,3166,2601,546,31,25,4,30,2606
Sankhuwasabha,Bhotkhola Gaunpalika,524 1 09 4 002,10201,1379,604,771,621,23,0,0,0,2,329
Sankhuwasabha,Chainapur Municipality,524 1 09 3 003,10208,5938,883,4966,3826,1220,471,171,51,289,4108
Sankhuwasabha,Chichila Gaunpalika,524 1 09 4 004,10204,1518,303,1187,1027,57,6,5,0,59,813
Sankhuwasabha,Dharmadevi Municipality,524 1 09 3 004,10210,3958,614,3309,2306,1146,90,57,8,151,2856
Sankhuwasabha,Khandabari Municipality,524 1 09 3 001,10206,7446,870,6405,4658,1927,1698,472,179,913,5151
Sankhuwasabha,Madi Municipality,524 1 09 3 005,10209,3216,373,2792,2130,836,171,39,7,149,2364
Sankhuwasabha,Makalu Gaunpalika,524 1 09 4 001,10202,2922,640,2255,1920,53,6,6,0,26,1344
Sankhuwasabha,Panchakhapan Municipality,524 1 09 3 002,10207,3634,788,2828,2164,402,56,26,5,45,2315
Sankhuwasabha,Sabhapokhari Gaunpalika,524 1 09 4 005,10205,2192,449,1715,1491,112,46,13,20,49,1226
Sankhuwasabha,Silichong Gaunpalika,524 1 09 4 003,10203,2412,592,1709,1525,26,1,2,0,65,891
Bhojpur,Aamchowk Gaunpalika,524 1 10 4 006,10609,3677,1087,2589,2141,148,5,4,0,33,1421
Bhojpur,Arun Gaunpalika,524 1 10 4 003,10605,3782,741,3023,2350,290,16,9,4,23,2359
Bhojpur,Bhojpur Municipality,524 1 10 3 002,10604,6438,1008,5372,4291,1596,298,174,139,538,4263
Bhojpur,Hatuwagadhi Gaunpalika,524 1 10 4 007,10608,4579,1309,3108,2367,251,4,11,2,99,2115
Bhojpur,Pauwa Dunma Gaunpalika,524 1 10 4 005,10606,3280,746,2517,2035,110,2,11,3,59,1920
Bhojpur,Ramprasad Rai Gaunpalika,524 1 10 4 004,10607,4016,952,2942,2414,173,7,3,7,44,2128
Bhojpur,Salpa Silichho Gaunpalika,524 1 10 4 001,10602,2728,720,1996,1740,65,7,9,0,101,1124
Bhojpur,Shadananda Municipality,524 1 10 3 001,10601,6832,1416,5367,4481,630,89,66,15,95,3859
Bhojpur,Tyamke Maiyum Gaunpalika,524 1 10 4 002,10603,4061,935,3068,2507,300,8,6,7,25,2233
Solukhumbu,Dhudha Koushika Gaunpalika,524 1 11 4 006,10305,4240,1167,3015,2772,178,6,14,4,69,1592
Solukhumbu,Dhudhakoshi Gaunpalika,524 1 11 4 004,10304,2803,675,2082,1879,106,25,11,2,64,1078
Solukhumbu,Khumbu Pasanglhamu Gaunpalika,524 1 11 4 001,10301,2433,390,2018,1445,454,677,121,82,349,1414
Solukhumbu,Likhu Pike Gaunpalika,524 1 11 4 003,10308,1168,146,1011,971,119,5,0,0,47,536
Solukhumbu,Mahakulung Gaunpalika,524 1 11 4 002,10302,2450,640,1796,1680,33,9,2,0,30,855
Solukhumbu,Necha Salyan Gaunpalika,524 1 11 4 005,10306,3636,737,2804,2601,230,12,11,5,105,1673
Solukhumbu,Solu Dhudhakunda Municipality,524 1 11 3 001,10307,4980,580,4346,3791,672,469,180,71,529,2794
Solukhumbu,Sotang Gaunpalika,524 1 11 4 007,10303,2048,441,1599,1536,49,1,3,1,49,603
Okhaldhunga,Champadevi Gaunpalika,524 1 13 4 004,10406,3796,1026,2707,2609,89,3,3,0,20,870
Okhaldhunga,Chishankhu Gadhi Gaunpalika,524 1 13 4 006,10401,3334,616,2605,2454,76,5,3,0,57,1419
Okhaldhunga,Khiji Demba Gaunpalika,524 1 13 4 001,10404,3111,509,2469,2276,189,5,11,0,29,1206
Okhaldhunga,Likhu Gaunpalika,524 1 13 4 002,10405,2957,690,2243,2037,122,8,7,3,65,1241
Okhaldhunga,Manebhanjyang Gaunpalika,524 1 13 4 007,10408,4618,1212,3230,2914,302,27,18,5,187,1554
Okhaldhunga,Molung Gaunpalika,524 1 13 4 003,10403,3669,699,2918,2650,143,8,6,0,64,1693
Okhaldhunga,Siddhicharan Municipality,524 1 13 3 001,10402,6994,1209,5637,4896,580,718,176,92,671,3842
Okhaldhunga,Sunkoshi Gaunpalika,524 1 13 4 005,10407,3987,979,2906,2542,166,8,5,53,34,2083
Khotang,Aiselukharka Gaunpalika,524 1 12 4 001,10502,3491,927,2524,2394,99,6,10,0,134,884
Khotang,Baraha Pokhari Gaunpalika,524 1 12 4 007,10510,2702,952,1715,1465,97,1,0,2,88,821
Khotang,Diprung Gaunpalika,524 1 12 4 004,10507,4140,1052,3038,2749,129,8,6,0,197,1440
Khotang,Halesi Tuwachung Municipality,524 1 12 3 001,10504,5838,1697,4025,3478,453,20,41,7,126,2128
Khotang,Jante Dhunga Gaunpalika,524 1 12 4 008,10509,3175,919,2097,1912,81,2,3,1,93,956
Khotang,Kepilasgadhi Gaunpalika,524 1 12 4 002,10501,3347,1372,1859,1689,102,22,6,0,84,696
Khotang,Khotehang Gaunpalika,524 1 12 4 006,10508,4703,1370,3221,2903,419,38,34,3,213,1632
Khotang,Lamidanda Gaunpalika,524 1 12 4 003,10503,2793,708,2012,1790,146,65,20,5,60,1282
Khotang,Rupakot Majhuwagadhi Municipality,524 1 12 3 002,10505,10050,1743,8051,6650,2416,790,355,102,578,6385
Khotang,Sakela Gaunpalika,524 1 12 4 005,10506,2408,356,1952,1760,86,11,4,6,60,1258
Udayapur,Belaka Municipality,524 1 14 3 004,11401,8930,1681,7152,4139,2119,52,53,10,114,5983
Udayapur,Chaudandigadhi Municipality,524 1 14 3 003,11402,10519,1517,8902,4736,4598,437,227,29,416,7440
Udayapur,Katari Municipality,524 1 14 3 001,11407,11717,2848,8780,5068,2255,1274,189,39,496,6588
Udayapur,Rautamai Gaunpalika,524 1 14 4 004,11404,4666,1693,2938,2219,194,274,29,1,202,1593
Udayapur,Sunkoshi Gaunpalika,524 1 14 4 002,10407,2316,817,1472,1326,52,0,3,1,30,776
Udayapur,Tapli Gaunpalika,524 1 14 4 001,11406,2703,956,1700,1564,42,1,3,0,47,660
Udayapur,Triyuga Municipality,524 1 14 3 002,11403,19484,2418,16874,8312,7137,4138,970,218,1164,14594
Udayapur,Udayapurgadhi Gaunpalika,524 1 14 4 003,11408,6179,2000,4105,2906,351,18,23,2,56,2944
Saptari,Agmisair Krishna Sabaran Gaunpalika,524 2 15 4 002,20103,5422,1250,4138,1870,1824,139,75,3,78,2732
Saptari,Balan-Bihul Gaunpalika,524 2 15 4 004,20108,3976,926,2963,1917,140,2,7,4,15,1640
Saptari,Belhi Chapena Gaunpalika,524 2 15 4 006,20111,5242,828,4330,2192,929,43,15,1,12,2344
Saptari,Bishnupur Gaunpalika,524 2 15 4 007,20112,4370,833,3482,1528,1397,166,42,9,50,2351
Saptari,Bode Barsain Municipality,524 2 15 3 006,20109,8022,1541,6132,3124,1396,26,45,5,12,3780
Saptari,Chhinnamasta Gaunpalika,524 2 15 4 008,20118,5439,1607,3675,1720,906,56,32,4,12,2097
Saptari,Dakneshwori Municipality,524 2 15 3 007,20110,8149,1635,6263,3138,1364,23,59,3,45,4081
Saptari,Hanumannagar Kankalini Municipality,524 2 15 3 009,20116,8152,1900,5931,3108,1840,169,76,14,136,3378
Saptari,Kanchanrup Municipality,524 2 15 3 005,20102,10192,1925,8000,3787,4084,538,149,19,396,5189
Saptari,Khadak Municipality,524 2 15 3 002,20106,8615,1302,7159,2520,3034,171,121,17,101,5208
Saptari,Mahadewa Gaunpalika,524 2 15 4 005,20114,5395,1399,3930,1508,1099,91,36,5,21,2154
Saptari,Rajbiraj Municipality,524 2 15 3 008,20113,13350,1538,11587,6661,5006,2722,925,254,1372,8453
Saptari,Rupani Gaunpalika,524 2 15 4 001,20104,5012,988,3977,1636,1445,68,44,6,32,2853
Saptari,Saptakoshi Municipality,524 2 15 3 004,20101,4539,888,3595,1481,2062,315,81,9,156,2621
Saptari,Shambhunath Municipality,524 2 15 3 003,20105,6764,971,5662,2471,2416,132,89,7,32,4098
Saptari,Surunga Municipality,524 2 15 3 001,20107,8650,1400,7100,3588,2103,73,76,5,45,5072
Saptari,Tilathi Koiladi Gaunpalika,524 2 15 4 009,20117,5697,1596,4003,1894,1495,83,51,8,44,2158
Saptari,Tirahut Gaunpalika,524 2 15 4 003,20115,4078,943,3006,1498,613,17,18,3,24,1691
Siraha,Arnama Gaunpalika,524 2 16 4 003,20209,4047,968,2921,1413,961,31,19,1,24,2107
Siraha,Aurahi Gaunpalika,524 2 16 4 004,20216,4245,930,3179,1982,206,9,4,0,24,1866
Siraha,Bariyarpatti Gaunpalika,524 2 16 4 005,20215,4264,810,3376,1747,686,51,18,0,27,2413
Siraha,Bhagawanpur Gaunpalika,524 2 16 4 009,20213,3661,893,2665,1221,839,23,20,2,9,1601
Siraha,Bishnupur Gaunpalika,524 2 16 4 002,20112,3469,797,2647,1151,1221,33,30,4,32,2212
Siraha,Dhangadhimai Municipality,524 2 16 3 004,20202,8757,1528,6982,3629,3126,124,113,14,68,4843
Siraha,Golbazar Municipality,524 2 16 3 003,20203,10110,1937,7956,3616,3475,863,204,31,198,5322
Siraha,Kalyanpur Municipality,524 2 16 3 006,20206,9391,1843,7353,3464,4250,161,94,10,97,5906
Siraha,Karjanha Municipality,524 2 16 3 001,20205,6088,1580,4480,1925,2684,356,81,9,45,3933
Siraha,Lahan Municipality,524 2 16 3 005,20201,17182,2238,14498,6776,7325,1674,696,131,725,10317
Siraha,Laxmipur Patari Gaunpalika,524 2 16 4 006,20211,4830,1085,3672,1505,1198,39,33,3,21,2313
Siraha,Mirchaiya Municipality,524 2 16 3 002,20204,9333,1400,7789,3232,4019,867,172,82,311,6022
Siraha,Naraha Gaunpalika,524 2 16 4 001,20207,3673,1039,2568,1076,1246,84,58,10,37,2012
Siraha,Nawarajpur Gaunpalika,524 2 16 4 007,20214,3280,774,2414,906,669,38,14,2,8,1450
Siraha,Sakhuwa Nankarkatti Gaunpalika,524 2 16 4 008,20212,3388,930,2418,977,946,35,30,1,19,1079
Siraha,Siraha Municipality,524 2 16 3 008,20217,15477,2792,12392,6374,7543,1168,305,72,430,9763
Siraha,Sukhipur Municipality,524 2 16 3 007,20210,6734,1601,4994,2011,1517,144,50,7,59,3384
Dhanusa,Aurahi Gaunpalika,524 2 17 4 003,20404,4003,514,3353,1626,1174,118,26,3,73,2642
Dhanusa,Bateshwor Gaunpalika,524 2 17 4 001,20304,3671,780,2785,1479,1275,70,32,2,72,2036
Dhanusa,Bideha Municipality,524 2 17 3 010,20313,5817,907,4288,2590,1651,159,47,6,88,3011
Dhanusa,Chhireshwornath Municipality,524 2 17 3 003,20305,7775,1170,6404,3420,3692,657,176,43,305,5201
Dhanusa,Dhanauji Gaunpalika,524 2 17 4 004,20316,3717,697,2909,1548,1804,214,28,6,108,1936
Dhanusa,Dhanushadham Municipality,524 2 17 3 004,20302,8715,1484,7084,3641,3978,391,106,16,183,5969
Dhanusa,Ganeshman Charnath Municipality,524 2 17 3 002,20301,7037,1280,5633,2864,2752,358,68,9,98,4785
Dhanusa,Hansapur Municipality,524 2 17 3 007,20308,6912,1184,5538,2531,2342,415,49,4,72,4479
Dhanusa,Janak Nandini Gaunpalika,524 2 17 4 006,20312,4461,964,3264,1491,1192,138,32,7,47,2794
Dhanusa,Janakpur Sub-Metropolitian City,524 2 17 2 001,20315,30589,2821,27232,13894,16284,12738,2666,706,4069,23068
Dhanusa,Kamala Municipality,524 2 17 3 011,20311,6999,1581,5181,2571,1324,59,29,4,35,4128
Dhanusa,Laxminiya Gaunpalika,524 2 17 4 002,20306,4995,548,4373,2028,2530,865,73,9,101,3430
Dhanusa,Mithila Bihari Municipality,524 2 17 3 005,20307,6066,739,5074,2235,2393,480,57,5,75,4309
Dhanusa,Mithila Municipality,524 2 17 3 001,20303,8229,1050,7000,4315,3598,899,169,16,221,5471
Dhanusa,Mukhiyapatti Musaharmiya Gaunpalika,524 2 17 4 005,20318,4130,603,3434,1874,1019,188,62,10,73,2710
Dhanusa,Nagarain Municipality,524 2 17 3 009,20317,6365,1058,5200,2625,2578,230,74,7,155,4114
Dhanusa,Sabaila Municipality,524 2 17 3 006,20309,10073,1482,8407,3974,4503,1146,85,14,153,6939
Dhanusa,Shahidnagar Municipality,524 2 17 3 008,20310,8671,1283,7163,3985,3507,423,75,10,127,5891
Mahottari,Aurahi Municipality,524 2 18 3 003,20216,5822,1667,4113,2073,1618,273,52,2,131,2268
Mahottari,Balawa Municipality,524 2 18 3 007,20407,7661,1568,5934,2477,2919,289,67,19,130,3902
Mahottari,Bardibas Municipality,524 2 18 3 001,20401,13113,2186,10819,5972,3720,2118,311,63,556,7895
Mahottari,Bhangaha Municipality,524 2 18 3 004,20405,8560,2507,5919,2923,2255,278,50,7,117,4128
Mahottari,Ekadara Gaunpalika,524 2 18 4 003,20411,4809,1100,3660,1415,1356,166,45,7,56,2721
Mahottari,Gaushala Municipality,524 2 18 3 002,20402,11893,2398,9236,4421,3648,350,104,18,255,5562
Mahottari,Jaleshwor Municipality,524 2 18 3 009,20415,10034,1752,8099,3675,4369,1212,234,62,391,6009
Mahottari,Loharpatti Municipality,524 2 18 3 008,20406,7317,1219,6053,3147,3245,450,99,12,148,4587
Mahottari,Mahottari Gaunpalika,524 2 18 4 004,20412,4861,1143,3672,1583,1907,69,34,14,35,2369
Mahottari,Manara Shisawa Municipality,524 2 18 3 006,20410,8532,2115,6154,2715,2676,656,83,9,84,4187
Mahottari,Matihani Municipality,524 2 18 3 010,20414,5226,1198,3959,1092,1542,440,64,5,129,2793
Mahottari,Pipara Gaunpalika,524 2 18 4 005,20413,6490,1320,4997,2125,2933,448,101,17,113,3137
Mahottari,Ram Gopalpur Municipality,524 2 18 3 005,20408,5257,1555,3595,1397,1303,163,31,7,110,2465
Mahottari,Samsi Gaunpalika,524 2 18 4 002,20409,5382,2245,3073,1375,874,108,27,3,49,1804
Mahottari,Sonama Gaunpalika,524 2 18 4 001,20403,6341,1343,4822,2486,1156,120,37,4,94,2939
Sarlahi,Bagmati Municipality,524 2 19 3 001,20503,7984,1299,6534,3706,3017,694,116,23,77,4242
Sarlahi,Balara Municipality,524 2 19 3 011,20516,7693,2335,5248,2633,1188,114,50,6,43,3032
Sarlahi,Barahathawa Municipality,524 2 19 3 004,20504,11853,2253,9410,5391,3568,759,151,32,288,6105
Sarlahi,Basbariya Gaunpalika,524 2 19 4 001,20513,3699,1133,2527,1190,522,12,31,6,31,1443
Sarlahi,Bishnu Gaunpalika,524 2 19 4 008,20518,4008,920,2994,1725,200,6,13,4,25,1781
Sarlahi,Brahmapuri Gaunpalika,524 2 19 4 007,20509,4735,1120,3351,1423,1051,71,27,7,45,1954
Sarlahi,Chakraghatta Gaunpalika,524 2 19 4 004,20512,4409,1417,2919,1135,927,53,27,6,23,1414
Sarlahi,Chandranagar Gaunpalika,524 2 19 4 002,20510,5540,1610,3774,1120,1339,72,29,1,42,2243
Sarlahi,Dhanakaul Gaunpalika,524 2 19 4 003,20514,3964,785,3071,1831,178,6,17,22,9,1884
Sarlahi,Godaita Municipality,524 2 19 3 008,20517,7902,2110,5620,2807,1259,68,53,12,33,3119
Sarlahi,Haripur Municipality,524 2 19 3 005,20505,6517,1393,4992,2136,2324,269,73,22,62,3462
Sarlahi,Haripurwa Municipality,524 2 19 3 010,20507,5904,1703,4129,1984,1369,64,40,5,43,2362
Sarlahi,Hariwan Municipality,524 2 19 3 002,20502,8601,940,7493,3974,4163,1725,273,91,317,5219
Sarlahi,Ishworpur Municipality,524 2 19 3 006,20506,11073,1817,8992,4503,4160,864,130,15,188,5982
Sarlahi,Kabilashi Municipality,524 2 19 3 007,20511,6871,2103,4547,1657,1998,209,54,5,98,2799
Sarlahi,Kaudena Gaunpalika,524 2 19 4 006,20519,4073,915,3101,1621,1194,60,30,3,58,1569
Sarlahi,Lalbandi Municipality,524 2 19 3 003,20501,12238,1609,10488,5991,3973,2593,444,96,648,7926
Sarlahi,Malangawa Municipality,524 2 19 3 009,20520,7912,1171,6573,2339,3331,2295,389,128,565,4974
Sarlahi,Parsa Gaunpalika,524 2 19 4 009,20508,3342,978,2307,1184,868,180,24,1,40,1560
Sarlahi,Ramnagar Gaunpalika,524 2 19 4 005,20515,4485,886,3450,1966,408,17,27,6,17,2344
Rautahat,Boudhimai Municipality,524 2 32 3 010,20611,4807,434,4159,1670,698,55,54,1,42,2394
Rautahat,Brindaban Municipality,524 2 32 3 005,20605,6374,984,5078,2091,1305,59,41,8,65,2880
Rautahat,Chandrapur Municipality,524 2 32 3 002,20601,13445,1526,11326,5766,6870,1520,349,77,504,7417
Rautahat,Dewahi Gonahi Municipality,524 2 32 3 007,20609,4691,1254,3346,1534,601,20,25,6,28,2016
Rautahat,Durga Bhagawati Gaunpalika,524 2 32 4 002,20615,3812,847,2900,1978,1101,111,40,11,37,1912
Rautahat,Gadhimai Municipality,524 2 32 3 009,20606,6069,1530,4422,2347,891,67,33,7,23,2246
Rautahat,Garuda Municipality,524 2 32 3 008,20608,7444,1290,5972,2501,2137,219,87,15,155,3758
Rautahat,Gaur Municipality,524 2 32 3 015,20617,5635,618,4825,2374,2343,1282,246,73,469,3358
Rautahat,Gujara Municipality,524 2 32 3 001,20602,7391,1137,5961,2667,1664,222,54,3,36,3130
Rautahat,Ishanath Municipality,524 2 32 3 013,20618,5834,1236,4343,2154,825,131,31,9,33,2939
Rautahat,Katahariya Municipality,524 2 32 3 004,20604,5919,764,4954,2340,989,113,59,7,44,2759
Rautahat,Madhav Narayan Municipality,524 2 32 3 011,20607,5479,912,4202,1738,723,23,31,3,22,2138
Rautahat,Maulapur Municipality,524 2 32 3 006,20610,3830,411,3344,1555,505,18,15,2,14,1687
Rautahat,Paroha Municipality,524 2 32 3 012,20612,5380,1109,4089,1632,787,32,36,7,21,2420
Rautahat,Phatuwa Bijayapur Municipality,524 2 32 3 003,20603,5633,674,4791,2812,583,12,24,7,30,2439
Rautahat,Rajdevi Municipality,524 2 32 3 016,20616,5365,980,4274,2198,1069,73,45,13,17,2602
Rautahat,Rajpur Municipality,524 2 32 3 014,20613,5768,1970,3561,1221,525,47,27,4,27,2067
Rautahat,Yamunamai Gaunpalika,524 2 32 4 001,20614,3776,925,2759,1030,672,29,25,2,22,1965
Bara,Aadarsha Kotwal Gaunpalika,524 2 33 4 009,20711,3960,543,3304,1123,667,19,22,2,7,2129
Bara,Baragadhi Gaunpalika,524 2 33 4 006,20710,4270,861,3354,937,1258,52,29,7,75,1963
Bara,Bishrampur Gaunpalika,524 2 33 4 004,20706,3395,291,3062,731,1104,55,32,7,39,1890
Bara,Devtal Gaunpalika,524 2 33 4 007,20715,3185,383,2689,552,672,59,34,5,30,1899
Bara,Jitpur Simara Sub-Metropolitian City,524 2 33 2 001,20703,21670,1620,19679,7876,11662,7362,951,214,902,15380
Bara,Kalaiya Sub-Metropolitian City,524 2 33 2 002,20708,18689,1474,16806,5674,7737,2032,548,106,651,11812
Bara,Karaiyamai Gaunpalika,524 2 33 4 003,20709,4173,446,3653,1427,1551,39,46,13,21,2381
Bara,Kolhabi Municipality,524 2 33 3 002,20702,8111,728,7216,3705,3929,432,103,29,141,4925
Bara,Mahagadhimai Municipality,524 2 33 3 003,20714,7773,702,6872,2276,2128,825,66,19,106,4879
Bara,Nijagadh Municipality,524 2 33 3 001,20701,7162,738,6280,3329,2536,1972,244,62,273,4677
Bara,Pacharauta Municipality,524 2 33 3 004,20713,4707,716,3912,1602,929,58,33,6,44,2385
Bara,Parawanipur Gaunpalika,524 2 33 4 001,20704,3166,203,2900,1192,1382,441,71,7,34,2279
Bara,Pheta Gaunpalika,524 2 33 4 005,20707,3585,271,3273,784,1435,86,18,1,14,2190
Bara,Prasauni Gaunpalika,524 2 33 4 002,20705,3626,337,3239,963,1624,70,76,11,44,2316
Bara,Simroungadh Municipality,524 2 33 3 005,20712,7093,757,6266,2830,1600,222,60,16,61,3489
Bara,Subarna Gaunpalika,524 2 33 4 008,20716,4035,361,3592,1163,676,48,26,4,34,2229
Parsa,Bahudarmai Municipality,524 2 34 3 002,20808,5681,296,5288,1925,2592,229,46,5,24,3502
Parsa,Bindabasini Gaunpalika,524 2 34 4 010,20814,3576,137,3351,944,1089,171,35,2,24,1765
Parsa,Birgunj Metropolitian City,524 2 34 1 001,20807,39286,2149,36338,11061,20682,13300,3864,1359,3181,27722
Parsa,Chhipaharmai Gaunpalika,524 2 34 4 007,20812,3983,872,2808,932,613,11,24,2,20,1557
Parsa,Dhobini Gaunpalika,524 2 34 4 006,20811,2975,476,2438,376,633,33,13,2,7,1298
Parsa,Jagarnathpur Gaunpalika,524 2 34 4 005,20803,4953,705,4095,1126,827,40,32,1,12,2356
Parsa,Jirabhawani Gaunpalika,524 2 34 4 002,20802,4117,641,3366,1231,1138,77,14,0,14,1886
Parsa,Kalikamai Gaunpalika,524 2 34 4 008,20810,3042,422,2518,873,954,28,25,4,33,1896
Parsa,Pakaha Mainpur Gaunpalika,524 2 34 4 009,20813,3038,454,2497,599,921,21,33,9,20,1431
Parsa,Parsagadhi Municipality,524 2 34 3 003,20806,6412,563,5679,2316,2531,222,50,5,29,3743
Parsa,Paterwa Sugauli Gaunpalika,524 2 34 4 003,20804,4002,453,3397,1236,1198,103,28,1,38,2063
Parsa,Pokhariya Municipality,524 2 34 3 001,20809,4875,420,4368,905,1427,27,25,8,32,2702
Parsa,Sakhuwa Prasauni Gaunpalika,524 2 34 4 004,20805,5329,591,4633,1964,1770,185,41,9,36,2985
Parsa,Thori Gaunpalika,524 2 34 4 001,20801,4247,514,3656,3026,1239,75,22,5,45,2290
Sindhuli,Dudhouli Municipality,524 3 20 3 002,31101,13164,3006,9504,5858,3128,625,112,12,390,6492
Sindhuli,Ghyanglekha Gaunpalika,524 3 20 4 003,31107,2457,941,1472,1253,77,3,4,0,39,720
Sindhuli,Golanjor Gaunpalika,524 3 20 4 005,31104,3681,806,2816,2380,460,221,19,2,154,1815
Sindhuli,Hariharpurgaghi Gaunpalika,524 3 20 4 001,31109,4586,1636,2817,2169,295,24,9,1,55,1525
Sindhuli,Kamalamai Municipality,524 3 20 3 001,31105,14315,2476,11661,7648,5395,4134,744,215,1196,8539
Sindhuli,Marin Gaunpalika,524 3 20 4 002,31108,4870,1639,3148,2552,160,13,23,3,177,1752
Sindhuli,Phikkal Gaunpalika,524 3 20 4 007,31102,3035,941,1997,1837,67,3,4,1,76,835
Sindhuli,Sunkoshi Gaunpalika,524 3 20 4 004,10407,4557,991,3436,3038,440,91,13,1,253,2338
Sindhuli,Tinpatan Gaunpalika,524 3 20 4 006,31103,6879,2057,4697,4198,450,49,14,1,581,1991
Ramechhap,Doramba Gaunpalika,524 3 21 4 002,31007,4993,1443,3263,2708,381,11,9,0,36,1946
Ramechhap,Gokulganga Gaunpalika,524 3 21 4 003,31002,4446,597,3579,2918,852,244,38,9,33,2574
Ramechhap,Khandadevi Gaunpalika,524 3 21 4 005,31006,5372,1053,4073,3565,467,13,8,0,63,2577
Ramechhap,Likhu Gaunpalika,524 3 21 4 006,10405,4928,990,3805,3462,183,41,16,1,104,2419
Ramechhap,Manthali  Municipality,524 3 21 3 001,31005,10099,1718,8018,6466,1745,782,264,89,401,5909
Ramechhap,Ramechhap Municipality,524 3 21 3 002,31004,6126,1261,4730,4341,958,203,39,4,235,2693
Ramechhap,Sunapati Gaunpalika,524 3 21 4 001,31008,4050,761,3153,2776,441,10,25,4,66,1942
Ramechhap,Umakunda Gaunpalika,524 3 21 4 004,31001,3869,631,3115,2879,546,36,28,4,148,1946
Dolakha,Baitedhar Gaunpalika,524 3 22 4 004,20304,5079,693,4294,3752,1398,122,127,15,26,3004
Dolakha,Bhimeshwor Municipality,524 3 22 3 001,30109,8639,1028,7504,6069,3364,1922,504,145,368,5660
Dolakha,Bigu Gaunpalika,524 3 22 4 001,30102,4418,1138,3228,3040,294,9,11,2,60,1127
Dolakha,Gaurishankar Gaunpalika,524 3 22 4 002,30101,4067,590,3357,3173,317,40,10,0,77,1513
Dolakha,Jiri Municipality,524 3 22 3 002,30105,3854,451,3379,2765,810,673,148,38,190,2409
Dolakha,Kalinchowk Gaunpalika,524 3 22 4 003,30103,5457,971,4363,4108,688,137,44,6,19,2361
Dolakha,Melung Gaunpalika,524 3 22 4 006,30107,4841,850,3866,3505,776,143,20,7,19,2463
Dolakha,Shailung Gaunpalika,524 3 22 4 005,30108,4958,783,4078,3600,998,194,24,2,30,2876
Dolakha,Tamakoshi Gaunpalika,524 3 22 4 007,30106,4345,620,3712,3245,1047,181,81,23,42,2771
Sindhupalchok,Bahrabise Municipality,524 3 23 3 003,30209,6225,1512,4589,2586,1985,771,130,54,240,3763
Sindhupalchok,Balephi Gaunpalika,524 3 23 4 006,30208,4429,767,3580,2225,1786,566,122,46,168,2828
Sindhupalchok,Bhotekoshi Gaunpalika,524 3 23 4 004,30201,4183,958,3165,1266,1286,1073,65,33,114,2593
Sindhupalchok,Choutara Sangachowkgadhi Municipality,524 3 23 3 002,30207,10906,1592,9037,6068,4828,924,329,123,345,6925
Sindhupalchok,Helambu Gaunpalika,524 3 23 4 001,30204,4203,658,3464,2693,1371,203,27,11,60,2556
Sindhupalchok,Indrawoti Gaunpalika,524 3 23 4 005,30206,6211,1272,4786,3442,1908,17,40,7,34,3857
Sindhupalchok,Jugal Gaunpalika,524 3 23 4 003,30202,3941,1070,2829,2426,547,24,17,2,25,1479
Sindhupalchok,Lisankhu Pakhar Gaunpalika,524 3 23 4 009,30211,3680,605,3018,2342,1299,90,59,16,103,2464
Sindhupalchok,Melanchi Municipality,524 3 23 3 001,30205,10097,2106,7907,5110,2700,471,144,66,111,6346
Sindhupalchok,Panchpokhari Thangpal Gaunpalika,524 3 23 4 002,30203,5007,1260,3591,2304,1806,20,15,12,27,2544
Sindhupalchok,Sunkoshi Gaunpalika,524 3 23 4 007,10407,4359,714,3590,2486,2128,275,61,22,73,2540
Sindhupalchok,Tripurasundari Gaunpalika,524 3 23 4 008,30210,3394,1033,2345,1701,955,146,12,3,32,1648
Kavrepalanchok,Banepa Municipality,524 3 24 3 002,30904,12106,345,11583,6521,10123,5036,2581,856,2065,10244
Kavrepalanchok,Bethanchowk Gaunpalika,524 3 24 4 003,30910,3601,518,3005,2061,1732,86,54,6,218,2572
Kavrepalanchok,Bhumlu Gaunpalika,524 3 24 4 001,30902,4513,751,3595,2949,1473,93,47,26,109,2169
Kavrepalanchok,Chauri Deurali Gaunpalika,524 3 24 4 002,30901,4664,1166,3461,2908,743,12,32,3,72,2366
Kavrepalanchok,Dhulikhel Municipality,524 3 24 3 003,30905,7061,550,6351,3954,4615,1277,786,254,599,5439
Kavrepalanchok,Khanikhola Gaunpalika,524 3 24 4 006,30913,2372,740,1566,1213,243,10,7,0,115,884
Kavrepalanchok,Mahabharat Gaunpalika,524 3 24 4 007,30912,2910,1019,1790,1383,265,1,11,0,71,1042
Kavrepalanchok,Mandan Deupur Municipality,524 3 24 3 001,30903,7328,883,6281,4175,3202,362,187,58,219,5321
Kavrepalanchok,Namobuddha Municipality,524 3 24 3 006,30908,6584,650,5692,3883,3557,239,120,21,256,4251
Kavrepalanchok,Panauti Municipality,524 3 24 3 005,30909,10196,461,9534,5987,8386,1400,1177,326,1197,8165
Kavrepalanchok,Panchkhal Municipality,524 3 24 3 004,30906,8544,885,7564,4818,5117,582,393,89,464,6563
Kavrepalanchok,Roshi Gaunpalika,524 3 24 4 004,30911,5896,1320,4421,3541,1027,63,35,6,245,2434
Kavrepalanchok,Temal Gaunpalika,524 3 24 4 005,30907,4876,1122,3540,2644,812,20,38,3,120,2384
Lalitpur,Bagmati Gaunpalika,524 3 25 4 001,20503,2614,381,2175,1797,746,116,22,8,126,1470
Lalitpur,Godawari Municipality,524 3 25 3 001,30803,17762,771,16610,9441,13807,5283,3267,1113,3261,14150
Lalitpur,Konjyosom Gaunpalika,524 3 25 4 002,30804,2001,326,1610,1159,981,44,23,0,66,1138
Lalitpur,Lalitpur Metropolitian City,524 3 25 1 001,30801,70256,898,68710,41024,46906,46364,28336,14958,25181,63717
Lalitpur,Mahalaxmi Municipality,524 3 25 3 002,10701,14930,424,14267,7972,9291,8829,4793,1805,4558,12603
Lalitpur,Mahankal Gaunpalika,524 3 25 4 003,30805,1942,203,1722,1459,808,109,29,11,72,1362
Bhaktapur,Bhaktapur Municipality,524 3 26 3 003,30702,17639,424,17033,8640,15036,9889,5352,2198,4816,15418
Bhaktapur,Changunarayan Municipality,524 3 26 3 002,30701,12170,404,11510,6880,10143,3856,1924,539,2010,9689
Bhaktapur,Madhyapur Thimi Municipality,524 3 26 3 001,30703,20302,350,19785,12262,16307,13285,7529,3863,5626,18540
Bhaktapur,Suryabinayak Municipality,524 3 26 3 004,30704,18446,455,17772,10738,15222,10548,5419,2364,5028,15941
Kathmandu,Budhanilkhantha Municipality,524 3 27 3 003,30604,26485,418,25861,15448,20734,17310,8778,4497,7143,23905
Kathmandu,Chandragiri Municipality,524 3 27 3 008,30610,20532,514,19812,11222,15460,12286,5274,2182,5529,17907
Kathmandu,Dakshinkali Municipality,524 3 27 3 010,30611,5488,370,5025,3102,4314,1838,861,332,819,4453
Kathmandu,Gokarneshwor Municipality,524 3 27 3 004,30603,27106,649,26060,10923,18018,15396,5432,2152,4298,23836
Kathmandu,Kageshwori Manahara Municipality,524 3 27 3 006,30602,14329,397,13793,7450,11141,6924,3885,1524,3464,12482
Kathmandu,Kathmandu Metropolitian City,524 3 27 1 001,30601,254292,2903,249301,148315,195795,182144,103045,60371,80413,233802
Kathmandu,Kirtipur Municipality,524 3 27 3 009,30609,19441,286,19077,12911,11483,9636,7751,4504,5038,18097
Kathmandu,Nagarjun Municipality,524 3 27 3 005,30607,16746,207,16380,10019,13276,10371,5480,2609,4737,15331
Kathmandu,Shankharapur Municipality,524 3 27 3 007,30601,5406,525,4765,2887,3382,1110,500,147,512,4044
Kathmandu,Tarakeshwor Municipality,524 3 27 3 001,30507,20158,542,19440,9849,14022,10561,4846,1683,3257,17721
Kathmandu,Tokha Municipality,524 3 27 3 002,30605,25561,427,24971,12428,17996,17314,8670,4353,6303,23605
Nuwakot,Belkotgadhi Municipality,524 3 28 3 002,30508,8099,865,6833,5442,1910,316,102,23,152,5573
Nuwakot,Bidur Municipality,524 3 28 3 001,30504,12505,1219,10946,6216,5729,3643,923,242,1166,8830
Nuwakot,Dupcheshwor Gaunpalika,524 3 28 4 008,30501,4451,981,3301,2861,347,47,12,1,35,1660
Nuwakot,Kakani Gaunpalika,524 3 28 4 009,30512,5183,576,4485,3475,2335,273,94,27,122,3301
Nuwakot,Kispang Gaunpalika,524 3 28 4 002,30505,3340,821,2398,1405,1083,177,29,4,19,1821
Nuwakot,Likhu Gaunpalika,524 3 28 4 006,10405,3629,442,3063,2216,1789,312,80,22,44,2322
Nuwakot,Meghang Gaunpalika,524 3 28 4 001,30506,3388,630,2664,1948,1535,94,28,6,114,1602
Nuwakot,Panchakanya Gaunpalika,524 3 28 4 007,30510,3321,433,2748,2266,718,127,30,3,75,1964
Nuwakot,Shivapuri Gaunpalika,524 3 28 4 010,30511,4676,1071,3537,2944,433,8,9,3,30,2419
Nuwakot,Suryagadhi Gaunpalika,524 3 28 4 004,30503,3509,797,2652,1876,824,89,33,3,32,2134
Nuwakot,Tadi Gaunpalika,524 3 28 4 005,30502,3582,661,2697,2270,784,62,31,9,106,1800
Nuwakot,Tarakeshwor Gaunpalika,524 3 28 4 003,30507,3511,453,2938,2357,704,86,10,100,33,2157
Rasuwa,Gosaikunda Gaunpalika,524 3 29 4 002,30301,2017,424,1586,858,687,519,95,52,340,1200
Rasuwa,Kalika Gaunpalika,524 3 29 4 004,30304,2089,212,1848,1366,621,383,55,12,113,1424
Rasuwa,Naukunda Gaunpalika,524 3 29 4 005,30305,2483,592,1859,1502,274,14,20,3,31,1194
Rasuwa,Parbatikunda Gaunpalika,524 3 29 4 001,30302,1306,535,756,414,115,26,12,5,26,562
Rasuwa,Uttargaya Gaunpalika,524 3 29 4 003,30303,1846,436,1394,945,574,394,49,11,87,1084
Dhading,Benighat Rorang Gaunpalika,524 3 30 4 008,30409,6169,1309,4783,3550,557,1030,138,42,265,3136
Dhading,Dhunibenshi Municipality,524 3 30 3 002,30413,6759,773,5912,4195,3574,574,161,44,144,4656
Dhading,Gajuri Gaunpalika,524 3 30 4 009,30410,5600,1144,4373,3002,412,849,149,47,102,3344
Dhading,Galchhi Gaunpalika,524 3 30 4 010,30411,5410,764,4502,3323,930,699,132,23,275,3304
Dhading,Ganga Jamuna Gaunpalika,524 3 30 4 002,30403,4864,715,4030,3440,784,37,16,0,204,3123
Dhading,Jwalamukhi Gaunpalika,524 3 30 4 006,30407,5730,639,4949,4194,1050,135,39,10,107,3736
Dhading,Khaniyabas Gaunpalika,524 3 30 4 003,30402,2651,580,1926,1643,527,14,11,3,86,1222
Dhading,Netrawati Gaunpalika,524 3 30 4 005,30405,3121,365,2708,2372,691,44,14,2,55,2023
Dhading,Nilkhantha Municipality,524 3 30 3 001,30406,13984,1216,12442,9129,4080,2708,763,298,915,10507
Dhading,Rubi Valley Gaunpalika,524 3 30 4 001,30401,2134,1150,952,863,152,1,4,1,12,213
Dhading,Siddhalek Gaunpalika,524 3 30 4 007,30408,5138,760,4292,3385,1058,214,66,13,89,3320
Dhading,Thakre Gaunpalika,524 3 30 4 011,30412,6927,790,5953,4212,2001,641,133,32,116,4727
Dhading,Tripurasundari Gaunpalika,524 3 30 4 004,60105,5355,668,4604,3857,870,216,40,11,269,3584
Makwanpur,Bagmati Gaunpalika,524 3 31 4 008,20503,5731,1561,4016,3135,753,25,20,1,143,2105
Makwanpur,Bakaiya Gaunpalika,524 3 31 4 007,31209,7538,1710,5679,3746,1483,256,56,25,170,4244
Makwanpur,Bhimphedi Gaunpalika,524 3 31 4 004,31207,4810,580,4112,2950,1736,457,89,18,148,3323
Makwanpur,Hetauda Sub-Metropolitian City,524 3 31 2 001,31206,34270,1980,31938,20842,20242,18606,5131,1894,4601,28307
Makwanpur,Indrasarowar Gaunpalika,524 3 31 4 005,31201,3054,677,2362,1747,1060,57,29,4,68,1670
Makwanpur,Kailash Gaunpalika,524 3 31 4 003,31203,4263,1204,2939,2536,149,6,2,1,26,1546
Makwanpur,Makawanpurgadhi Gaunpalika,524 3 31 4 006,31208,5003,642,4295,3518,1644,214,67,8,132,3370
Makwanpur,Manahari Gaunpalika,524 3 31 4 001,31205,7891,1511,6313,4030,2416,1469,142,32,120,4971
Makwanpur,Raksirang Gaunpalika,524 3 31 4 002,31204,4557,1098,3393,3017,193,6,9,0,20,1725
Makwanpur,Thaha Municipality,524 3 31 3 001,31202,8928,1043,7722,5837,3475,1747,175,54,272,6166
Chitawan,Bharatpur Metropolitian City,524 3 35 1 001,30702,69035,2453,65941,45258,43239,34122,12550,6976,11371,57996
Chitawan,Ichchha Kamana Gaunpalika,524 3 35 4 001,31303,4778,727,3940,2995,861,833,135,44,195,2647
Chitawan,Kalika Municipality,524 3 35 3 001,30304,9116,773,8214,5742,3791,2118,468,157,311,6511
Chitawan,Khairahani Municipality,524 3 35 3 003,31306,12331,422,11750,6910,6596,4810,1345,619,1171,10053
Chitawan,Madi Municipality,524 3 35 3 005,10209,8960,894,7857,6499,2244,67,48,95,292,6220
Chitawan,Rapti Municipality,524 3 35 3 004,31301,12055,1179,10746,7092,5126,2366,737,286,708,8487
Chitawan,Ratnanagar Municipality,524 3 35 3 002,31305,16070,481,15420,10328,9195,9052,2497,1356,2661,13722
Gorkha,Aarughat Gaunpalika,524 4 36 4 006,40105,5614,1272,4243,3420,878,354,60,16,147,2784
Gorkha,Ajirkot Gaunpalika,524 4 36 4 002,40102,3618,708,2824,2355,550,38,12,0,27,1832
Gorkha,Bhimsen Gaunpalika,524 4 36 4 007,40106,5438,688,4624,3985,1397,83,40,5,56,3688
Gorkha,Chumanubri Gaunpalika,524 4 36 4 001,40101,1949,1033,897,696,161,32,10,2,24,294
Gorkha,Dharche Gaunpalika,524 4 36 4 004,40104,3128,1222,1872,1605,169,20,4,0,31,819
Gorkha,Gandaki Gaunpalika,524 4 36 4 009,40111,5253,816,4311,3406,1112,602,30,2,80,2955
Gorkha,Gorkha Municipality,524 4 36 3 002,40109,13127,946,11939,9540,7442,3899,780,238,1066,10518
Gorkha,Palungtar Municipality,524 4 36 3 001,40108,9924,1378,8475,6316,4447,842,100,20,119,7016
Gorkha,Shahid Lakhan Gaunpalika,524 4 36 4 008,40110,6682,757,5756,4593,2642,863,84,22,117,4962
Gorkha,Siranchowk Gaunpalika,524 4 36 4 005,40107,5896,927,4842,4048,1835,141,23,4,53,3424
Gorkha,Sulikot Gaunpalika,524 4 36 4 003,40103,5829,1472,4219,3414,837,420,18,6,44,2658
Lamjung,Bensi Shahar Municipality,524 4 37 3 002,40605,10422,770,9472,6315,1604,4750,723,330,590,8318
Lamjung,Dordi Gaunpalika,524 4 37 4 003,40601,4337,792,3359,2531,708,368,24,9,39,2437
Lamjung,Dudhapokhari Gaunpalika,524 4 37 4 004,40608,2590,432,2118,1822,328,65,3,1,28,1395
Lamjung,Kwhola Sothar Gaunpalika,524 4 37 4 001,40603,2452,384,2005,1578,377,144,8,6,37,1469
Lamjung,Madhya Nepal Municipality,524 4 37 3 001,40604,5888,573,5205,4064,1225,961,128,39,114,4435
Lamjung,Marshyangdi Gaunpalika,524 4 37 4 002,40602,4409,709,3551,2354,651,1093,46,31,51,3076
Lamjung,Rainas Municipality,524 4 37 3 004,40607,4751,694,3981,2877,1295,556,39,7,101,3185
Lamjung,Sundarbazar Municipality,524 4 37 3 003,40606,7199,709,6380,4034,2274,2321,326,103,70,5589
Tanahu,Aanbu Khaireni Gaunpalika,524 4 40 4 005,40710,4911,399,4406,2678,1600,1977,384,125,385,3946
Tanahu,Bandipur Gaunpalika,524 4 40 4 004,40709,4853,771,4017,2410,1220,1297,190,72,284,3510
Tanahu,Bhanu Municipality,524 4 40 3 003,40701,12095,1250,10558,6913,5576,2312,186,61,381,8994
Tanahu,Bhimad Municipality,524 4 40 3 004,40705,7488,781,6385,3777,1797,1055,214,45,374,5811
Tanahu,Byas Municipality,524 4 40 3 002,40702,18339,1489,16517,10276,7520,7209,1589,548,1794,14434
Tanahu,Devghat Gaunpalika,524 4 40 4 006,40708,3435,758,2513,1902,548,257,34,15,24,1923
Tanahu,Ghiring Gaunpalika,524 4 40 4 002,40706,4137,761,3225,2289,387,6,15,4,28,2615
Tanahu,Myagde Gaunpalika,524 4 40 4 001,40703,5628,506,5012,2606,2116,1256,182,32,55,4321
Tanahu,Rhishing Gaunpalika,524 4 40 4 003,40707,5215,1321,3839,2576,523,61,26,24,30,3221
Tanahu,Shuklagandaki Municipality,524 4 40 3 001,40704,12185,1027,10889,6908,6040,4230,697,269,778,9705
Syangja,Aandhikhola Gaunpalika,524 4 41 4 001,40903,4125,459,3609,2362,1117,923,62,40,70,3202
Syangja,Arjun Choupari Gaunpalika,524 4 41 4 003,40904,3938,403,3463,2464,929,875,50,25,65,2995
Syangja,Bhirkot Municipaity,524 4 41 3 002,40905,6083,390,5504,3864,1864,1719,134,173,59,4830
Syangja,Biruwa Gaunpalika,524 4 41 4 004,40906,4305,678,3577,2059,612,858,28,9,140,3093
Syangja,Chapakot Municipality,524 4 41 3 005,40908,5934,636,5238,3625,880,1447,97,42,76,4831
Syangja,Galyang Municipality,524 4 41 3 003,40910,8275,576,7550,4600,1693,2764,353,135,331,6930
Syangja,Harinas Gaunpalika,524 4 41 4 005,40907,3906,525,3236,2144,828,172,42,2,84,2765
Syangja,Kaligandaki Gaunpalika,524 4 41 4 006,40911,4972,422,4499,3141,1001,1500,118,85,97,4005
Syangja,Phedikhola Gaunpalika,524 4 41 4 002,40902,3254,267,2952,1932,1081,955,110,65,188,2669
Syangja,Putalibazar Municipality,524 4 41 3 001,40901,11882,1021,10728,6430,2479,5139,664,226,726,9434
Syangja,Walling Municipality,524 4 41 3 004,40909,12182,903,11155,6973,4920,5553,696,477,408,10103
Kaski,Annapurna Gaunpalika,524 4 39 4 001,40401,6029,565,5319,3909,2877,782,160,84,141,4418
Kaski,Machhapuchchhre Gaunpalika,524 4 39 4 002,40502,5512,513,4844,3516,3204,410,84,35,113,4133
Kaski,Madi Gaunpalika,524 4 39 4 003,10209,4508,613,3811,3122,1447,290,24,21,55,3010
Kaski,Pokhara Lekhnath Metropolitian City,524 4 39 1 001,40504,105630,3432,100844,66137,70961,51679,20424,10578,19463,91392
Kaski,Rupa Gaunpalika,524 4 39 4 004,40505,3780,380,3364,2689,1171,307,43,16,57,2786
Manang,Chame Gaunpalika,524 4 38 4 003,40203,279,24,255,102,77,125,23,12,74,228
Manang,Naraphu Gaunpalika,524 4 38 4 002,40201,122,2,120,112,4,0,0,0,0,2
Manang,Nashong Gaunpalika,524 4 38 4 004,40204,454,41,412,223,211,151,6,1,20,359
Manang,Neshang Gaunpalika,524 4 38 4 001,40202,593,110,477,344,184,156,11,6,22,374
Mustang,Bahragaun Muktikshetra Gaunpalika,524 4 45 4 003,40303,725,80,641,312,152,212,24,12,35,567
Mustang,Dalome Gaunpalika,524 4 45 4 002,40301,404,62,340,191,33,4,1,0,17,50
Mustang,Gharpajhong Gaunpalika,524 4 45 4 004,40302,874,68,805,230,145,517,63,30,145,775
Mustang,Lomanthang Gaunpalika,524 4 45 4 001,40304,532,73,459,154,18,5,1,0,31,415
Mustang,Thasang Gaunpalika,524 4 45 4 005,40305,770,115,647,350,103,295,12,6,12,546
Myagdi,Annapurna Gaunpalika,524 4 44 4 003,40401,3700,634,2865,2305,922,726,50,11,84,1992
Myagdi,Beni Municipality,524 4 44 3 001,40406,8652,891,7694,4784,2158,4204,688,437,580,6909
Myagdi,Dhawalagiri Gaunpalika,524 4 44 4 001,40403,3229,992,2188,1828,225,33,7,6,25,1313
Myagdi,Malika Gaunpalika,524 4 44 4 004,40404,4223,829,3273,2723,266,214,32,4,53,2161
Myagdi,Mangala Gaunpalika,524 4 44 4 005,40405,3825,657,3083,2617,415,171,33,6,80,2439
Myagdi,Raghuganga Gaunpalika,524 4 44 4 002,40402,4098,771,3231,2489,623,812,34,18,58,2126
Parbat,Bihadi Gaunpalika,524 4 42 4 003,41006,2941,355,2572,2001,552,401,36,10,104,2244
Parbat,Jaljala Gaunpalika,524 4 42 4 001,41002,5561,653,4844,3265,1036,1640,155,55,113,4272
Parbat,Kushma Municipality,524 4 42 3 001,41003,10311,932,9218,5779,3243,4308,660,343,692,8226
Parbat,Mahashila Gaunpalika,524 4 42 4 004,41005,2229,280,1895,1577,294,173,3,2,21,1594
Parbat,Modi Gaunpalika,524 4 42 4 002,41001,5479,588,4810,3264,2249,1552,123,29,63,4101
Parbat,Paiyu Gaunpalika,524 4 42 4 005,41007,3294,397,2793,2060,649,362,42,7,80,2316
Parbat,Phalebas Municipality,524 4 42 3 002,41004,5883,496,5216,4372,1072,1381,94,56,60,4373
Baglung,Badigad Gaunpalika,524 4 43 4 003,41107,6228,1023,4852,3463,882,740,57,14,179,3515
Baglung,Baglung Municipality,524 4 43 3 003,41101,15182,1013,13996,9084,4645,7167,1271,571,1470,12770
Baglung,Bareng Gaunpalika,524 4 43 4 006,41109,3240,463,2719,2049,378,151,17,2,75,2256
Baglung,Dhorpatan Municipality,524 4 43 3 001,41105,5706,1303,4264,3103,934,421,52,8,48,2613
Baglung,Galkot Municipality,524 4 43 3 002,41108,7711,689,6920,3612,1024,3101,196,40,64,6358
Baglung,Jaimuni Municipality,524 4 43 3 004,41110,7477,712,6555,4825,1246,967,78,18,138,5682
Baglung,Kathekhola Gaunpalika,524 4 43 4 005,41102,6128,553,5335,3722,1440,1771,139,48,47,4722
Baglung,Nisikhola Gaunpalika,524 4 43 4 001,41106,4893,1630,3065,2487,444,160,15,1,58,1714
Baglung,Tamankhola Gaunpalika,524 4 43 4 002,41104,2422,378,1800,1674,213,18,9,0,189,391
Baglung,Tarakhola Gaunpalika,524 4 43 4 004,41103,2495,177,2254,1807,546,264,33,15,79,1868
Nawalparasi,Binayi Tribeni Gaunpalika,524 4 47 4 004,40808,6916,492,6323,4344,1897,1197,147,46,109,5445
Nawalparasi,Bulingtar Gaunpalika,524 4 47 4 002,40802,3487,659,2669,2093,304,2,9,1,43,1942
Nawalparasi,Bungdikali Gaunpalika,524 4 47 4 001,40803,2998,451,2479,1858,242,1,3,0,24,1999
Nawalparasi,Devchuli Municipality,524 4 47 3 003,40805,9256,393,8792,6080,4851,1719,812,272,605,8110
Nawalparasi,Gaidakot Municipality,524 4 47 3 004,40801,13623,495,12948,8013,5768,6798,2025,756,1733,11661
Nawalparasi,Hupsekot Gaunpalika,524 4 47 4 003,40804,4588,466,3969,2433,1732,144,90,14,17,3366
Nawalparasi,Kawasoti Municipality,524 4 47 3 002,40806,14104,400,13526,8320,8024,3171,1337,401,763,12009
Nawalparasi,Madhya Bindu Municipality,524 4 47 3 001,40807,11943,965,10906,6374,5573,1319,517,182,508,9379
Gulmi,Chandrakot Gaunpalika,524 5 51 4 006,50403,5121,572,4448,3705,1871,1547,101,46,159,3680
Gulmi,Chhatrakot Gaunpalika,524 5 51 4 007,50411,5315,419,4822,3992,1329,1835,71,55,121,4332
Gulmi,Dhurkot Gaunpalika,524 5 51 4 003,50408,5307,655,4538,4182,429,123,3,1,34,3136
Gulmi,Gulmi Durbar Gaunpaika,524 5 51 4 005,50410,5266,402,4721,3678,1659,1806,64,44,51,4159
Gulmi,Isma Gaunpalika,524 5 51 4 004,50405,4716,879,3791,3509,529,52,12,4,30,2389
Gulmi,Kali Gandaki Gaunpalika,524 5 51 4 010,40911,4098,566,3399,2572,1144,415,40,11,35,2640
Gulmi,Madane Gaunpalika,524 5 51 4 001,50407,4857,917,3760,3501,232,3,2,4,30,2226
Gulmi,Malika Gaunpalika,524 5 51 4 002,40404,4550,727,3675,3374,220,3,3,2,16,2391
Gulmi,Musikot Municipality,524 5 51 3 001,50404,7075,706,6154,5373,1874,1083,110,38,137,5030
Gulmi,Resunga Municipality,524 5 51 3 002,50409,8353,572,7675,5877,3554,3166,624,300,674,6713
Gulmi,Ruru Gaunpalika,524 5 51 4 008,50412,4703,482,4170,3365,1816,1449,120,62,82,3746
Gulmi,Satyawoti Gaunpalika,524 5 51 4 009,50402,5526,685,4766,3810,1445,1358,80,28,79,4132
Palpa,Baganaskali Gaunpalika,524 5 46 4 005,50604,5270,399,4792,3657,2818,1107,149,39,76,4281
Palpa,Mathagadhi Gaunpalika,524 5 46 4 004,50609,5066,442,4551,3999,1335,287,57,22,63,3543
Palpa,Nisdi Gaunpalika,524 5 46 4 008,50610,3891,879,2933,2308,195,5,11,8,36,2348
Palpa,Purbakhola Gaunpalika,524 5 46 4 006,50602,4085,620,3413,2320,983,201,35,26,12,3037
Palpa,Rainadevi Chhahara Gaunpalika,524 5 46 4 001,50607,6009,898,4924,4048,1020,162,37,18,38,3772
Palpa,Rambha Gaunpalika,524 5 46 4 007,50603,4626,529,4008,2614,1497,745,76,26,27,3565
Palpa,Rampur Municipality,524 5 46 3 002,50601,8132,747,7185,4813,1745,2432,217,86,106,6502
Palpa,Ribdikot Gaunpalika,524 5 46 4 003,50606,4647,588,3982,3219,1220,427,42,51,19,3429
Palpa,Tansen Municipality,524 5 46 3 001,50605,13646,536,12950,9561,7356,5637,1589,1098,1731,11847
Palpa,Tinau Gaunpalika,524 5 46 4 002,50608,3888,472,3316,2545,730,399,44,18,55,2537
Nawalparasi,Bardaghat Municipality,524 5 76 3 002,50701,13415,593,12637,5681,8655,2710,680,192,732,10879
Nawalparasi,Palhinandan Gaunpalika,524 5 76 4 001,50704,5881,312,5458,564,2421,315,39,16,19,3966
Nawalparasi,Pratapapur Gaunpalika,524 5 76 4 003,50706,7386,439,6842,1335,2795,428,123,47,107,3469
Nawalparasi,Ramgram Municipality,524 5 76 3 003,50703,10282,424,9698,2402,5227,1552,389,148,480,7856
Nawalparasi,Sarawal Gaunpalika,524 5 76 4 002,50705,6633,366,6149,1636,2902,621,127,34,117,4423
Nawalparasi,Sunawal Municipality,524 5 76 3 001,50702,12018,392,11416,5781,7493,3487,803,350,620,10382
Nawalparasi,Susta Gaunpalika,524 5 76 4 004,50707,6230,464,5707,1667,2349,572,85,27,93,3800
Rupandehi,Butwal Sub-Metropolitian City,524 5 48 2 001,50802,34097,1068,32664,17160,16637,22141,6363,2284,6703,29518
Rupandehi,Devdaha Municipality,524 5 48 3 002,50801,11410,407,10851,5578,6412,3585,781,311,881,9346
Rupandehi,Gaidahawa Gaunpalika,524 5 48 4 003,50805,7285,395,6776,1479,1867,50,70,5,45,4113
Rupandehi,Kanchan Gaunpalika,524 5 48 4 001,50804,7084,349,6674,3471,3583,1001,252,61,245,5543
Rupandehi,Kotahimai Gaunpalika,524 5 48 4 008,50814,5593,394,5065,553,1292,17,22,3,7,3237
Rupandehi,Lumbini Sanskritik Municipality,524 5 48 3 004,50813,9946,559,9141,1383,2479,270,76,14,99,6004
Rupandehi,Marchawari Gaunpalika,524 5 48 4 010,50816,5263,401,4752,491,730,29,19,3,13,3653
Rupandehi,Mayadevi Gaunpalika,524 5 48 4 005,50812,6810,330,6385,964,2147,408,112,22,161,4580
Rupandehi,Om Satiya Gaunpalika,524 5 48 4 006,50809,5787,271,5466,1642,2725,1303,304,88,447,4461
Rupandehi,Rohini Gaunpalika,524 5 48 4 007,50810,5657,292,5277,1109,2178,79,53,17,53,3979
Rupandehi,Sainamaina Municipality,524 5 48 3 001,50803,12392,571,11717,6921,6076,4205,902,190,812,10183
Rupandehi,Sammarimai Gaunpalika,524 5 48 4 009,50815,5120,282,4653,326,938,63,29,3,21,3299
Rupandehi,Siddharthanagar Municipality,524 5 48 3 005,50811,12497,363,11980,4333,6280,7768,2158,997,3352,10356
Rupandehi,Siyari Gaunpalika,524 5 48 4 004,50807,6792,304,6402,2281,3338,1115,212,38,293,5221
Rupandehi,Suddhodhan Gaunpalika,524 5 48 4 002,50806,6145,208,5860,2449,2778,1023,266,104,267,4595
Rupandehi,Tilottama Municipality,524 5 48 3 003,50808,21957,510,21232,11527,10927,7911,2659,810,2993,18626
Kapilbastu,Banganga Municipality,524 5 49 3 003,50901,15965,704,15080,7710,6495,3087,641,123,672,12510
Kapilbastu,Bijayanagar Gaunpalika,524 5 49 4 001,50904,5670,890,4672,1737,659,15,24,4,27,1925
Kapilbastu,Buddhabhumi Municipality,524 5 49 3 002,50902,11521,1021,10287,5214,3010,1341,191,44,314,7059
Kapilbastu,Kapilbastu Municipality,524 5 49 3 006,50907,12094,850,10928,4102,3970,1475,392,135,658,7086
Kapilbastu,Krishnanagar Municipality,524 5 49 3 004,50905,8521,2056,6085,868,2007,589,147,55,207,2251
Kapilbastu,Maharajganj Municipality,524 5 49 3 005,50906,7977,1044,6841,1758,1087,84,40,4,38,1981
Kapilbastu,Mayadevi Gaunpalika,524 5 49 4 003,50812,6507,602,5773,1375,1598,55,59,14,46,3776
Kapilbastu,Shivaraj Municipality,524 5 49 3 001,50903,11250,1537,9540,3895,2800,1058,194,54,213,5218
Kapilbastu,Shuddhodhan Gaunpalika,524 5 49 4 004,50806,6346,459,5678,1088,982,17,31,3,34,3371
Kapilbastu,Yasodhara Gaunpalika,524 5 49 4 002,50908,5413,484,4676,881,992,62,28,12,12,1883
Arghakhanchi,Bhumikasthan Municipality,524 5 50 3 001,50503,7727,863,6763,5693,1493,1158,33,12,28,5563
Arghakhanchi,Chhatradev Gaunpalika,524 5 50 4 002,50501,6341,504,5708,4824,2396,934,56,31,56,4961
Arghakhanchi,Malarani Gaunpalika,524 5 50 4 001,50502,6824,735,5957,5334,1242,439,26,22,41,4579
Arghakhanchi,Panini Gaunpalika,524 5 50 4 003,50505,6152,591,5461,4899,1328,224,36,12,62,4428
Arghakhanchi,Sandhikharka Municipality,524 5 50 3 002,50504,10581,670,9633,7820,4571,3236,428,127,548,8141
Arghakhanchi,Shitaganga Municipality,524 5 50 3 003,50506,9201,1218,7727,6662,737,439,35,10,81,5562
Pyuthan,Aairawati Gaunpalika,524 5 55 4 007,50308,4650,950,3583,2959,490,510,19,7,26,2830
Pyuthan,Gaumukhi Gaunpalika,524 5 55 4 002,50301,4785,1413,3225,2940,88,34,8,1,4,1611
Pyuthan,Jhimaruk Gaunpalika,524 5 55 4 003,50303,5868,1098,4532,3858,346,509,31,14,30,3027
Pyuthan,Mallarani Gaunpalika,524 5 55 4 005,50307,4120,581,3478,2815,361,894,123,47,155,2858
Pyuthan,Mandavi Gaunpalika,524 5 55 4 004,50306,3068,471,2512,1962,292,261,14,8,17,2030
Pyuthan,Naubahini Gaunpalika,524 5 55 4 001,50302,5809,1758,3780,3509,124,83,8,1,51,1648
Pyuthan,Pyuthan Municipality,524 5 55 3 002,50304,8964,1533,7110,5912,642,1838,251,82,288,5679
Pyuthan,Sarumarani Gaunpalika,524 5 55 4 006,50309,3484,555,2820,2467,254,180,27,19,43,2110
Pyuthan,Sworgadwari Municipality,524 5 55 3 001,50305,6968,1250,5558,4588,926,726,66,66,31,4384
Rolpa,Duikholi Gaunpalika,524 5 54 4 002,50203,4018,792,3158,2615,222,41,17,2,40,2104
Rolpa,Lungri Gaunpalika,524 5 54 4 008,50210,4402,1668,2661,2120,306,25,9,2,30,1407
Rolpa,Madi Gaunpalika,524 5 54 4 004,10209,3658,667,2946,2715,84,4,5,2,21,1687
Rolpa,Rolpa Municipality,524 5 54 3 001,50207,7133,1390,5682,4085,581,665,197,88,214,4246
Rolpa,Runtigadhi Gaunpalika,524 5 54 4 009,50208,5684,854,4749,4303,224,5,12,1,30,3002
Rolpa,Subarnabati Gaunpalika,524 5 54 4 001,50204,5657,1539,4062,3001,807,375,72,27,101,2807
Rolpa,Sukidaha Gaunpalika,524 5 54 4 005,50201,3455,712,2701,2316,66,11,7,2,24,1592
Rolpa,Sunchhahari Gaunpalika,524 5 54 4 007,50209,3016,975,1956,1845,18,1,3,0,11,686
Rolpa,Thawang Gaunpalika,524 5 54 4 003,50202,2172,448,1642,1443,81,22,9,2,27,990
Rolpa,Tribeni Gaunpalika,524 5 54 4 006,50206,4540,856,3612,3228,98,10,9,2,33,2044
Rukum,Bhoome Gaunpalika,524 5 77 4 003,50103,3835,1256,2430,1888,58,4,8,1,27,1469
Rukum,Putha Uttanganga Gaunpalika,524 5 77 4 002,50101,3861,1862,1916,1703,65,14,4,2,68,702
Rukum,Sisne Gaunpalika,524 5 77 4 001,50102,3506,757,2691,2383,232,97,13,2,89,1324
Dang,Babai Gaunpalika,524 5 56 4 001,51005,5945,1010,4685,3673,819,145,48,140,41,3198
Dang,Bangalachuli Gaunpalika,524 5 56 4 005,51001,4730,966,3665,3017,119,14,12,4,6,2487
Dang,Dangisharan Gaunpalika,524 5 56 4 002,51006,4455,526,3813,2705,724,122,27,4,19,2888
Dang,Gadhawa Gaunpalika,524 5 56 4 006,51009,7267,961,6187,3893,1807,273,81,17,43,4547
Dang,Ghorahi Sub-Metropolitian City,524 5 56 2 002,51002,35419,3147,31670,19055,12023,7374,2181,491,2060,27069
Dang,Lamahi Municipality,524 5 56 3 001,51007,9432,628,8687,5284,2233,1772,445,94,386,6753
Dang,Rajpur Gaunpalika,524 5 56 4 004,20613,4473,917,3501,2248,491,3,24,2,12,2630
Dang,Rapti Gaunpalika,524 5 56 4 007,31301,8055,611,7216,4623,1693,1471,273,39,300,5758
Dang,Shantinagar Gaunpalika,524 5 56 4 003,51004,5328,1006,4212,2784,1133,207,39,4,33,3211
Dang,Tulsipur Sub-Metropolitian City,524 5 56 2 001,51003,31243,2914,27765,17592,10245,5035,1269,347,1751,23781
Banke,Baijanath Gaunpalika,524 5 57 4 002,51103,11066,866,10024,4450,4216,395,144,21,177,6886
Banke,Duduwa Gaunpalika,524 5 57 4 004,51107,6590,779,5747,2228,1063,28,20,1,24,2469
Banke,Janaki Gaunpalika,524 5 57 4 003,70808,6724,797,5682,1893,1781,328,103,29,105,3014
Banke,Khajura Gaunpalika,524 5 57 4 001,51104,10288,1112,9031,4415,4960,916,227,80,375,6879
Banke,Kohalpur Municipality,524 5 57 3 001,51102,15483,1140,14244,7014,8406,3809,1142,358,1185,12089
Banke,Narainapur Gaunpalika,524 5 57 4 006,51108,5908,1702,4016,1377,164,17,16,0,13,1695
Banke,Nepalganj Sub-Metropolitian City,524 5 57 2 001,51106,27892,2310,25119,8932,12741,11796,2900,1046,3715,18188
Banke,Rapti Sonari Gaunpalika,524 5 57 4 005,51101,10742,1321,9247,5342,1748,142,52,8,70,5844
Bardiya,Badhaiyatal Gaunpalika,524 5 58 4 002,51208,10333,970,9252,4849,3948,457,146,39,106,6327
Bardiya,Bansgadhi Municipality,524 5 58 3 006,51201,11210,947,10127,5589,3286,487,204,56,329,7076
Bardiya,Barbardiya Municipality,524 5 58 3 005,51202,13268,951,12182,6378,2741,375,147,25,171,8474
Bardiya,Geruwa Gaunpalika,524 5 58 4 001,51204,6135,736,5370,3476,1551,125,54,3,136,3671
Bardiya,Gulariya Municipality,524 5 58 3 004,51207,13064,1440,11487,4852,3433,1556,417,157,715,7258
Bardiya,Madhuwan Municipality,524 5 58 3 002,51206,9569,556,8907,4928,3122,369,127,33,297,6230
Bardiya,Rajapur Municipality,524 5 58 3 001,51205,10916,1324,9450,4806,3011,502,151,34,159,6794
Bardiya,Thakurbaba Municipality,524 5 58 3 003,51203,8652,643,7861,4571,2119,329,171,59,130,5571
Rukum,Aathabisakot Municipality,524 6 52 3 001,60605,6421,2852,3498,3139,38,5,9,0,19,1138
Rukum,Banphikot Gaunpalika,524 6 52 4 002,60803,3747,873,2760,2482,125,7,5,0,43,1233
Rukum,Chaurjahari Municipality,524 6 52 3 002,60806,5422,1160,4138,3530,139,31,20,2,32,2552
Rukum,Musikot Municipality,524 6 52 3 003,50404,7307,1487,5753,4379,778,854,220,64,209,3856
Rukum,Sanibheri Gaunpalika,524 6 52 4 001,60802,4129,1222,2835,2456,14,3,5,0,3,1518
Rukum,Tribeni Gaunpalika,524 6 52 4 003,50206,3609,769,2739,2343,46,10,10,0,44,1652
Salyan,Bagachour Municipality,524 6 53 3 002,60905,5906,1026,4813,4302,238,104,33,13,83,2784
Salyan,Banagad Kupinde Municipality,524 6 53 3 001,60903,6763,1934,4644,4109,116,5,14,1,82,2493
Salyan,Chhatreshwori Gaunpalika,524 6 53 4 005,60906,4408,616,3687,3202,230,178,13,6,55,2288
Salyan,Darma Gaunpalika,524 6 53 4 002,60901,3460,1302,2088,1872,86,0,2,0,8,873
Salyan,Dhorchaur Gaunpalika,524 6 53 4 003,60904,2404,407,1912,1767,115,15,14,4,22,1132
Salyan,Kalimati Gaunpalika,524 6 53 4 004,60908,4343,810,3339,3075,54,3,9,1,62,1501
Salyan,Kapurkot Gaunpalika,524 6 53 4 007,60910,3657,372,3150,2745,206,95,33,10,9,2089
Salyan,Kumakh Malika Gaunpalika,524 6 53 4 001,60902,4745,1374,3244,2644,139,17,4,0,77,1858
Salyan,Sharada Municipality,524 6 53 3 003,60907,7391,917,6298,5184,870,842,224,105,283,4315
Salyan,Tribeni Gaunpalika,524 6 53 4 006,50206,3447,387,2931,2585,162,173,19,2,25,1601
Surkhet,Barahatal Gaunpalika,524 6 59 4 002,61007,5448,1359,3996,3305,89,7,4,1,41,2566
Surkhet,Bheriganga Municipality,524 6 59 3 002,61005,8825,1720,6900,4329,1640,309,97,16,253,5418
Surkhet,Birendranagar Municipality,524 6 59 3 003,61006,23710,1757,21576,11704,10815,8250,1862,620,3126,18943
Surkhet,Chaukune Gaunpalika,524 6 59 4 001,61009,4608,1697,2864,2476,72,12,4,0,34,1526
Surkhet,Chingad Gaunpalika,524 6 59 4 003,61002,2923,809,2085,1834,20,2,1,73,42,1056
Surkhet,Gurbhakot Municipality,524 6 59 3 005,61004,9572,1936,7372,5092,1432,157,70,21,159,5391
Surkhet,Lekabeshi Municipality,524 6 59 3 004,61003,6346,1188,4955,3222,1575,55,46,18,120,4029
Surkhet,Panchapuri Municipality,524 6 59 3 001,61008,6304,1588,4414,3712,91,11,9,4,33,2465
Surkhet,Simta Gaunpalika,524 6 59 4 004,61001,5094,1478,3374,2775,58,6,8,0,24,1943
Dailekh,Aathbis Municipality,524 6 61 3 001,60801,5263,2242,2841,2151,35,4,3,6,33,1762
Dailekh,Bhagawatimai Gaunpalika,524 6 61 4 007,60609,3359,1115,2165,1751,34,0,1,0,37,1177
Dailekh,Bhairabi Gaunpalika,524 6 61 4 002,60603,3976,1794,2157,1571,8,6,7,2,11,1603
Dailekh,Chamunda Bindrasaini Municipality,524 6 61 3 002,60606,4634,2088,2475,2123,13,0,5,0,13,1188
Dailekh,Dullu Municipality,524 6 61 3 003,60607,8164,3303,4570,3505,118,67,35,9,26,3018
Dailekh,Dungeshwor Gaunpalika,524 6 61 4 006,60610,3044,479,2414,2041,262,86,20,4,109,1729
Dailekh,Gurans Gaunpalika,524 6 61 4 005,60611,4096,1175,2869,2431,60,8,7,0,37,1764
Dailekh,Mahabu Gaunpalika,524 6 61 4 003,60602,3553,1478,1917,1379,14,8,5,0,8,1196
Dailekh,Narayan Municipality,524 6 61 3 004,60608,5791,1366,4281,3209,824,639,173,86,277,3201
Dailekh,Naumule Gaunpalika,524 6 61 4 004,60601,3708,1210,2357,1991,18,24,11,1,24,1112
Dailekh,Thantikandh Gaunpalika,524 6 61 4 001,60604,3327,1792,1459,1189,2,0,3,3,10,728
Jajarkot,Barekot Gaunpalika,524 6 60 4 003,60701,3093,1618,1349,1238,80,1,2,0,9,300
Jajarkot,Bheri Malika Municipality,524 6 60 3 002,60706,6590,2383,4076,3467,173,224,37,18,237,2026
Jajarkot,Chhedagad Municipality,524 6 60 3 001,60704,6144,2947,3105,2570,53,2,5,0,52,1484
Jajarkot,Junichande Gaunpalika,524 6 60 4 001,60703,3774,1899,1781,1557,20,3,2,1,13,690
Jajarkot,Kuse Gaunpalika,524 6 60 4 002,60702,3590,1434,1981,1813,27,6,4,0,43,695
Jajarkot,Shivalaya Gaunpalika,524 6 60 4 004,60705,2556,1209,1302,1104,31,2,4,0,13,547
Jajarkot,Tribeni Nalagad Municipality,524 6 60 3 003,60707,4721,2116,2540,2222,103,37,6,0,19,991
Dolpa,Chharka Tangsong Gaunpalika,524 6 62 4 006,60108,282,207,72,68,1,0,0,0,1,3
Dolpa,Dolpo Buddha Gaunpalika,524 6 62 4 003,60101,468,179,271,249,56,0,0,0,0,39
Dolpa,Jagadulla Gaunpalika,524 6 62 4 002,60103,433,112,313,205,46,4,4,1,1,259
Dolpa,Kaike Gaunpalika,524 6 62 4 005,60107,780,247,531,94,24,0,0,0,0,518
Dolpa,Mudkechula Gaunpalika,524 6 62 4 004,60104,926,322,594,409,19,2,2,0,1,402
Dolpa,Shey Phoksundo Gaunpalika,524 6 62 4 001,60102,730,149,570,522,47,1,1,0,2,169
Dolpa,Thulibheri Municipality,524 6 62 3 002,60106,1903,504,1341,519,184,435,64,37,115,1048
Dolpa,Tripurasundari Municipality,524 6 62 3 001,30210,1944,631,1300,784,156,120,8,1,10,881
Jumla,Chandannath Municipality,524 6 63 3 001,60404,3996,576,3310,2160,1592,970,202,76,244,2638
Jumla,Guthichaur Gaunpalika,524 6 63 4 007,60405,1848,443,1338,1151,112,3,2,1,8,687
Jumla,Hima Gaunpalika,524 6 63 4 004,60408,1713,937,758,488,9,0,0,0,0,516
Jumla,Kanaka Sundari Gaun Palika,524 6 63 4 001,60402,2247,781,1434,690,33,18,9,0,21,1232
Jumla,Patarasi Gaunpalika,524 6 63 4 003,60401,2537,1012,1457,1095,234,73,2,0,36,868
Jumla,Sinja Gaunpalika,524 6 63 4 002,60403,1996,721,1246,588,11,2,3,0,3,1067
Jumla,Tatopani Gaunpalika,524 6 63 4 006,60406,2704,999,1682,1238,69,9,8,1,15,1110
Jumla,Tila Gaunpalika,524 6 63 4 005,60407,2250,1007,1167,777,37,2,2,0,8,774
Kalikot,Kalika Gaunpalika,524 6 64 4 005,30304,2458,1224,1182,992,7,0,5,0,13,608
Kalikot,Khandachakra Municipality,524 6 64 3 002,60506,3612,1310,2242,1709,347,41,48,17,64,1373
Kalikot,Mahawai Gaunpalika,524 6 64 4 006,60508,1447,656,743,633,13,1,2,0,8,305
Kalikot,Naraharinath Gaunpalika,524 6 64 4 001,60505,3585,1009,2464,2192,86,6,3,1,15,1119
Kalikot,Pachal Jharana Gaunpalika,524 6 64 4 003,60502,2002,779,1157,1008,2,2,0,0,18,473
Kalikot,Palata Gaunpalika,524 6 64 4 004,60501,2421,1084,1317,1044,7,3,1,0,1,733
Kalikot,Raskot Municipality,524 6 64 3 001,60503,2685,1091,1545,1286,62,12,8,1,4,891
Kalikot,Sanni Tribeni Gaunpalika,524 6 64 4 002,60504,2105,807,1269,1090,42,12,2,1,4,661
Kalikot,Tilagupha Municipality,524 6 64 3 003,60507,2693,1241,1360,1088,19,0,2,0,14,648
Mugu,Chhayanath Rara Municipality,524 6 65 3 001,60202,3641,1551,2031,1532,245,70,37,14,82,1378
Mugu,Khatyad Gaunpalika,524 6 65 4 001,60204,2821,1243,1495,925,36,1,4,0,5,1005
Mugu,Mugumakarmarog Gaunpalika,524 6 65 4 003,60201,1029,580,433,281,30,26,1,0,4,276
Mugu,Soru Gaunpalika,524 6 65 4 002,60203,2109,1022,1021,520,12,2,5,0,0,742
Humla,Adanchuli Gaunpalika,524 6 66 4 007,60306,1121,624,495,391,1,0,1,0,0,377
Humla,Chankheli Gaunpalika,524 6 66 4 005,60301,963,517,445,319,2,0,1,0,0,326
Humla,Kharpunath Gaunpalika,524 6 66 4 003,60302,1132,513,612,555,14,7,1,0,1,440
Humla,Namkha Gaunpalika,524 6 66 4 001,60304,835,124,710,388,50,16,2,0,2,261
Humla,Sarkegad Gaunpalika,524 6 66 4 004,60305,1794,1026,765,600,5,0,2,0,2,456
Humla,Simkot Gaunpalika,524 6 66 4 002,60303,2566,757,1790,1351,616,515,117,64,138,1421
Humla,Tanjakot Gaunpalika,524 6 66 4 006,60307,1026,437,576,493,2,0,1,0,0,369
Bajura,Badimalika Municipality,524 7 68 3 002,70106,3446,658,2726,2173,219,284,123,46,153,1632
Bajura,Budhiganga Municipality,524 7 68 3 003,11213,4277,2033,2181,1882,40,11,2,0,61,1024
Bajura,Budhinanda Municipality,524 7 68 3 001,70103,3452,1651,1684,1302,108,9,14,0,51,948
Bajura,Chhededaha Gaunpalika,524 7 68 4 003,70107,3174,1536,1470,1268,31,24,7,3,29,569
Bajura,Gaumul Gaunpalika,524 7 68 4 002,70102,1560,306,1224,1180,11,6,0,0,15,280
Bajura,Himali Gaunpalika,524 7 68 4 001,70101,1722,1087,610,392,12,0,1,0,6,396
Bajura,Pandab Gufa Gaunpalika,524 7 68 4 004,70105,1684,1077,546,376,6,2,2,0,7,345
Bajura,Swami Kartik Gaunpalika,524 7 68 4 005,70104,2223,1333,832,649,7,2,2,0,6,450
Bajura,Tribeni Municipality,524 7 68 3 004,50206,3350,1622,1649,1410,16,2,5,3,31,679
Bajhang,Bitthadchir Gaunpalika,524 7 67 4 004,70210,2739,1103,1539,1327,15,1,3,0,18,763
Bajhang,Bungal Municipality,524 7 67 3 001,70202,5480,2139,3170,2909,53,3,3,0,115,995
Bajhang,Chhabis Pathibhara Gaunpalika,524 7 67 4 007,70207,2953,779,2010,1896,70,18,5,0,112,700
Bajhang,Durgathali Gaunpalika,524 7 67 4 006,70208,2447,839,1554,1430,33,2,3,1,59,582
Bajhang,Jayaprithbi Municipality,524 7 67 3 002,70206,4015,708,3142,2709,705,532,101,52,245,1885
Bajhang,Kanda Gaunpalika,524 7 67 4 001,70201,363,54,309,292,17,4,3,0,7,54
Bajhang,Kedarsyun Gaunpalika,524 7 67 4 005,70209,3586,1516,2008,1798,48,5,0,1,80,720
Bajhang,Khaptad Chhanna Gaunpalika,524 7 67 4 010,70212,3105,1290,1779,1558,221,35,15,1,94,823
Bajhang,Masta Gaunpalika,524 7 67 4 008,70205,2456,669,1709,1535,51,10,6,2,33,774
Bajhang,Surma Gaunpalika,524 7 67 4 002,70203,1418,250,1106,1077,85,2,2,2,51,198
Bajhang,Talkot Gaunpalika,524 7 67 4 003,70204,2000,626,1335,1241,63,11,6,1,68,515
Bajhang,Thalara Gaunpalika,524 7 67 4 009,70211,3211,1228,1831,1754,20,3,6,2,64,567
Achham,Bannigadhi Jayagadh Gaunpalika,524 7 69 4 003,70707,3373,1371,1905,1064,151,32,6,3,18,1561
Achham,Chaurpati Gaunpalika,524 7 69 4 001,70705,5113,2550,2452,1814,26,0,0,0,18,1690
Achham,Dhakari Gaunpalika,524 7 69 4 005,70709,3795,1988,1774,1480,15,5,4,1,12,674
Achham,Kamal bazar Municipality,524 7 69 3 003,70708,4482,1889,2518,2036,35,1,6,2,12,1587
Achham,Mangalsen Municipality,524 7 69 3 002,70706,6604,2658,3718,2340,247,368,83,21,133,2675
Achham,Mellekh Gaunpalika,524 7 69 4 002,70703,4360,1801,2393,1839,52,3,7,1,10,1408
Achham,Panchdebal Binayak Municipality,524 7 69 3 004,70701,4966,2263,2631,2069,51,10,1,2,7,1575
Achham,Ramaroshan Gaunpalika,524 7 69 4 004,70702,4357,1966,2300,1983,54,1,7,1,39,877
Achham,Sanphebagar Municipality,524 7 69 3 001,70704,6693,1929,4383,3201,488,197,52,19,90,3183
Achham,Turmakhand Gaunpalika,524 7 69 4 006,70710,4575,1840,2455,2136,14,2,2,2,18,1059
Doti,Aadarsha Gaunpalika,524 7 70 4 001,70603,4747,2514,2034,1397,96,1,26,1,18,1313
Doti,Badi Kedar Gaunpalika,524 7 70 4 006,70608,2719,799,1878,1717,13,0,3,0,69,756
Doti,Bogatan Gaunpalika,524 7 70 4 007,70607,3130,1010,2009,1758,54,5,1,1,30,1014
Doti,Dipayal Silgadhi Municipality,524 7 70 3 002,70605,7447,2505,4815,3022,1583,1198,316,174,671,3913
Doti,Jorayal Gaunpalika,524 7 70 4 004,70609,3808,693,3047,2736,151,59,22,1,129,1554
Doti,K.I. Singh Gaunpalika,524 7 70 4 005,70606,4259,1907,2175,1710,135,3,1,0,52,1352
Doti,Purbichouki Gaunpalika,524 7 70 4 003,70601,4836,2928,1686,1381,48,3,5,2,46,867
Doti,Sayal Gaunpalika,524 7 70 4 002,70602,3772,2218,1508,1250,34,13,3,0,8,786
Doti,Shikhar Municipality,524 7 70 3 001,70604,6665,2787,3828,2758,596,41,17,5,92,2533
Kailali,Bardagoriya Gaunpalika,524 7 71 4 005,70806,5703,860,4740,2149,1708,313,77,17,207,3186
Kailali,Bhajani Municipality,524 7 71 3 004,70811,8717,793,7823,3926,2273,436,126,32,253,5685
Kailali,Chure Gaunpalika,524 7 71 4 001,70802,3362,861,2427,2137,142,39,7,0,41,1231
Kailali,Dhangadhi Sub-Metropolitian City,524 7 71 2 001,70813,29143,1689,27102,13926,14699,8892,3030,1219,4946,21970
Kailali,Gauriganga Municipality,524 7 71 3 002,70804,10072,1353,8548,4130,2618,327,113,24,92,6878
Kailali,Ghodaghodi Municipality,524 7 71 3 003,70805,13174,1200,11733,6707,1966,363,139,28,159,8782
Kailali,Godawari Municipality,524 7 71 3 001,30803,14915,2212,12317,6037,6200,1083,349,82,799,9476
Kailali,Janaki Gaunpalika,524 7 71 4 006,51105,9051,848,8064,4274,3204,427,159,27,114,5484
Kailali,Joshipur Gaunpalika,524 7 71 4 004,70809,6392,537,5799,3248,2117,436,104,28,131,4330
Kailali,Kailari Gaunpalika,524 7 71 4 002,70812,7802,486,7211,3688,1243,104,36,5,65,5144
Kailali,Lamki Chuha Municipality,524 7 71 3 006,70807,14757,1696,12715,6139,4444,978,224,105,397,9845
Kailali,Mohanyal Gaunpalika,524 7 71 4 003,70801,3969,1354,2519,2203,26,0,2,0,20,1004
Kailali,Tikapur Municipality,524 7 71 3 005,70810,15356,1517,13629,7446,5860,2811,604,282,823,10643
Kanchanpur,Bedkot Municipality,524 7 72 3 003,70903,9219,850,8210,4472,4270,693,296,90,725,5988
Kanchanpur,Beldandi Gaunpalika,524 7 72 3 006,70908,3760,313,3310,2382,839,58,26,5,22,2217
Kanchanpur,Belouri Municipality,524 7 72 4 001,70909,8657,318,8191,4219,3342,910,169,47,300,6312
Kanchanpur,Bhimdatta Municipality,524 7 72 3 002,70904,20684,1823,18529,9902,11796,5106,1722,582,3678,14042
Kanchanpur,Krishnapur Municipality,524 7 72 3 005,70901,10016,1291,8562,3742,3817,138,114,19,278,6222
Kanchanpur,Laljhadi Gaunpalika,524 7 72 4 002,70906,3640,351,3205,1424,644,84,25,1,13,2184
Kanchanpur,Mahakali Municipality,524 7 72 3 001,70303,7392,1364,5913,3382,2398,597,53,13,172,3202
Kanchanpur,Punarbas Municipality,524 7 72 3 007,70907,9909,824,8938,4296,3781,691,117,33,200,6602
Kanchanpur,Shuklaphanta Municipality,524 7 72 3 004,70902,8857,922,7793,3817,3456,424,143,42,279,6043
Dadeldhura,Aalital Gaunpalika,524 7 73 4 004,70506,3280,724,2402,2001,237,49,8,3,23,1568
Dadeldhura,Ajayameru Gaunpalika,524 7 73 4 002,70503,3311,885,2386,1891,391,48,11,1,15,1726
Dadeldhura,Amargadhi Municipality,524 7 73 3 002,70502,4778,1036,3656,1903,1327,856,300,152,351,3218
Dadeldhura,Bhageshwor Gaunpalika,524 7 73 4 001,70504,2462,571,1818,1622,78,22,3,0,38,1012
Dadeldhura,Ganyapdhura Gaunpalika,524 7 73 4 005,70507,3070,1019,1967,1463,404,41,8,5,38,1419
Dadeldhura,Nawadurga Gaunpalika,524 7 73 4 003,70501,4132,1761,2301,1724,346,3,8,6,14,1583
Dadeldhura,Parashuram Municipality,524 7 73 3 001,70505,5990,1493,4225,3377,216,210,29,5,208,2480
Baitadi,Dasharathchand Municipality,524 7 74 3 001,70405,7257,1538,5598,3821,1616,1376,141,49,319,4313
Baitadi,Dilasaini Gaunpalika,524 7 74 4 001,70401,4110,1320,2694,2358,42,1,5,0,28,1386
Baitadi,Dogada Kedar Gaunpalika,524 7 74 4 002,70402,4559,1501,2985,2691,134,52,5,0,11,1546
Baitadi,Melauli Municipality,524 7 74 3 003,70408,3947,1086,2734,2533,88,6,1,0,22,1143
Baitadi,Pancheshwor Gaunpalika,524 7 74 4 004,70406,3312,1468,1730,1584,73,6,1,1,9,569
Baitadi,Patam Municipality,524 7 74 3 004,70409,5767,1157,4435,3564,760,36,46,12,113,3295
Baitadi,Puchaundi Municipality,524 7 74 3 002,70403,6390,2143,4101,3593,80,19,10,2,109,2025
Baitadi,Shivanath Gaunpalika,524 7 74 4 005,70407,2771,1179,1531,1402,26,0,0,0,7,491
Baitadi,Sigas Gaunpalika,524 7 74 4 006,70410,3733,1374,2241,2075,41,3,3,0,39,955
Baitadi,Surnaya Gaunpalika,524 7 74 4 003,70404,3321,843,2298,1965,99,39,0,0,86,1406
Darchula,Apihimal Gaunpalika,524 7 75 4 003,70305,1085,161,918,844,195,0,2,0,17,573
Darchula,Byas Gaunpalika,524 7 75 4 001,40702,1919,710,1158,1024,85,8,3,0,86,530
Darchula,Duhun Gaunpalika,524 7 75 4 002,70302,1982,655,1310,1177,69,22,6,0,122,583
Darchula,Lekam Gaunpalika,524 7 75 4 006,70309,2851,733,2090,1923,83,0,3,0,10,1192
Darchula,Mahakali Municipality,524 7 75 3 001,70303,4526,705,3707,2969,763,944,153,63,423,2436
Darchula,Malikarjun Gaunpalika,524 7 75 4 004,70308,3096,697,2346,2127,297,3,8,3,32,1200
Darchula,Marma Gaunpalika,524 7 75 4 007,70306,2508,801,1670,1454,87,5,5,0,19,832
Darchula,Naugad  Gaunpalika,524 7 75 4 005,70304,2616,892,1674,1437,70,4,8,1,9,767
Darchula,Shailyashikhar Municipality,524 7 75 3 002,70307,4021,959,2930,2698,94,12,28,9,76,1438
