Districts,Palika,HLCIT_CODE,CBS_Code,Age_greater5_M,R_nd_W_M,R_only_M,No_R_nd_W_M,Not_stated_M,Litracy_rate_M,Age_greater5_F,R_nd_W_F,R_only_F,No_R_nd_W_F,Not_stated_F,Litracy_rate_F
Achham,Bannigadhi Jayagadh Gaunpalika,524 7 69 4 003,70707,6383,4965,83,1332,3,77.78,8689,4288,88,4309,4,49.35
Achham,Chaurpati Gaunpalika,524 7 69 4 001,70705,9097,6020,416,2656,5,66.18,12131,4632,535,6955,9,38.18
Achham,Dhakari Gaunpalika,524 7 69 4 005,70709,8828,5156,592,3077,3,58.41,9621,3484,593,5542,2,36.21
Achham,Kamal bazar Municipality,524 7 69 3 003,70708,9370,6793,363,2204,10,72.5,11012,4441,410,6146,15,40.33
Achham,Mangalsen Municipality,524 7 69 3 002,70706,12605,9336,310,2948,11,74.07,15436,6802,426,8202,6,44.07
Achham,Mellekh Gaunpalika,524 7 69 4 002,70703,9721,6765,392,2560,4,69.59,11381,5362,535,5470,14,47.11
Achham,Panchdebal Binayak Municipality,524 7 69 3 004,70701,10802,7164,472,3155,11,66.32,12629,4781,520,7316,12,37.86
Achham,Ramaroshan Gaunpalika,524 7 69 4 004,70702,10158,7047,386,2665,60,69.37,11218,4874,403,5827,114,43.45
Achham,Sanphebagar Municipality,524 7 69 3 001,70704,13345,10814,462,2061,8,81.03,16199,8352,656,7179,12,51.56
Achham,Turmakhand Gaunpalika,524 7 69 4 006,70710,10016,6558,390,3065,3,65.48,11166,4202,447,6512,5,37.63
Arghakhanchi,Bhumikasthan Municipality,524 5 50 3 001,50503,12079,9875,179,2022,3,81.75,17017,11127,265,5609,16,65.39
Arghakhanchi,Chhatradev Gaunpalika,524 5 50 4 002,50501,9100,7422,200,1478,0,81.56,13865,8959,295,4610,1,64.62
Arghakhanchi,Malarani Gaunpalika,524 5 50 4 001,50502,10167,8251,142,1772,2,81.15,14726,9562,227,4933,4,64.93
Arghakhanchi,Panini Gaunpalika,524 5 50 4 003,50505,9749,7862,344,1540,3,80.64,13901,9135,414,4342,10,65.71
Arghakhanchi,Sandhikharka Municipality,524 5 50 3 002,50504,16204,13735,351,2110,8,84.76,21070,14715,415,5925,15,69.84
Arghakhanchi,Shitaganga Municipality,524 5 50 3 003,50506,17218,13654,441,3104,19,79.3,21008,13334,573,7046,55,63.47
Baglung,Badigad Gaunpalika,524 4 43 4 003,41107,11631,9062,221,2346,2,77.91,15487,10078,270,5136,3,65.07
Baglung,Baglung Municipality,524 4 43 3 003,41101,22808,20175,379,2246,8,88.46,29885,21602,530,7729,24,72.28
Baglung,Bareng Gaunpalika,524 4 43 4 006,41109,5452,4384,91,977,0,80.41,7619,5028,151,2435,5,65.99
Baglung,Dhorpatan Municipality,524 4 43 3 001,41105,10102,7270,294,2530,8,71.97,12806,7171,380,5238,17,56
Baglung,Galkot Municipality,524 4 43 3 002,41108,12682,10274,365,2035,8,81.01,17322,11683,507,5117,15,67.45
Baglung,Jaimuni Municipality,524 4 43 3 004,41110,12231,10117,290,1823,1,82.72,16987,11321,377,5277,12,66.65
Baglung,Kathekhola Gaunpalika,524 4 43 4 005,41102,9827,8080,340,1402,5,82.22,13865,9197,420,4237,11,66.33
Baglung,Nisikhola Gaunpalika,524 4 43 4 001,41106,8821,6150,309,2360,2,69.72,11578,6150,436,4989,3,53.12
Baglung,Tamankhola Gaunpalika,524 4 43 4 002,41104,4026,2924,128,968,6,72.63,5332,3020,165,2130,17,56.64
Baglung,Tarakhola Gaunpalika,524 4 43 4 004,41103,4661,3684,194,780,3,79.04,6020,4014,316,1683,7,66.68
Baitadi,Dasharathchand Municipality,524 7 74 3 001,70405,13694,11998,347,1342,7,87.62,17025,10169,450,6391,15,59.73
Baitadi,Dilasaini Gaunpalika,524 7 74 4 001,70401,9470,7391,200,1871,8,78.05,10534,5342,256,4915,21,50.71
Baitadi,Dogada Kedar Gaunpalika,524 7 74 4 002,70402,9588,7515,279,1790,4,78.38,11816,5990,275,5547,4,50.69
Baitadi,Melauli Municipality,524 7 74 3 003,70408,9072,7354,220,1494,4,81.06,10813,5369,272,5170,2,49.65
Baitadi,Pancheshwor Gaunpalika,524 7 74 4 004,70406,7261,5508,193,1552,8,75.86,9037,3895,248,4873,21,43.1
Baitadi,Patam Municipality,524 7 74 3 004,70409,12085,10587,315,1182,1,87.6,14648,8624,488,5533,3,58.87
Baitadi,Puchaundi Municipality,524 7 74 3 002,70403,16266,11556,424,4282,4,71.04,17529,7121,464,9937,7,40.62
Baitadi,Shivanath Gaunpalika,524 7 74 4 005,70407,6868,4988,160,1719,1,72.63,7843,3041,185,4612,5,38.77
Baitadi,Sigas Gaunpalika,524 7 74 4 006,70410,8857,6466,228,2161,2,73,9707,4141,222,5342,2,42.66
Baitadi,Surnaya Gaunpalika,524 7 74 4 003,70404,7243,5842,172,1215,14,80.66,8891,4302,288,4281,20,48.39
Bajhang,Bitthadchir Gaunpalika,524 7 67 4 004,70210,6750,4847,294,1601,8,71.81,7732,3046,314,4367,5,39.39
Bajhang,Bungal Municipality,524 7 67 3 001,70202,13746,9355,452,3934,5,68.06,14626,5295,400,8920,11,36.2
Bajhang,Chhabis Pathibhara Gaunpalika,524 7 67 4 007,70207,6603,4810,268,1524,1,72.85,7624,3077,355,4185,7,40.36
Bajhang,Durgathali Gaunpalika,524 7 67 4 006,70208,5008,3695,163,1147,3,73.78,6233,2526,160,3540,7,40.53
Bajhang,Jayaprithbi Municipality,524 7 67 3 002,70206,9320,7398,268,1654,0,79.38,10246,4926,291,5024,5,48.08
Bajhang,Kanda Gaunpalika,524 7 67 4 001,70201,956,563,16,377,0,58.89,920,209,14,697,0,22.72
Bajhang,Kedarsyun Gaunpalika,524 7 67 4 005,70209,8428,5898,334,2193,3,69.98,9763,3619,373,5771,0,37.07
Bajhang,Khaptad Chhanna Gaunpalika,524 7 67 4 010,70212,6118,4906,137,1072,3,80.19,7774,3339,210,4221,4,42.95
Bajhang,Masta Gaunpalika,524 7 67 4 008,70205,6062,4309,115,1637,1,71.08,6797,2703,110,3978,6,39.77
Bajhang,Surma Gaunpalika,524 7 67 4 002,70203,3801,2393,101,1307,0,62.96,3748,804,102,2841,1,21.45
Bajhang,Talkot Gaunpalika,524 7 67 4 003,70204,4684,3632,92,954,6,77.54,5163,2373,175,2614,1,45.96
Bajhang,Thalara Gaunpalika,524 7 67 4 009,70211,6950,5316,255,1373,6,76.49,8488,3827,394,4250,17,45.09
Bajura,Badimalika Municipality,524 7 68 3 002,70106,7592,5603,209,1777,3,73.8,7144,3398,235,3508,3,47.56
Bajura,Budhiganga Municipality,524 7 68 3 003,11213,8385,6401,138,1845,1,76.34,10259,4781,193,5280,5,46.6
Bajura,Budhinanda Municipality,524 7 68 3 001,70103,8014,5225,195,2587,7,65.2,8180,3584,205,4383,8,43.81
Bajura,Chhededaha Gaunpalika,524 7 68 4 003,70107,7347,4731,142,2472,2,64.39,8432,3000,158,5274,0,35.58
Bajura,Gaumul Gaunpalika,524 7 68 4 002,70102,3608,2374,139,1094,1,65.8,3749,1684,144,1921,0,44.92
Bajura,Himali Gaunpalika,524 7 68 4 001,70101,3942,2562,111,1269,0,64.99,3974,1540,144,2288,2,38.75
Bajura,Pandab Gufa Gaunpalika,524 7 68 4 004,70105,3977,2551,91,1334,1,64.14,4074,1759,110,2205,0,43.18
Bajura,Swami Kartik Gaunpalika,524 7 68 4 005,70104,5286,3402,131,1753,0,64.36,5638,2218,163,3257,0,39.34
Bajura,Tribeni Municipality,524 7 68 3 004,50206,7287,5103,132,2050,2,70.03,8341,3929,207,4203,2,47.1
Banke,Baijanath Gaunpalika,524 5 57 4 002,51103,22576,17877,534,4159,6,79.19,26404,16782,719,8887,16,63.56
Banke,Duduwa Gaunpalika,524 5 57 4 004,51107,17068,8876,423,7756,13,52,16051,5750,392,9893,16,35.82
Banke,Janaki Gaunpalika,524 5 57 4 003,70808,17387,10147,491,6736,13,58.36,16299,6260,525,9485,29,38.41
Banke,Khajura Gaunpalika,524 5 57 4 001,51104,20771,14753,529,5481,8,71.03,24879,13830,648,10394,7,55.59
Banke,Kohalpur Municipality,524 5 57 3 001,51102,30656,24652,440,5552,12,80.41,33276,21880,565,10814,17,65.75
Banke,Narainapur Gaunpalika,524 5 57 4 006,51108,15996,6166,579,9221,30,38.55,15007,3310,491,11168,38,22.06
Banke,Nepalganj Sub-Metropolitian City,524 5 57 2 001,51106,64300,47865,1727,14595,113,74.44,61665,38385,1776,21318,186,62.25
Banke,Rapti Sonari Gaunpalika,524 5 57 4 005,51101,25571,18216,703,6647,5,71.24,28460,15371,839,12234,16,54.01
Bara,Aadarsha Kotwal Gaunpalika,524 2 33 4 009,20711,12302,5975,282,6043,2,48.57,11551,3153,287,8106,5,27.3
Bara,Baragadhi Gaunpalika,524 2 33 4 006,20710,12307,7139,218,4941,9,58.01,11908,4208,204,7493,3,35.34
Bara,Bishrampur Gaunpalika,524 2 33 4 004,20706,10910,6715,397,3788,10,61.55,9684,3460,405,5810,9,35.73
Bara,Devtal Gaunpalika,524 2 33 4 007,20715,10644,5827,293,4519,5,54.74,9674,3029,254,6383,8,31.31
Bara,Jitpur Simara Sub-Metropolitian City,524 2 33 2 001,20703,52988,36419,1731,14802,36,68.73,52681,26823,1653,24151,54,50.92
Bara,Kalaiya Sub-Metropolitian City,524 2 33 2 002,20708,56281,37171,1808,17262,40,66.05,52323,22309,1708,28224,82,42.64
Bara,Karaiyamai Gaunpalika,524 2 33 4 003,20709,12018,7190,342,4477,9,59.83,11583,4150,339,7074,20,35.83
Bara,Kolhabi Municipality,524 2 33 3 002,20702,19275,13400,426,5445,4,69.52,20757,9694,474,10577,12,46.7
Bara,Mahagadhimai Municipality,524 2 33 3 003,20714,23420,14246,638,8513,23,60.83,22279,8103,594,13544,38,36.37
Bara,Nijagadh Municipality,524 2 33 3 001,20701,15509,11124,431,3951,3,71.73,16845,9387,395,7055,8,55.73
Bara,Pacharauta Municipality,524 2 33 3 004,20713,15300,7791,532,6969,8,50.92,14459,4171,543,9734,11,28.85
Bara,Parawanipur Gaunpalika,524 2 33 4 001,20704,10427,7238,286,2899,4,69.42,9578,3825,280,5460,13,39.94
Bara,Pheta Gaunpalika,524 2 33 4 005,20707,11498,7596,300,3597,5,66.06,10783,4475,329,5970,9,41.5
Bara,Prasauni Gaunpalika,524 2 33 4 002,20705,11442,7976,224,3240,2,69.71,10709,4780,251,5676,2,44.64
Bara,Simroungadh Municipality,524 2 33 3 005,20712,22077,11833,483,9744,17,53.6,20505,6573,524,13391,17,32.06
Bara,Subarna Gaunpalika,524 2 33 4 008,20716,13275,6031,870,6361,13,45.43,12353,2879,835,8626,13,23.31
Bardiya,Badhaiyatal Gaunpalika,524 5 58 4 002,51208,19982,14803,447,4726,6,74.08,23349,13906,556,8881,6,59.56
Bardiya,Bansgadhi Municipality,524 5 58 3 006,51201,23584,17643,513,5420,8,74.81,27032,15942,722,10348,20,58.97
Bardiya,Barbardiya Municipality,524 5 58 3 005,51202,29429,21635,506,7285,3,73.52,32271,18739,695,12830,7,58.07
Bardiya,Geruwa Gaunpalika,524 5 58 4 001,51204,14911,11148,138,3623,2,74.76,16975,9845,153,6974,3,58
Bardiya,Gulariya Municipality,524 5 58 3 004,51207,30089,20110,732,9240,7,66.84,30158,15722,758,13666,12,52.13
Bardiya,Madhuwan Municipality,524 5 58 3 002,51206,19248,14458,295,4494,1,75.11,22772,13961,359,8447,5,61.31
Bardiya,Rajapur Municipality,524 5 58 3 001,51205,26524,19379,348,6794,3,73.06,28214,16083,410,11712,9,57
Bardiya,Thakurbaba Municipality,524 5 58 3 003,51203,18626,14310,279,4035,2,76.83,21506,12969,351,8181,5,60.3
Bhaktapur,Bhaktapur Municipality,524 3 26 3 003,30702,38376,34531,456,3375,14,89.98,38319,27752,581,9961,25,72.42
Bhaktapur,Changunarayan Municipality,524 3 26 3 002,30701,24975,21991,472,2488,24,88.05,26697,17950,605,8104,38,67.24
Bhaktapur,Madhyapur Thimi Municipality,524 3 26 3 001,30703,39679,36006,601,3063,9,90.74,37687,28860,823,7983,21,76.58
Bhaktapur,Suryabinayak Municipality,524 3 26 3 004,30704,36061,32879,558,2617,7,91.18,37135,26912,794,9410,19,72.47
Bhojpur,Aamchowk Gaunpalika,524 1 10 4 006,10609,7943,5754,274,1914,1,72.44,8719,4964,274,3481,0,56.93
Bhojpur,Arun Gaunpalika,524 1 10 4 003,10605,7186,5838,120,1227,1,81.24,8670,5555,109,3000,6,64.07
Bhojpur,Bhojpur Municipality,524 1 10 3 002,10604,11415,9543,264,1607,1,83.6,13340,8682,322,4331,5,65.08
Bhojpur,Hatuwagadhi Gaunpalika,524 1 10 4 007,10608,8537,6093,334,2109,1,71.37,9997,5558,392,4045,2,55.6
Bhojpur,Pauwa Dunma Gaunpalika,524 1 10 4 005,10606,6379,5067,127,1184,1,79.43,7513,4696,165,2652,0,62.5
Bhojpur,Ramprasad Rai Gaunpalika,524 1 10 4 004,10607,7861,6018,128,1711,4,76.56,9189,5485,156,3545,3,59.69
Bhojpur,Salpa Silichho Gaunpalika,524 1 10 4 001,10602,5542,4078,188,1276,0,73.58,6103,3629,183,2285,6,59.46
Bhojpur,Shadananda Municipality,524 1 10 3 001,10601,13323,10688,250,2378,7,80.22,15156,9592,257,5305,2,63.29
Bhojpur,Tyamke Maiyum Gaunpalika,524 1 10 4 002,10603,7608,6102,265,1240,1,80.21,8928,5612,332,2981,3,62.86
Chitawan,Bharatpur Metropolitian City,524 3 35 1 001,30702,123703,108773,1820,13070,40,87.93,137402,103880,2249,31207,66,75.6
Chitawan,Ichchha Kamana Gaunpalika,524 3 35 4 001,31303,11117,7759,525,2824,9,69.79,11153,6344,578,4220,11,56.88
Chitawan,Kalika Municipality,524 3 35 3 001,30304,18324,13989,527,3804,4,76.34,20406,12691,495,7209,11,62.19
Chitawan,Khairahani Municipality,524 3 35 3 003,31306,24087,19708,375,3995,9,81.82,28275,19172,519,8558,26,67.81
Chitawan,Madi Municipality,524 3 35 3 005,10209,15216,11769,359,3072,16,77.35,19201,12205,450,6529,17,63.56
Chitawan,Rapti Municipality,524 3 35 3 004,31301,24976,19101,829,5031,15,76.48,27798,17876,781,9126,15,64.31
Chitawan,Ratnanagar Municipality,524 3 35 3 002,31305,30854,26067,454,4313,20,84.48,34526,24408,547,9539,32,70.69
Dadeldhura,Aalital Gaunpalika,524 7 73 4 004,70506,7701,5962,187,1545,7,77.42,8362,4626,225,3496,15,55.32
Dadeldhura,Ajayameru Gaunpalika,524 7 73 4 002,70503,6984,5524,202,1256,2,79.1,8280,4257,232,3787,4,51.41
Dadeldhura,Amargadhi Municipality,524 7 73 3 002,70502,8889,7547,165,1176,1,84.9,10179,5845,168,4160,6,57.42
Dadeldhura,Bhageshwor Gaunpalika,524 7 73 4 001,70504,5892,4805,169,915,3,81.55,6575,3591,184,2793,7,54.62
Dadeldhura,Ganyapdhura Gaunpalika,524 7 73 4 005,70507,5519,4307,114,1096,2,78.04,7658,3700,169,3787,2,48.32
Dadeldhura,Nawadurga Gaunpalika,524 7 73 4 003,70501,7315,5749,235,1329,2,78.59,10095,4787,246,5057,5,47.42
Dadeldhura,Parashuram Municipality,524 7 73 3 001,70505,14468,11123,431,2907,7,76.88,15921,8679,495,6733,14,54.51
Dailekh,Aathbis Municipality,524 6 61 3 001,60801,12134,7831,425,3874,4,64.54,12528,5123,408,6986,11,40.89
Dailekh,Bhagawatimai Gaunpalika,524 6 61 4 007,60609,7602,5382,212,2007,1,70.8,8572,4580,256,3734,2,53.43
Dailekh,Bhairabi Gaunpalika,524 6 61 4 002,60603,8899,6279,365,2252,3,70.56,9385,4804,407,4169,5,51.19
Dailekh,Chamunda Bindrasaini Municipality,524 6 61 3 002,60606,11121,7401,406,3311,3,66.55,11192,5301,395,5491,5,47.36
Dailekh,Dullu Municipality,524 6 61 3 003,60607,17098,12747,533,3816,2,74.55,19018,10311,542,8162,3,54.22
Dailekh,Dungeshwor Gaunpalika,524 6 61 4 006,60610,6656,5260,231,1161,4,79.03,7416,4333,338,2726,19,58.43
Dailekh,Gurans Gaunpalika,524 6 61 4 005,60611,9208,7140,217,1843,8,77.54,9955,5790,284,3875,6,58.16
Dailekh,Mahabu Gaunpalika,524 6 61 4 003,60602,7645,5859,209,1577,0,76.64,9068,4941,232,3893,2,54.49
Dailekh,Narayan Municipality,524 6 61 3 004,60608,11072,9093,251,1724,4,82.13,12904,7950,443,4505,6,61.61
Dailekh,Naumule Gaunpalika,524 6 61 4 004,60601,8680,6348,352,1978,2,73.13,9350,5307,355,3688,0,56.76
Dailekh,Thantikandh Gaunpalika,524 6 61 4 001,60604,7970,5146,271,2550,3,64.57,8079,3639,314,4116,10,45.04
Dang,Babai Gaunpalika,524 5 56 4 001,51005,11091,8107,204,2775,5,73.1,13511,7787,266,5453,5,57.63
Dang,Bangalachuli Gaunpalika,524 5 56 4 005,51001,9152,6408,291,2445,8,70.02,11648,5864,282,5487,15,50.34
Dang,Dangisharan Gaunpalika,524 5 56 4 002,51006,8961,6916,157,1880,8,77.18,10579,6592,208,3766,13,62.31
Dang,Gadhawa Gaunpalika,524 5 56 4 006,51009,16533,11670,344,4509,10,70.59,18295,10239,360,7685,11,55.97
Dang,Ghorahi Sub-Metropolitian City,524 5 56 2 002,51002,64812,53244,1210,10330,28,82.15,76628,50825,1449,24306,48,66.33
Dang,Lamahi Municipality,524 5 56 3 001,51007,20750,16186,326,4224,14,78,22611,14308,386,7889,28,63.28
Dang,Rajpur Gaunpalika,524 5 56 4 004,20613,10738,7511,355,2865,7,69.95,11322,5754,305,5252,11,50.82
Dang,Rapti Gaunpalika,524 5 56 4 007,31301,17494,12997,490,3994,13,74.29,19483,11570,594,7297,22,59.39
Dang,Shantinagar Gaunpalika,524 5 56 4 003,51004,10308,7676,207,2416,9,74.47,12337,7405,212,4707,13,60.02
Dang,Tulsipur Sub-Metropolitian City,524 5 56 2 001,51003,59925,49871,900,9116,38,83.22,68519,45849,1271,21352,47,66.91
Darchula,Apihimal Gaunpalika,524 7 75 4 003,70305,2940,2289,83,568,0,77.86,3001,1602,114,1285,0,53.38
Darchula,Byas Gaunpalika,524 7 75 4 001,40702,4310,3302,97,910,1,76.61,4907,2482,121,2301,3,50.58
Darchula,Duhun Gaunpalika,524 7 75 4 002,70302,4455,3512,102,840,1,78.83,5120,2547,132,2437,4,49.75
Darchula,Lekam Gaunpalika,524 7 75 4 006,70309,5861,4747,132,980,2,80.99,7233,3903,170,3156,4,53.96
Darchula,Mahakali Municipality,524 7 75 3 001,70303,9029,7669,150,1208,2,84.94,10028,6187,195,3641,5,61.7
Darchula,Malikarjun Gaunpalika,524 7 75 4 004,70308,6312,5195,84,1030,3,82.3,7479,4340,177,2958,4,58.03
Darchula,Marma Gaunpalika,524 7 75 4 007,70306,6208,4810,179,1219,0,77.48,6646,3455,224,2967,0,51.99
Darchula,Naugad  Gaunpalika,524 7 75 4 005,70304,6404,4519,121,1763,1,70.57,7003,2772,141,4090,0,39.58
Darchula,Shailyashikhar Municipality,524 7 75 3 002,70307,9163,7167,247,1741,8,78.22,10270,5319,281,4666,4,51.79
Dhading,Benighat Rorang Gaunpalika,524 3 30 4 008,30409,13912,9713,435,3755,9,69.82,14079,7898,413,5758,10,56.1
Dhading,Dhunibenshi Municipality,524 3 30 3 002,30413,13993,10281,360,3350,2,73.47,14720,8215,308,6192,5,55.81
Dhading,Gajuri Gaunpalika,524 3 30 4 009,30410,11880,7541,436,3896,7,63.48,12400,6404,400,5583,13,51.65
Dhading,Galchhi Gaunpalika,524 3 30 4 010,30411,11229,8037,275,2911,6,71.57,12243,7182,279,4765,17,58.66
Dhading,Ganga Jamuna Gaunpalika,524 3 30 4 002,30403,8565,5957,128,2479,1,69.55,11348,5927,181,5238,2,52.23
Dhading,Jwalamukhi Gaunpalika,524 3 30 4 006,30407,9497,6524,228,2736,9,68.7,12361,6698,259,5392,12,54.19
Dhading,Khaniyabas Gaunpalika,524 3 30 4 003,30402,5188,3506,87,1591,4,67.58,6210,3309,129,2761,11,53.29
Dhading,Netrawati Gaunpalika,524 3 30 4 005,30405,5095,3567,90,1436,2,70.01,6764,3834,104,2820,6,56.68
Dhading,Nilkhantha Municipality,524 3 30 3 001,30406,23864,17752,553,5537,22,74.39,29525,17324,644,11515,42,58.68
Dhading,Rubi Valley Gaunpalika,524 3 30 4 001,30401,3898,2109,192,1596,1,54.1,4560,1722,165,2669,4,37.76
Dhading,Siddhalek Gaunpalika,524 3 30 4 007,30408,9887,7108,275,2498,6,71.89,11771,6841,389,4538,3,58.12
Dhading,Thakre Gaunpalika,524 3 30 4 011,30412,14618,10729,453,3427,9,73.4,15539,8941,421,6165,12,57.54
Dhading,Tripurasundari Gaunpalika,524 3 30 4 004,60105,9075,6719,252,2102,2,74.04,11991,6771,288,4927,5,56.47
Dhankuta,Chaubise Gaunpalika,524 1 07 4 004,10707,7829,6345,125,1357,2,81.04,9619,6533,198,2887,1,67.92
Dhankuta,Chhathar Jorpati Gaunpalika,524 1 07 4 002,10703,7516,6153,96,1265,2,81.87,9182,5951,158,3069,4,64.81
Dhankuta,Dhankuta Municipality,524 1 07 3 003,10704,15629,13870,186,1567,6,88.75,17970,13591,307,4065,7,75.63
Dhankuta,Khalsa Chhintang Sahidbhumi Gaunpalika,524 1 07 4 001,10705,7955,5805,314,1835,1,72.97,8916,5558,366,2990,2,62.34
Dhankuta,Mahalaxmi Municipality,524 1 07 3 001,10701,10162,8441,124,1597,0,83.06,12341,7987,151,4201,2,64.72
Dhankuta,Pakhribas Municipality,524 1 07 3 002,10702,9045,7319,225,1501,0,80.92,11060,7197,260,3602,1,65.07
Dhankuta,Sangurigadhi Gaunpalika,524 1 07 4 003,10706,9166,7199,207,1759,1,78.54,10538,6820,223,3493,2,64.72
Dhanusa,Aurahi Gaunpalika,524 2 17 4 003,20404,10194,5665,196,4328,5,55.57,10098,3398,227,6454,19,33.65
Dhanusa,Bateshwor Gaunpalika,524 2 17 4 001,20304,10115,6312,349,3411,43,62.4,9270,4041,346,4816,67,43.59
Dhanusa,Bideha Municipality,524 2 17 3 010,20313,14325,7373,784,6091,77,51.47,14559,4684,900,8865,110,32.17
Dhanusa,Chhireshwornath Municipality,524 2 17 3 003,20305,18971,11180,520,7267,4,58.93,18592,7366,546,10672,8,39.62
Dhanusa,Dhanauji Gaunpalika,524 2 17 4 004,20316,9813,5133,258,4238,184,52.31,9490,3103,268,5896,223,32.7
Dhanusa,Dhanushadham Municipality,524 2 17 3 004,20302,19754,11600,633,7487,34,58.72,21107,8012,779,12275,41,37.96
Dhanusa,Ganeshman Charnath Municipality,524 2 17 3 002,20301,15765,9510,515,5718,22,60.32,16843,6928,544,9341,30,41.13
Dhanusa,Hansapur Municipality,524 2 17 3 007,20308,16431,9238,671,6297,225,56.22,17850,6090,846,10543,371,34.12
Dhanusa,Janak Nandini Gaunpalika,524 2 17 4 006,20312,10848,5840,311,4666,31,53.83,11603,3633,339,7586,45,31.31
Dhanusa,Janakpur Sub-Metropolitian City,524 2 17 2 001,20315,76981,55960,1952,19013,56,72.69,71093,38373,1983,30640,97,53.98
Dhanusa,Kamala Municipality,524 2 17 3 011,20311,16536,8287,451,7788,10,50.11,17785,5275,539,11958,13,29.66
Dhanusa,Laxminiya Gaunpalika,524 2 17 4 002,20306,13042,7987,474,4475,106,61.24,12555,5193,500,6720,142,41.36
Dhanusa,Mithila Bihari Municipality,524 2 17 3 005,20307,14964,8304,903,5640,117,55.49,15098,5234,943,8785,136,34.67
Dhanusa,Mithila Municipality,524 2 17 3 001,20303,20914,14760,581,5550,23,70.57,20173,10454,579,9118,22,51.82
Dhanusa,Mukhiyapatti Musaharmiya Gaunpalika,524 2 17 4 005,20318,11840,5808,314,5697,21,49.05,10822,3305,319,7177,21,30.54
Dhanusa,Nagarain Municipality,524 2 17 3 009,20317,15904,9153,413,6257,81,57.55,15818,5740,398,9554,126,36.29
Dhanusa,Sabaila Municipality,524 2 17 3 006,20309,22313,12052,749,9485,27,54.01,24588,8392,875,15286,35,34.13
Dhanusa,Shahidnagar Municipality,524 2 17 3 008,20310,20527,11114,836,8558,19,54.14,21775,7200,883,13664,28,33.07
Dolakha,Baitedhar Gaunpalika,524 3 22 4 004,20304,8265,6128,291,1846,0,74.14,10048,5417,347,4282,2,53.91
Dolakha,Bhimeshwor Municipality,524 3 22 3 001,30109,13725,10928,472,2318,7,79.62,16270,9742,776,5732,20,59.88
Dolakha,Bigu Gaunpalika,524 3 22 4 001,30102,8035,5478,256,2295,6,68.18,8733,4295,262,4167,9,49.18
Dolakha,Gaurishankar Gaunpalika,524 3 22 4 002,30101,7360,4975,342,2043,0,67.6,8111,3798,380,3933,0,46.83
Dolakha,Jiri Municipality,524 3 22 3 002,30105,6498,4663,152,1682,1,71.76,7759,4106,193,3456,4,52.92
Dolakha,Kalinchowk Gaunpalika,524 3 22 4 003,30103,9882,7116,248,2489,29,72.01,10933,5912,317,4643,61,54.07
Dolakha,Melung Gaunpalika,524 3 22 4 006,30107,8156,5779,418,1957,2,70.86,10345,5277,489,4570,9,51.01
Dolakha,Shailung Gaunpalika,524 3 22 4 005,30108,7949,5612,174,2162,1,70.6,10032,5158,202,4668,4,51.42
Dolakha,Tamakoshi Gaunpalika,524 3 22 4 007,30106,7947,6118,248,1581,0,76.99,9319,5374,365,3579,1,57.67
Dolpa,Chharka Tangsong Gaunpalika,524 6 62 4 006,60108,613,243,13,357,0,39.64,701,148,20,533,0,21.11
Dolpa,Dolpo Buddha Gaunpalika,524 6 62 4 003,60101,857,280,42,535,0,32.67,1036,204,45,786,1,19.69
Dolpa,Jagadulla Gaunpalika,524 6 62 4 002,60103,934,677,15,242,0,72.48,986,489,21,476,0,49.59
Dolpa,Kaike Gaunpalika,524 6 62 4 005,60107,1456,1004,37,415,0,68.96,1699,663,49,987,0,39.02
Dolpa,Mudkechula Gaunpalika,524 6 62 4 004,60104,2172,1572,102,497,1,72.38,2142,1070,144,926,2,49.95
Dolpa,Shey Phoksundo Gaunpalika,524 6 62 4 001,60102,1363,551,56,749,7,40.43,1434,238,43,1148,5,16.6
Dolpa,Thulibheri Municipality,524 6 62 3 002,60106,3644,2957,59,628,0,81.15,3612,1917,79,1614,2,53.07
Dolpa,Tripurasundari Municipality,524 6 62 3 001,30210,4200,2880,182,1135,3,68.57,4385,1759,213,2409,4,40.11
Doti,Aadarsha Gaunpalika,524 7 70 4 001,70603,8183,5262,273,2605,43,64.3,11876,3868,346,7561,101,32.57
Doti,Badi Kedar Gaunpalika,524 7 70 4 006,70608,7042,5258,308,1475,1,74.67,7270,3731,312,3225,2,51.32
Doti,Bogatan Gaunpalika,524 7 70 4 007,70607,7089,5030,284,1774,1,70.96,8106,3358,282,4464,2,41.43
Doti,Dipayal Silgadhi Municipality,524 7 70 3 002,70605,12749,9988,318,2429,14,78.34,15845,7503,414,7910,18,47.35
Doti,Jorayal Gaunpalika,524 7 70 4 004,70609,8894,7234,211,1448,1,81.34,9458,5484,272,3697,5,57.98
Doti,K.I. Singh Gaunpalika,524 7 70 4 005,70606,7405,5118,285,2002,0,69.12,10351,4121,414,5815,1,39.81
Doti,Purbichouki Gaunpalika,524 7 70 4 003,70601,7800,5407,277,2110,6,69.32,10912,4167,367,6363,15,38.19
Doti,Sayal Gaunpalika,524 7 70 4 002,70602,7100,4353,357,2386,4,61.31,9104,2786,480,5829,9,30.6
Doti,Shikhar Municipality,524 7 70 3 001,70604,11143,8088,327,2726,2,72.58,16153,6714,420,9014,5,41.57
Gorkha,Aarughat Gaunpalika,524 4 36 4 006,40105,9560,6584,183,2793,0,68.87,12166,6517,309,5338,2,53.57
Gorkha,Ajirkot Gaunpalika,524 4 36 4 002,40102,6469,4911,156,1401,1,75.92,7754,4577,259,2913,5,59.03
Gorkha,Bhimsen Gaunpalika,524 4 36 4 007,40106,8623,6587,273,1762,1,76.39,11723,7143,336,4239,5,60.93
Gorkha,Chumanubri Gaunpalika,524 4 36 4 001,40101,2845,1277,126,1440,2,44.89,3234,767,122,2341,4,23.72
Gorkha,Dharche Gaunpalika,524 4 36 4 004,40104,5216,2902,254,2056,4,55.64,6508,2544,299,3661,4,39.09
Gorkha,Gandaki Gaunpalika,524 4 36 4 009,40111,9643,7043,206,2390,4,73.04,11797,6998,284,4508,7,59.32
Gorkha,Gorkha Municipality,524 4 36 3 002,40109,19771,16638,377,2751,5,84.15,25310,17658,457,7182,13,69.77
Gorkha,Palungtar Municipality,524 4 36 3 001,40108,15006,11832,317,2856,1,78.85,19946,12340,407,7187,12,61.87
Gorkha,Shahid Lakhan Gaunpalika,524 4 36 4 008,40110,10923,8458,219,2241,5,77.43,14445,9097,250,5090,8,62.98
Gorkha,Siranchowk Gaunpalika,524 4 36 4 005,40107,9627,7343,187,2097,0,76.28,12158,7149,274,4729,6,58.8
Gorkha,Sulikot Gaunpalika,524 4 36 4 003,40103,9901,6823,323,2739,16,68.91,13122,7170,369,5571,12,54.64
Gulmi,Chandrakot Gaunpalika,524 5 51 4 006,50403,8296,6980,99,1217,0,84.14,11503,7824,141,3537,1,68.02
Gulmi,Chhatrakot Gaunpalika,524 5 51 4 007,50411,7717,6405,123,1187,2,83,11567,7893,142,3527,5,68.24
Gulmi,Dhurkot Gaunpalika,524 5 51 4 003,50408,8403,6859,115,1424,5,81.63,11769,7525,184,4055,5,63.94
Gulmi,Gulmi Durbar Gaunpaika,524 5 51 4 005,50410,7953,6849,117,981,6,86.12,11950,8274,161,3512,3,69.24
Gulmi,Isma Gaunpalika,524 5 51 4 004,50405,7740,5548,163,2029,0,71.68,10861,6321,143,4395,2,58.2
Gulmi,Kali Gandaki Gaunpalika,524 5 51 4 010,40911,7307,6071,163,1072,1,83.08,9729,6514,218,2994,3,66.95
Gulmi,Madane Gaunpalika,524 5 51 4 001,50407,8270,6204,169,1895,2,75.02,10941,6332,193,4410,6,57.87
Gulmi,Malika Gaunpalika,524 5 51 4 002,40404,8343,6084,289,1969,1,72.92,10975,6370,324,4278,3,58.04
Gulmi,Musikot Municipality,524 5 51 3 001,50404,12441,10184,295,1961,1,81.86,16918,11356,338,5222,2,67.12
Gulmi,Resunga Municipality,524 5 51 3 002,50409,12760,11060,211,1486,3,86.68,16815,12011,322,4475,7,71.43
Gulmi,Ruru Gaunpalika,524 5 51 4 008,50412,7050,5924,154,971,1,84.03,9933,6860,247,2822,4,69.06
Gulmi,Satyawoti Gaunpalika,524 5 51 4 009,50402,9025,7657,179,1182,7,84.84,12643,8703,227,3703,10,68.84
Humla,Adanchuli Gaunpalika,524 6 66 4 007,60306,2941,1681,85,1175,0,57.16,2941,743,87,2111,0,25.26
Humla,Chankheli Gaunpalika,524 6 66 4 005,60301,2325,1523,39,762,1,65.51,2265,850,41,1374,0,37.53
Humla,Kharpunath Gaunpalika,524 6 66 4 003,60302,2529,1554,83,887,5,61.45,2582,805,97,1674,6,31.18
Humla,Namkha Gaunpalika,524 6 66 4 001,60304,1697,783,93,819,2,46.14,1817,420,52,1344,1,23.12
Humla,Sarkegad Gaunpalika,524 6 66 4 004,60305,4172,2414,85,1671,2,57.86,4107,1262,69,2772,4,30.73
Humla,Simkot Gaunpalika,524 6 66 4 002,60303,5239,3475,176,1585,3,66.33,4908,1944,167,2789,8,39.61
Humla,Tanjakot Gaunpalika,524 6 66 4 006,60307,2513,1587,58,868,0,63.15,2506,855,53,1598,0,34.12
Ilam,Chulachuli Gaunpalika,524 1 03 4 004,11007,8759,7027,185,1546,1,80.23,10347,7133,226,2986,2,68.94
Ilam,Deumai Municipality,524 1 03 3 001,11004,14637,12566,332,1736,3,85.85,15934,11551,363,4009,11,72.49
Ilam,Fakfokathum Gaunpalika,524 1 03 4 001,11005,9236,7695,253,1283,5,83.32,10644,7291,290,3055,8,68.5
Ilam,Illam Municipality,524 1 03 3 002,11003,21720,18791,556,2354,19,86.51,23446,17517,622,5292,15,74.71
Ilam,Mai Jogmai Gaunpalika,524 1 03 4 003,11001,9648,8145,118,1383,2,84.42,10015,7223,127,2659,6,72.12
Ilam,Mai Municipality,524 1 03 3 004,11008,14190,10859,628,2695,8,76.53,15691,10378,531,4779,3,66.14
Ilam,Mangsebung Gaunpalika,524 1 03 4 005,11006,8307,6874,157,1270,6,82.75,8668,5969,173,2518,8,68.86
Ilam,Rong Gaunpalika,524 1 03 4 006,11010,8755,7336,196,1217,6,83.79,9138,6714,241,2177,6,73.47
Ilam,Sandakpur Gaunpalika,524 1 03 4 002,11002,7247,5901,183,1158,5,81.43,7761,5285,202,2267,7,68.1
Ilam,Suryodaya Municipality,524 1 03 3 003,11009,26151,22766,472,2898,15,87.06,27183,20895,502,5765,21,76.87
Jajarkot,Barekot Gaunpalika,524 6 60 4 003,60701,7791,4350,264,3176,1,55.83,7673,3163,218,4290,2,41.22
Jajarkot,Bheri Malika Municipality,524 6 60 3 002,60706,14288,9736,417,4127,8,68.14,14990,7982,514,6487,7,53.25
Jajarkot,Chhedagad Municipality,524 6 60 3 001,60704,14663,9660,645,4354,4,65.88,15176,7621,806,6739,10,50.22
Jajarkot,Junichande Gaunpalika,524 6 60 4 001,60703,8949,5432,500,3011,6,60.7,9139,4158,520,4450,11,45.5
Jajarkot,Kuse Gaunpalika,524 6 60 4 002,60702,8749,5813,391,2537,8,66.44,8645,4329,378,3931,7,50.08
Jajarkot,Shivalaya Gaunpalika,524 6 60 4 004,60705,6390,4492,163,1734,1,70.3,6595,3189,173,3229,4,48.35
Jajarkot,Tribeni Nalagad Municipality,524 6 60 3 003,60707,10821,7333,399,3086,3,67.77,10970,5188,455,5324,3,47.29
Jhapa,Arjundhara Municipality,524 1 04 3 004,11103,25864,21683,395,3778,8,83.83,29536,20955,376,8197,8,70.95
Jhapa,Barhadashi Gaunpalika,524 1 04 4 005,11111,14076,10730,338,3005,3,76.23,16412,9972,356,6078,6,60.76
Jhapa,Bhadrapur Municipality,524 1 04 3 008,11114,28216,23805,460,3948,3,84.37,31912,22420,544,8939,9,70.26
Jhapa,Birtamod Municipality,524 1 04 3 007,11112,36272,30949,481,4840,2,85.32,38838,28804,537,9496,1,74.16
Jhapa,Buddhashanti Gaunpalika,524 1 04 4 002,11102,18100,15131,455,2506,8,83.6,20488,14729,414,5321,24,71.89
Jhapa,Damak Municipality,524 1 04 3 001,11107,32328,28388,534,3400,6,87.81,36817,28302,650,7857,8,76.87
Jhapa,Gauradaha Municipality,524 1 04 3 006,11108,22588,18197,516,3866,9,80.56,25862,17194,510,8141,17,66.48
Jhapa,Gauriganj Gaunpalika,524 1 04 4 003,11109,14255,10711,331,3205,8,75.14,15467,8550,344,6563,10,55.28
Jhapa,Haldibari Gaunpalika,524 1 04 4 006,11113,12016,9826,296,1892,2,81.77,14309,9720,283,4303,3,67.93
Jhapa,Jhapa Gaunpalika,524 1 04 4 004,11110,14797,10102,294,4396,5,68.27,16079,8530,273,7270,6,53.05
Jhapa,Kachanakawal Gaunpalika,524 1 04 4 007,11115,16426,12544,186,3692,4,76.37,18712,10542,222,7942,6,56.34
Jhapa,Kamal Gaunpalika,524 1 04 4 001,11106,18484,15519,386,2579,0,83.96,22263,15656,503,6102,2,70.32
Jhapa,Kankai Municipality,524 1 04 3 003,11104,16698,13749,326,2620,3,82.34,19940,13933,301,5703,3,69.87
Jhapa,Mechinagar Municipality,524 1 04 3 005,11101,48587,40712,672,7186,17,83.79,54553,38662,766,15110,15,70.87
Jhapa,Shivasatakshi Municipality,524 1 04 3 002,11105,27043,22144,598,4292,9,81.88,32339,22042,659,9622,16,68.16
Jumla,Chandannath Municipality,524 6 63 3 001,60404,8341,6492,207,1638,4,77.83,8664,4546,207,3908,3,52.47
Jumla,Guthichaur Gaunpalika,524 6 63 4 007,60405,4215,2877,160,1174,4,68.26,4340,1806,197,2331,6,41.61
Jumla,Hima Gaunpalika,524 6 63 4 004,60408,4388,2865,100,1421,2,65.29,4506,1883,89,2533,1,41.79
Jumla,Kanaka Sundari Gaun Palika,524 6 63 4 001,60402,5741,3829,164,1747,1,66.7,5718,2143,240,3333,2,37.48
Jumla,Patarasi Gaunpalika,524 6 63 4 003,60401,6197,3696,203,2297,1,59.64,6204,1903,176,4123,2,30.67
Jumla,Sinja Gaunpalika,524 6 63 4 002,60403,5153,3645,199,1309,0,70.74,5101,2038,256,2806,1,39.95
Jumla,Tatopani Gaunpalika,524 6 63 4 006,60406,6268,4054,279,1928,7,64.68,6281,2590,330,3355,6,41.24
Jumla,Tila Gaunpalika,524 6 63 4 005,60407,5766,3580,200,1986,0,62.09,5652,2004,168,3478,2,35.46
Kailali,Bardagoriya Gaunpalika,524 7 71 4 005,70806,13891,9779,418,3694,0,70.4,15331,7786,524,7021,0,50.79
Kailali,Bhajani Municipality,524 7 71 3 004,70811,23281,16152,701,6415,13,69.38,23727,12165,871,10674,17,51.27
Kailali,Chure Gaunpalika,524 7 71 4 001,70802,8008,5686,328,1984,10,71,8386,4034,409,3933,10,48.1
Kailali,Dhangadhi Sub-Metropolitian City,524 7 71 2 001,70813,66843,56041,1291,9501,10,83.84,68150,45525,1563,21037,25,66.8
Kailali,Gauriganga Municipality,524 7 71 3 002,70804,23107,16850,803,5452,2,72.92,26319,14085,961,11267,6,53.52
Kailali,Ghodaghodi Municipality,524 7 71 3 003,70805,33029,24829,823,7376,1,75.17,35063,19787,951,14320,5,56.43
Kailali,Godawari Municipality,524 7 71 3 001,30803,32238,24798,1142,6289,9,76.92,37259,21079,1401,14765,14,56.57
Kailali,Janaki Gaunpalika,524 7 71 4 006,51105,20739,15346,399,4992,2,74,23427,13239,491,9686,11,56.51
Kailali,Joshipur Gaunpalika,524 7 71 4 004,70809,16257,11324,396,4535,2,69.66,17111,8812,456,7839,4,51.5
Kailali,Kailari Gaunpalika,524 7 71 4 002,70812,21605,15505,384,5710,6,71.77,22689,12338,482,9860,9,54.38
Kailali,Lamki Chuha Municipality,524 7 71 3 006,70807,31183,23249,813,7105,16,74.56,36046,19945,1022,15042,37,55.33
Kailali,Mohanyal Gaunpalika,524 7 71 4 003,70801,9367,6717,286,2360,4,71.71,9628,4448,292,4881,7,46.2
Kailali,Tikapur Municipality,524 7 71 3 005,70810,32890,25137,707,7043,3,76.43,36851,21646,885,14306,14,58.74
Kalikot,Kalika Gaunpalika,524 6 64 4 005,30304,5879,3982,274,1620,3,67.73,5970,2768,284,2916,2,46.37
Kalikot,Khandachakra Municipality,524 6 64 3 002,60506,8695,6231,346,2108,10,71.66,8365,4174,353,3829,9,49.9
Kalikot,Mahawai Gaunpalika,524 6 64 4 006,60508,3481,2532,141,808,0,72.74,3494,1646,123,1722,3,47.11
Kalikot,Naraharinath Gaunpalika,524 6 64 4 001,60505,8924,5814,399,2692,19,65.15,9174,4264,398,4480,32,46.48
Kalikot,Pachal Jharana Gaunpalika,524 6 64 4 003,60502,5265,3409,286,1569,1,64.75,5143,2323,253,2559,8,45.17
Kalikot,Palata Gaunpalika,524 6 64 4 004,60501,6427,3856,298,2272,1,60,6267,2347,246,3671,3,37.45
Kalikot,Raskot Municipality,524 6 64 3 001,60503,6728,4635,270,1823,0,68.89,6980,3181,278,3518,3,45.57
Kalikot,Sanni Tribeni Gaunpalika,524 6 64 4 002,60504,5358,3664,297,1396,1,68.38,5548,2477,353,2716,2,44.65
Kalikot,Tilagupha Municipality,524 6 64 3 003,60507,6631,4750,260,1619,2,71.63,6618,3135,261,3221,1,47.37
Kanchanpur,Bedkot Municipality,524 7 72 3 003,70903,20960,16914,538,3506,2,80.7,23576,14212,581,8772,11,60.28
Kanchanpur,Beldandi Gaunpalika,524 7 72 3 006,70908,9025,7118,82,1823,2,78.87,10600,5995,128,4472,5,56.56
Kanchanpur,Belouri Municipality,524 7 72 4 001,70909,23177,18610,513,4046,8,80.3,25852,16058,620,9168,6,62.12
Kanchanpur,Bhimdatta Municipality,524 7 72 3 002,70904,46367,40627,746,4982,12,87.62,49393,33434,879,15056,24,67.69
Kanchanpur,Krishnapur Municipality,524 7 72 3 005,70901,24043,18564,616,4858,5,77.21,26707,15156,682,10860,9,56.75
Kanchanpur,Laljhadi Gaunpalika,524 7 72 4 002,70906,9896,7159,237,2497,3,72.34,10306,5313,280,4710,3,51.55
Kanchanpur,Mahakali Municipality,524 7 72 3 001,70303,15908,12976,295,2634,3,81.57,18988,11700,335,6946,7,61.62
Kanchanpur,Punarbas Municipality,524 7 72 3 007,70907,21876,17135,501,4239,1,78.33,25930,15386,626,9911,7,59.34
Kanchanpur,Shuklaphanta Municipality,524 7 72 3 004,70902,19421,15513,418,3486,4,79.88,22520,13226,575,8715,4,58.73
Kapilbastu,Banganga Municipality,524 5 49 3 003,50901,31698,25924,635,5112,27,81.78,37472,24562,797,12070,43,65.55
Kapilbastu,Bijayanagar Gaunpalika,524 5 49 4 001,50904,16577,9121,582,6871,3,55.02,15880,5523,554,9798,5,34.78
Kapilbastu,Buddhabhumi Municipality,524 5 49 3 002,50902,28038,19408,714,7906,10,69.22,29984,14954,750,14269,11,49.87
Kapilbastu,Kapilbastu Municipality,524 5 49 3 006,50907,33962,23276,1132,9517,37,68.54,34289,15924,1182,17104,79,46.44
Kapilbastu,Krishnanagar Municipality,524 5 49 3 004,50905,28639,15850,1287,11452,50,55.34,26449,10144,1238,15015,52,38.35
Kapilbastu,Maharajganj Municipality,524 5 49 3 005,50906,24749,14570,984,9180,15,58.87,23442,8400,912,14096,34,35.83
Kapilbastu,Mayadevi Gaunpalika,524 5 49 4 003,50812,21206,12679,1485,7019,23,59.79,21115,8195,1445,11434,41,38.81
Kapilbastu,Shivaraj Municipality,524 5 49 3 001,50903,29216,19023,874,9299,20,65.11,29872,13672,948,15236,16,45.77
Kapilbastu,Shuddhodhan Gaunpalika,524 5 49 4 004,50806,19808,11946,768,7066,28,60.31,19729,7098,857,11749,25,35.98
Kapilbastu,Yasodhara Gaunpalika,524 5 49 4 002,50908,17371,10751,657,5954,9,61.89,16911,6185,642,10077,7,36.57
Kaski,Annapurna Gaunpalika,524 4 39 4 001,40401,9543,7523,287,1731,2,78.83,11878,7546,313,4016,3,63.53
Kaski,Machhapuchchhre Gaunpalika,524 4 39 4 002,40502,8975,6978,200,1793,4,77.75,10950,6907,252,3780,11,63.08
Kaski,Madi Gaunpalika,524 4 39 4 003,10209,7456,5702,208,1544,2,76.48,9157,5432,240,3480,5,59.32
Kaski,Pokhara Lekhnath Metropolitian City,524 4 39 1 001,40504,176663,161944,2192,12476,51,91.67,195895,151942,2995,40854,104,77.56
Kaski,Rupa Gaunpalika,524 4 39 4 004,40505,5727,4942,103,681,1,86.29,7694,5132,172,2383,7,66.7
Kathmandu,Budhanilkhantha Municipality,524 3 27 3 003,30604,50195,45980,606,3600,9,91.6,50156,39101,832,10205,18,77.96
Kathmandu,Chandragiri Municipality,524 3 27 3 008,30610,39573,35145,640,3771,17,88.81,39453,28989,793,9622,49,73.48
Kathmandu,Dakshinkali Municipality,524 3 27 3 010,30611,11006,9360,269,1369,8,85.04,11663,7685,316,3643,19,65.89
Kathmandu,Gokarneshwor Municipality,524 3 27 3 004,30603,49305,42887,1130,5250,38,86.98,49769,35300,1402,12999,68,70.93
Kathmandu,Kageshwori Manahara Municipality,524 3 27 3 006,30602,27835,24979,667,2184,5,89.74,28033,20547,760,6716,10,73.3
Kathmandu,Kathmandu Metropolitian City,524 3 27 1 001,30601,479910,447899,5449,26489,73,93.33,435633,362573,7080,65813,167,83.23
Kathmandu,Kirtipur Municipality,524 3 27 3 009,30609,34581,32667,333,1578,3,94.47,27540,21256,442,5834,8,77.18
Kathmandu,Nagarjun Municipality,524 3 27 3 005,30607,31568,29059,501,2000,8,92.05,31104,24276,590,6216,22,78.05
Kathmandu,Shankharapur Municipality,524 3 27 3 007,30601,11407,9363,215,1824,5,82.08,12128,7555,231,4325,17,62.29
Kathmandu,Tarakeshwor Municipality,524 3 27 3 001,30507,38154,34466,510,3157,21,90.33,37209,27768,678,8737,26,74.63
Kathmandu,Tokha Municipality,524 3 27 3 002,30605,46892,43564,500,2822,6,92.9,45001,36160,760,8075,6,80.35
Kavrepalanchok,Banepa Municipality,524 3 24 3 002,30904,25278,22846,370,2052,10,90.38,26601,19341,477,6755,28,72.71
Kavrepalanchok,Bethanchowk Gaunpalika,524 3 24 4 003,30910,7021,5436,180,1403,2,77.42,8448,5005,197,3241,5,59.24
Kavrepalanchok,Bhumlu Gaunpalika,524 3 24 4 001,30902,8172,5475,286,2403,8,67,9462,4775,274,4397,16,50.47
Kavrepalanchok,Chauri Deurali Gaunpalika,524 3 24 4 002,30901,8715,5942,288,2478,7,68.18,10657,5416,290,4940,11,50.82
Kavrepalanchok,Dhulikhel Municipality,524 3 24 3 003,30905,14259,12158,270,1828,3,85.27,15621,10210,377,5017,17,65.36
Kavrepalanchok,Khanikhola Gaunpalika,524 3 24 4 006,30913,6220,4299,274,1645,2,69.12,6463,3344,268,2850,1,51.74
Kavrepalanchok,Mahabharat Gaunpalika,524 3 24 4 007,30912,7803,5117,573,2109,4,65.58,8265,4113,673,3470,9,49.76
Kavrepalanchok,Mandan Deupur Municipality,524 3 24 3 001,30903,14149,10600,579,2970,0,74.92,16217,9289,568,6347,13,57.28
Kavrepalanchok,Namobuddha Municipality,524 3 24 3 006,30908,12476,9737,313,2414,12,78.05,14873,8782,349,5723,19,59.05
Kavrepalanchok,Panauti Municipality,524 3 24 3 005,30909,20143,17494,297,2346,6,86.85,23325,15678,388,7235,24,67.22
Kavrepalanchok,Panchkhal Municipality,524 3 24 3 004,30906,16590,13320,433,2832,5,80.29,18791,11462,533,6781,15,61
Kavrepalanchok,Roshi Gaunpalika,524 3 24 4 004,30911,12314,9094,390,2815,15,73.85,14016,7821,402,5765,28,55.8
Kavrepalanchok,Temal Gaunpalika,524 3 24 4 005,30907,9897,7236,266,2392,3,73.11,11459,6497,315,4642,5,56.7
Khotang,Aiselukharka Gaunpalika,524 1 12 4 001,10502,6641,4940,252,1444,5,74.39,7893,4632,319,2931,11,58.68
Khotang,Baraha Pokhari Gaunpalika,524 1 12 4 007,10510,6037,4509,221,1301,6,74.69,6731,3957,220,2546,8,58.79
Khotang,Diprung Gaunpalika,524 1 12 4 004,10507,8278,6735,253,1287,3,81.36,9768,6317,296,3153,2,64.67
Khotang,Halesi Tuwachung Municipality,524 1 12 3 001,10504,12386,9205,597,2576,8,74.32,14039,7994,656,5375,14,56.94
Khotang,Jante Dhunga Gaunpalika,524 1 12 4 008,10509,6631,4780,297,1543,11,72.09,7240,4038,267,2919,16,55.77
Khotang,Kepilasgadhi Gaunpalika,524 1 12 4 002,10501,6522,4541,372,1601,8,69.63,7209,3999,351,2852,7,55.47
Khotang,Khotehang Gaunpalika,524 1 12 4 006,10508,9311,7300,224,1781,6,78.4,10932,6436,276,4208,12,58.87
Khotang,Lamidanda Gaunpalika,524 1 12 4 003,10503,5513,4196,145,1172,0,76.11,6518,3876,149,2493,0,59.47
Khotang,Rupakot Majhuwagadhi Municipality,524 1 12 3 002,10505,19413,16194,491,2716,12,83.42,23010,15586,582,6831,11,67.74
Khotang,Sakela Gaunpalika,524 1 12 4 005,10506,4943,3932,165,840,6,79.55,5611,3598,175,1831,7,64.12
Lalitpur,Bagmati Gaunpalika,524 3 25 4 001,20503,5854,4576,117,1153,8,78.17,5977,3587,133,2249,8,60.01
Lalitpur,Godawari Municipality,524 3 25 3 001,30803,35548,30374,508,4644,22,85.45,37443,24375,662,12372,34,65.1
Lalitpur,Konjyosom Gaunpalika,524 3 25 4 002,30804,4224,2937,241,1036,10,69.53,4720,2341,234,2117,28,49.6
Lalitpur,Lalitpur Metropolitian City,524 3 25 1 001,30801,136803,126295,1724,8753,31,92.32,130984,103912,2514,24504,54,79.33
Lalitpur,Mahalaxmi Municipality,524 3 25 3 002,10701,28870,26252,447,2145,26,90.93,29152,21405,660,7028,59,73.43
Lalitpur,Mahankal Gaunpalika,524 3 25 4 003,30805,4193,3383,131,679,0,80.68,4512,2814,119,1577,2,62.37
Lamjung,Bensi Shahar Municipality,524 4 37 3 002,40605,15957,13700,261,1984,12,85.86,20034,13834,383,5772,45,69.05
Lamjung,Dordi Gaunpalika,524 4 37 4 003,40601,7512,5290,232,1990,0,70.42,9124,4919,334,3868,3,53.91
Lamjung,Dudhapokhari Gaunpalika,524 4 37 4 004,40608,4556,3312,119,1121,4,72.7,5495,3021,169,2300,5,54.98
Lamjung,Kwhola Sothar Gaunpalika,524 4 37 4 001,40603,4059,3035,105,919,0,74.77,5054,2885,137,2032,0,57.08
Lamjung,Madhya Nepal Municipality,524 4 37 3 001,40604,9480,8130,208,1140,2,85.76,12033,8118,270,3643,2,67.46
Lamjung,Marshyangdi Gaunpalika,524 4 37 4 002,40602,7801,5573,238,1988,2,71.44,9288,5012,280,3994,2,53.96
Lamjung,Rainas Municipality,524 4 37 3 004,40607,7325,5775,218,1331,1,78.84,9671,5989,370,3310,2,61.93
Lamjung,Sundarbazar Municipality,524 4 37 3 003,40606,10634,9284,171,1178,1,87.3,14037,9832,289,3912,4,70.04
Mahottari,Aurahi Municipality,524 2 18 3 003,20216,13832,7414,318,6095,5,53.6,14180,4847,355,8977,1,34.18
Mahottari,Balawa Municipality,524 2 18 3 007,20407,18117,9652,350,8093,22,53.28,19242,6075,370,12764,33,31.57
Mahottari,Bardibas Municipality,524 2 18 3 001,20401,28341,20442,473,7420,6,72.13,29876,16353,454,13059,10,54.74
Mahottari,Bhangaha Municipality,524 2 18 3 004,20405,19364,10195,523,8609,37,52.65,22006,7019,576,14320,91,31.9
Mahottari,Ekadara Gaunpalika,524 2 18 4 003,20411,13137,6661,581,5886,9,50.7,12816,4111,577,8116,12,32.08
Mahottari,Gaushala Municipality,524 2 18 3 002,20402,29954,17169,716,12040,29,57.32,29404,11460,634,17279,31,38.97
Mahottari,Jaleshwor Municipality,524 2 18 3 009,20415,25497,17070,807,7594,26,66.95,25785,11995,838,12902,50,46.52
Mahottari,Loharpatti Municipality,524 2 18 3 008,20406,16376,8288,288,7785,15,50.61,18285,5431,334,12499,21,29.7
Mahottari,Mahottari Gaunpalika,524 2 18 4 004,20412,12380,7092,366,4916,6,57.29,12239,4460,363,7414,2,36.44
Mahottari,Manara Shisawa Municipality,524 2 18 3 006,20410,22106,12313,637,8995,161,55.7,22191,8199,565,13193,234,36.95
Mahottari,Matihani Municipality,524 2 18 3 010,20414,13277,6968,250,6050,9,52.48,13917,4483,272,9149,13,32.21
Mahottari,Pipara Gaunpalika,524 2 18 4 005,20413,15872,9672,276,5913,11,60.94,16012,6376,301,9318,17,39.82
Mahottari,Ram Gopalpur Municipality,524 2 18 3 005,20408,12774,6106,542,6115,11,47.8,13672,3774,603,9285,10,27.6
Mahottari,Samsi Gaunpalika,524 2 18 4 002,20409,14570,5733,289,8084,464,39.35,14884,3531,295,10538,520,23.72
Mahottari,Sonama Gaunpalika,524 2 18 4 001,20403,17148,8521,429,8187,11,49.69,16663,4635,428,11582,18,27.82
Makwanpur,Bagmati Gaunpalika,524 3 31 4 008,20503,13068,8251,438,4377,2,63.14,14244,6506,488,7247,3,45.68
Makwanpur,Bakaiya Gaunpalika,524 3 31 4 007,31209,16850,10686,607,5550,7,63.42,18338,9111,497,8720,10,49.68
Makwanpur,Bhimphedi Gaunpalika,524 3 31 4 004,31207,10135,7609,321,2203,2,75.08,11122,6511,317,4288,6,58.54
Makwanpur,Hetauda Sub-Metropolitian City,524 3 31 2 001,31206,69101,59191,1430,8452,28,85.66,72500,52275,1744,18453,28,72.1
Makwanpur,Indrasarowar Gaunpalika,524 3 31 4 005,31201,5949,4118,209,1618,4,69.22,6721,3619,190,2905,7,53.85
Makwanpur,Kailash Gaunpalika,524 3 31 4 003,31203,10445,5971,412,4056,6,57.17,10478,4688,361,5419,10,44.74
Makwanpur,Makawanpurgadhi Gaunpalika,524 3 31 4 006,31208,11092,8467,313,2309,3,76.33,11827,7378,258,4188,3,62.38
Makwanpur,Manahari Gaunpalika,524 3 31 4 001,31205,16569,11961,431,4172,5,72.19,18098,10718,403,6971,6,59.22
Makwanpur,Raksirang Gaunpalika,524 3 31 4 002,31204,11406,6921,466,4013,6,60.68,11437,5448,374,5608,7,47.63
Makwanpur,Thaha Municipality,524 3 31 3 001,31202,18019,13633,382,4000,4,75.66,20021,11698,380,7934,9,58.43
Manang,Chame Gaunpalika,524 4 38 4 003,40203,555,450,1,104,0,81.08,485,328,3,154,0,67.63
Manang,Naraphu Gaunpalika,524 4 38 4 002,40201,241,209,0,32,0,86.72,271,189,0,82,0,69.74
Manang,Nashong Gaunpalika,524 4 38 4 004,40204,888,728,2,158,0,81.98,899,584,5,310,0,64.96
Manang,Neshang Gaunpalika,524 4 38 4 001,40202,1152,882,14,256,0,76.56,960,555,12,393,0,57.81
Morang,Belbari Municipality,524 1 05 3 003,11205,27462,22384,463,4609,6,81.51,33119,21584,479,11034,22,65.17
Morang,Biratnagar Metropolitian City,524 1 05 1 001,11214,99880,85597,1292,12958,33,85.7,97408,70255,1696,25407,50,72.12
Morang,Budhiganga Gaunpalika,524 1 05 4 004,11213,18888,14284,325,4264,15,75.62,19089,10867,421,7778,23,56.93
Morang,Dhanapalthan Gaunpalika,524 1 05 4 008,11216,17351,11454,321,5567,9,66.01,17944,8134,345,9451,14,45.33
Morang,Gramthan Gaunpalika,524 1 05 4 005,11212,14473,11066,209,3194,4,76.46,15776,9120,237,6413,6,57.81
Morang,Jahada Gaunpalika,524 1 05 4 007,11217,18676,11731,392,6528,25,62.81,18288,7662,372,10226,28,41.9
Morang,Kanepokhari Gaunpalika,524 1 05 4 003,11206,15862,12662,262,2935,3,79.83,18979,12206,290,6481,2,64.31
Morang,Katahari Gaunpalika,524 1 05 4 006,11215,18151,12690,371,5083,7,69.91,17637,8863,344,8425,5,50.25
Morang,Kerabari Gaunpalika,524 1 05 4 001,11203,12444,9672,470,2298,4,77.72,15302,10052,569,4680,1,65.69
Morang,Letang Municipality,524 1 05 3 001,11202,12930,10444,321,2161,4,80.77,16305,11396,408,4495,6,69.89
Morang,Miklajung Gaunpalika,524 1 05 4 002,10908,11811,9516,417,1876,2,80.57,14248,9882,419,3940,7,69.36
Morang,Pathari Shanishchare Municipality,524 1 05 3 004,11207,25150,21019,561,3559,11,83.57,30847,21452,628,8746,21,69.54
Morang,Rangeli Municipality,524 1 05 3 006,11211,22550,16306,438,5802,4,72.31,24528,13238,391,10894,5,53.97
Morang,Ratuwamai Municipality,524 1 05 3 008,11209,23502,17410,580,5501,11,74.08,26375,14886,563,10909,17,56.44
Morang,Sundarharaicha Municipality,524 1 05 3 002,11204,34386,28409,812,5154,11,82.62,39689,27060,905,11703,21,68.18
Morang,Sunwarshi Municipality,524 1 05 3 007,11210,22210,14618,679,6903,10,65.82,23181,11100,640,11421,20,47.88
Morang,Urlabari Municipality,524 1 05 3 005,11208,22770,19344,417,3005,4,84.95,27251,19795,471,6981,4,72.64
Mugu,Chhayanath Rara Municipality,524 6 65 3 001,60202,8620,5819,403,2394,4,67.51,8323,3276,418,4620,9,39.36
Mugu,Khatyad Gaunpalika,524 6 65 4 001,60204,7272,4689,436,2139,8,64.48,7195,2702,424,4062,7,37.55
Mugu,Mugumakarmarog Gaunpalika,524 6 65 4 003,60201,2265,1175,40,1049,1,51.88,2426,756,52,1613,5,31.16
Mugu,Soru Gaunpalika,524 6 65 4 002,60203,5079,3311,193,1571,4,65.19,5037,1742,201,3086,8,34.58
Mustang,Bahragaun Muktikshetra Gaunpalika,524 4 45 4 003,40303,1054,690,16,348,0,65.46,1118,526,23,568,1,47.05
Mustang,Dalome Gaunpalika,524 4 45 4 002,40301,624,332,16,276,0,53.21,684,252,19,413,0,36.84
Mustang,Gharpajhong Gaunpalika,524 4 45 4 004,40302,1476,1228,28,220,0,83.2,1346,905,35,405,1,67.24
Mustang,Lomanthang Gaunpalika,524 4 45 4 001,40304,812,410,18,384,0,50.49,959,301,20,638,0,31.39
Mustang,Thasang Gaunpalika,524 4 45 4 005,40305,1394,1114,31,248,1,79.91,1275,830,34,410,1,65.1
Myagdi,Annapurna Gaunpalika,524 4 44 4 003,40401,5565,4511,73,979,2,81.06,6699,4301,97,2297,4,64.2
Myagdi,Beni Municipality,524 4 44 3 001,40406,13246,11488,232,1521,5,86.73,16924,11814,451,4644,15,69.81
Myagdi,Dhawalagiri Gaunpalika,524 4 44 4 001,40403,5414,3920,211,1278,5,72.4,6872,3900,263,2702,7,56.75
Myagdi,Malika Gaunpalika,524 4 44 4 004,40404,7420,5879,113,1423,5,79.23,9414,5941,174,3292,7,63.11
Myagdi,Mangala Gaunpalika,524 4 44 4 005,40405,6263,4937,170,1156,0,78.83,8309,5323,245,2738,3,64.06
Myagdi,Raghuganga Gaunpalika,524 4 44 4 002,40402,6119,4751,136,1231,1,77.64,8009,4919,182,2906,2,61.42
Nawalparasi,Bardaghat Municipality,524 5 76 3 002,50701,25619,21271,427,3916,5,83.03,31024,21287,535,9196,6,68.61
Nawalparasi,Binayi Tribeni Gaunpalika,524 4 47 4 004,40808,13187,10726,251,2206,4,81.34,16668,11272,285,5101,10,67.63
Nawalparasi,Bulingtar Gaunpalika,524 4 47 4 002,40802,7679,5631,294,1748,6,73.33,9453,5174,368,3908,3,54.73
Nawalparasi,Bungdikali Gaunpalika,524 4 47 4 001,40803,6197,4900,170,1123,4,79.07,7949,5038,225,2680,6,63.38
Nawalparasi,Devchuli Municipality,524 4 47 3 003,40805,17813,14984,373,2444,12,84.12,21421,15312,426,5671,12,71.48
Nawalparasi,Gaidakot Municipality,524 4 47 3 004,40801,25924,22613,497,2790,24,87.23,28622,21215,582,6778,47,74.12
Nawalparasi,Hupsekot Gaunpalika,524 4 47 4 003,40804,9912,7848,194,1868,2,79.18,12538,7903,267,4366,2,63.03
Nawalparasi,Kawasoti Municipality,524 4 47 3 002,40806,26022,21718,581,3713,10,83.46,31560,22212,709,8624,15,70.38
Nawalparasi,Madhya Bindu Municipality,524 4 47 3 001,40807,21726,17515,347,3854,10,80.62,27834,18379,462,8982,11,66.03
Nawalparasi,Palhinandan Gaunpalika,524 5 76 4 001,50704,15499,11156,384,3952,7,71.98,16394,7616,551,8205,22,46.46
Nawalparasi,Pratapapur Gaunpalika,524 5 76 4 003,50706,20517,14683,507,5314,13,71.57,20352,9600,503,10231,18,47.17
Nawalparasi,Ramgram Municipality,524 5 76 3 003,50703,25301,20125,412,4744,20,79.54,26563,14474,460,11599,30,54.49
Nawalparasi,Sarawal Gaunpalika,524 5 76 4 002,50705,16610,11946,338,4324,2,71.92,17463,8522,356,8577,8,48.8
Nawalparasi,Sunawal Municipality,524 5 76 3 001,50702,23266,19839,333,3090,4,85.27,28009,19785,432,7781,11,70.64
Nawalparasi,Susta Gaunpalika,524 5 76 4 004,50707,15621,10685,411,4522,3,68.4,16620,8137,347,8132,4,48.96
Nuwakot,Belkotgadhi Municipality,524 3 28 3 002,30508,17910,12684,772,4418,36,70.82,19528,10687,717,8077,47,54.73
Nuwakot,Bidur Municipality,524 3 28 3 001,30504,23121,18291,580,4241,9,79.11,27192,16817,731,9615,29,61.85
Nuwakot,Dupcheshwor Gaunpalika,524 3 28 4 008,30501,10003,5169,429,4399,6,51.67,9868,3700,379,5770,19,37.49
Nuwakot,Kakani Gaunpalika,524 3 28 4 009,30512,11977,8217,533,3198,29,68.61,12392,6420,471,5471,30,51.81
Nuwakot,Kispang Gaunpalika,524 3 28 4 002,30505,6349,4069,244,2033,3,64.09,7315,3657,292,3358,8,49.99
Nuwakot,Likhu Gaunpalika,524 3 28 4 006,10405,7200,5306,316,1577,1,73.69,8416,4602,319,3493,2,54.68
Nuwakot,Meghang Gaunpalika,524 3 28 4 001,30506,5506,3397,152,1951,6,61.7,6813,3256,222,3320,15,47.79
Nuwakot,Panchakanya Gaunpalika,524 3 28 4 007,30510,7110,4900,264,1940,6,68.92,7679,4113,256,3301,9,53.56
Nuwakot,Shivapuri Gaunpalika,524 3 28 4 010,30511,8971,5900,385,2661,25,65.77,10276,5333,375,4548,20,51.9
Nuwakot,Suryagadhi Gaunpalika,524 3 28 4 004,30503,7499,4691,413,2390,5,62.56,7913,3713,356,3838,6,46.92
Nuwakot,Tadi Gaunpalika,524 3 28 4 005,30502,8264,4680,267,3310,7,56.63,8304,3524,227,4543,10,42.44
Nuwakot,Tarakeshwor Gaunpalika,524 3 28 4 003,30507,6372,4015,228,2094,35,63.01,8026,4100,206,3662,58,51.08
Okhaldhunga,Champadevi Gaunpalika,524 1 13 4 004,10406,7479,4983,176,2319,1,66.63,9168,4417,183,4567,1,48.18
Okhaldhunga,Chishankhu Gadhi Gaunpalika,524 1 13 4 006,10401,6204,4791,174,1238,1,77.22,7547,4527,213,2806,1,59.98
Okhaldhunga,Khiji Demba Gaunpalika,524 1 13 4 001,10404,6526,4713,186,1626,1,72.22,7141,3944,187,3009,1,55.23
Okhaldhunga,Likhu Gaunpalika,524 1 13 4 002,10405,5878,4543,164,1170,1,77.29,6857,3816,196,2843,2,55.65
Okhaldhunga,Manebhanjyang Gaunpalika,524 1 13 4 007,10408,8647,6387,333,1927,0,73.86,10467,5907,354,4202,4,56.43
Okhaldhunga,Molung Gaunpalika,524 1 13 4 003,10403,6736,4937,267,1531,1,73.29,7932,4448,309,3173,2,56.08
Okhaldhunga,Siddhicharan Municipality,524 1 13 3 001,10402,11373,9002,225,2144,2,79.15,14122,8564,286,5269,3,60.64
Okhaldhunga,Sunkoshi Gaunpalika,524 1 13 4 005,10407,7633,5330,238,2062,3,69.83,9130,4891,271,3964,4,53.57
Palpa,Baganaskali Gaunpalika,524 5 46 4 005,50604,8108,7108,164,832,4,87.67,11538,8129,194,3211,4,70.45
Palpa,Mathagadhi Gaunpalika,524 5 46 4 004,50609,9894,8105,294,1488,7,81.92,12716,8453,407,3846,10,66.48
Palpa,Nisdi Gaunpalika,524 5 46 4 008,50610,8954,7072,319,1561,2,78.98,11155,6933,418,3793,11,62.15
Palpa,Purbakhola Gaunpalika,524 5 46 4 006,50602,7520,6222,195,1101,2,82.74,10020,6772,297,2944,7,67.58
Palpa,Rainadevi Chhahara Gaunpalika,524 5 46 4 001,50607,10230,8517,208,1501,4,83.26,13462,9155,345,3943,19,68.01
Palpa,Rambha Gaunpalika,524 5 46 4 007,50603,7575,6307,224,1043,1,83.26,10804,7318,361,3121,4,67.73
Palpa,Rampur Municipality,524 5 46 3 002,50601,13729,11505,349,1869,6,83.8,18389,12685,523,5175,6,68.98
Palpa,Ribdikot Gaunpalika,524 5 46 4 003,50606,7123,5969,94,1056,4,83.8,9963,6841,133,2985,4,68.66
Palpa,Tansen Municipality,524 5 46 3 001,50605,20750,18811,433,1501,5,90.66,25811,19985,571,5245,10,77.43
Palpa,Tinau Gaunpalika,524 5 46 4 002,50608,7848,6527,129,1190,2,83.17,9325,6200,201,2910,14,66.49
Panchthar,Falelung Gaunpalika,524 1 02 4 003,10903,9425,7385,309,1731,0,78.36,10588,6791,368,3429,0,64.14
Panchthar,Falgunanda Gaunpalika,524 1 02 4 005,10905,10003,7824,456,1720,3,78.22,11852,7526,498,3824,4,63.5
Panchthar,Hilihan Gaunpalika,524 1 02 4 001,10902,9471,7677,213,1578,3,81.06,11145,7447,220,3473,5,66.82
Panchthar,Kummayak Gaunpalika,524 1 02 4 004,10906,6696,5266,209,1217,4,78.64,8017,4967,242,2799,9,61.96
Panchthar,Miklajung Gaunpalika,524 1 02 4 007,10908,10226,8187,408,1629,2,80.06,12203,8015,460,3719,9,65.68
Panchthar,Phidim Municipality,524 1 02 3 001,10904,20982,17183,593,3198,8,81.89,23943,16420,674,6843,6,68.58
Panchthar,Tumbewa Gaunpalika,524 1 02 4 006,10907,5586,4350,114,1121,1,77.87,6568,4140,139,2281,8,63.03
Panchthar,Yangbarak Gaunpalika,524 1 02 4 002,10107,7823,6339,281,1202,1,81.03,8712,5881,328,2498,5,67.5
Parbat,Bihadi Gaunpalika,524 4 42 4 003,41006,5179,4298,108,773,0,82.99,6853,4641,140,2071,1,67.72
Parbat,Jaljala Gaunpalika,524 4 42 4 001,41002,8616,7025,240,1351,0,81.53,10777,6764,285,3722,6,62.76
Parbat,Kushma Municipality,524 4 42 3 001,41003,15859,13443,369,2039,8,84.77,20193,13754,405,6019,15,68.11
Parbat,Mahashila Gaunpalika,524 4 42 4 004,41005,3925,3239,128,556,2,82.52,5006,3181,155,1666,4,63.54
Parbat,Modi Gaunpalika,524 4 42 4 002,41001,8264,6789,195,1268,12,82.15,10982,7059,256,3645,22,64.28
Parbat,Paiyu Gaunpalika,524 4 42 4 005,41007,6050,4993,185,865,7,82.53,7914,5400,252,2255,7,68.23
Parbat,Phalebas Municipality,524 4 42 3 002,41004,9543,8119,140,1275,9,85.08,12974,8786,164,4022,2,67.72
Parsa,Bahudarmai Municipality,524 2 34 3 002,20808,18157,10340,680,7108,29,56.95,16456,5240,636,10534,46,31.84
Parsa,Bindabasini Gaunpalika,524 2 34 4 010,20814,11065,6838,312,3901,14,61.8,10313,3585,305,6409,14,34.76
Parsa,Birgunj Metropolitian City,524 2 34 1 001,20807,114638,87386,2697,24488,67,76.23,101658,56489,2536,42545,88,55.57
Parsa,Chhipaharmai Gaunpalika,524 2 34 4 007,20812,11927,7011,257,4650,9,58.78,11375,3788,255,7324,8,33.3
Parsa,Dhobini Gaunpalika,524 2 34 4 006,20811,8893,5355,397,3135,6,60.22,8437,2807,363,5263,4,33.27
Parsa,Jagarnathpur Gaunpalika,524 2 34 4 005,20803,14722,7925,688,6096,13,53.83,13736,4089,674,8954,19,29.77
Parsa,Jirabhawani Gaunpalika,524 2 34 4 002,20802,10044,6259,215,3570,0,62.32,10116,3946,224,5940,6,39.01
Parsa,Kalikamai Gaunpalika,524 2 34 4 008,20810,9634,6437,317,2802,78,66.82,8907,3599,348,4859,101,40.41
Parsa,Pakaha Mainpur Gaunpalika,524 2 34 4 009,20813,9599,6120,259,3213,7,63.76,8646,3211,249,5176,10,37.14
Parsa,Parsagadhi Municipality,524 2 34 3 003,20806,17240,10007,554,6671,8,58.05,16755,6392,530,9821,12,38.15
Parsa,Paterwa Sugauli Gaunpalika,524 2 34 4 003,20804,10693,6013,269,4410,1,56.23,10511,3498,261,6745,7,33.28
Parsa,Pokhariya Municipality,524 2 34 3 001,20809,14735,8758,509,5451,17,59.44,13839,4320,404,9083,32,31.22
Parsa,Sakhuwa Prasauni Gaunpalika,524 2 34 4 004,20805,14835,8332,489,5995,19,56.16,14267,4927,460,8853,27,34.53
Parsa,Thori Gaunpalika,524 2 34 4 001,20801,8986,6834,225,1922,5,76.05,9748,5741,240,3762,5,58.89
Pyuthan,Aairawati Gaunpalika,524 5 55 4 007,50308,8240,6643,160,1433,4,80.62,11294,7066,206,4008,14,62.56
Pyuthan,Gaumukhi Gaunpalika,524 5 55 4 002,50301,9514,7026,121,2357,10,73.85,12154,6485,148,5510,11,53.36
Pyuthan,Jhimaruk Gaunpalika,524 5 55 4 003,50303,10404,8510,154,1740,0,81.8,14131,9018,199,4912,2,63.82
Pyuthan,Mallarani Gaunpalika,524 5 55 4 005,50307,6505,5413,143,949,0,83.21,9090,5914,249,2926,1,65.06
Pyuthan,Mandavi Gaunpalika,524 5 55 4 004,50306,5539,4399,193,947,0,79.42,7472,4340,245,2887,0,58.08
Pyuthan,Naubahini Gaunpalika,524 5 55 4 001,50302,11399,7565,363,3468,3,66.37,14478,6298,469,7710,1,43.5
Pyuthan,Pyuthan Municipality,524 5 55 3 002,50304,14543,11926,274,2342,1,82.01,19544,12345,322,6873,4,63.17
Pyuthan,Sarumarani Gaunpalika,524 5 55 4 006,50309,7028,5538,131,1358,1,78.8,9128,5555,175,3396,2,60.86
Pyuthan,Sworgadwari Municipality,524 5 55 3 001,50305,10654,8268,325,2054,7,77.6,16050,9413,389,6234,14,58.65
Ramechhap,Doramba Gaunpalika,524 3 21 4 002,31007,9400,6050,448,2899,3,64.36,11585,5287,440,5848,10,45.64
Ramechhap,Gokulganga Gaunpalika,524 3 21 4 003,31002,8402,6364,256,1774,8,75.74,9921,5544,356,4008,13,55.88
Ramechhap,Khandadevi Gaunpalika,524 3 21 4 005,31006,10825,7888,463,2470,4,72.87,13004,6798,545,5653,8,52.28
Ramechhap,Likhu Gaunpalika,524 3 21 4 006,10405,9654,7056,391,2192,15,73.09,11569,6505,435,4590,39,56.23
Ramechhap,Manthali  Municipality,524 3 21 3 001,31005,19036,14397,664,3967,8,75.63,22844,12611,746,9471,16,55.2
Ramechhap,Ramechhap Municipality,524 3 21 3 002,31004,11621,8428,367,2812,14,72.52,14519,7941,458,6085,35,54.69
Ramechhap,Sunapati Gaunpalika,524 3 21 4 001,31008,7750,5345,292,2109,4,68.97,9196,4606,283,4302,5,50.09
Ramechhap,Umakunda Gaunpalika,524 3 21 4 004,31001,7470,5317,398,1753,2,71.18,8604,4843,336,3421,4,56.29
Rasuwa,Gosaikunda Gaunpalika,524 3 29 4 002,30301,3382,2255,93,1033,1,66.68,3166,1498,75,1589,4,47.32
Rasuwa,Kalika Gaunpalika,524 3 29 4 004,30304,4139,2581,143,1410,5,62.36,4566,2311,182,2058,15,50.61
Rasuwa,Naukunda Gaunpalika,524 3 29 4 005,30305,5158,2548,127,2481,2,49.4,5480,2068,127,3277,8,37.74
Rasuwa,Parbatikunda Gaunpalika,524 3 29 4 001,30302,2411,1241,95,1075,0,51.47,2496,1053,80,1358,5,42.19
Rasuwa,Uttargaya Gaunpalika,524 3 29 4 003,30303,3506,2350,122,1034,0,67.03,4087,2184,106,1793,4,53.44
Rautahat,Boudhimai Municipality,524 2 32 3 010,20611,15008,7390,508,7106,4,49.24,13928,3969,475,9477,7,28.5
Rautahat,Brindaban Municipality,524 2 32 3 005,20605,19162,7772,844,10537,9,40.56,18419,4137,851,13410,21,22.46
Rautahat,Chandrapur Municipality,524 2 32 3 002,20601,32601,22155,993,9434,19,67.96,33094,16989,956,15110,39,51.34
Rautahat,Dewahi Gonahi Municipality,524 2 32 3 007,20609,14503,6152,766,7559,26,42.42,13658,3251,594,9777,36,23.8
Rautahat,Durga Bhagawati Gaunpalika,524 2 32 4 002,20615,10559,6195,232,4130,2,58.67,9480,3580,217,5682,1,37.76
Rautahat,Gadhimai Municipality,524 2 32 3 009,20606,18218,7812,769,9584,53,42.88,17180,4371,789,11933,87,25.44
Rautahat,Garuda Municipality,524 2 32 3 008,20608,23002,11398,908,10409,287,49.55,21541,6280,823,14118,320,29.15
Rautahat,Gaur Municipality,524 2 32 3 015,20617,16523,11188,618,4693,24,67.71,14903,7566,617,6675,45,50.77
Rautahat,Gujara Municipality,524 2 32 3 001,20602,20857,11445,974,8425,13,54.87,20656,7259,951,12415,31,35.14
Rautahat,Ishanath Municipality,524 2 32 3 013,20618,18286,8866,771,8606,43,48.49,17967,5259,893,11749,66,29.27
Rautahat,Katahariya Municipality,524 2 32 3 004,20604,17360,8933,623,7798,6,51.46,16279,4865,580,10824,10,29.89
Rautahat,Madhav Narayan Municipality,524 2 32 3 011,20607,16211,8060,738,7400,13,49.72,14903,4104,783,9993,23,27.54
Rautahat,Maulapur Municipality,524 2 32 3 006,20610,11940,5354,463,6121,2,44.84,10959,2542,462,7948,7,23.2
Rautahat,Paroha Municipality,524 2 32 3 012,20612,16650,7611,475,8552,12,45.71,15740,4245,485,10999,11,26.97
Rautahat,Phatuwa Bijayapur Municipality,524 2 32 3 003,20603,16513,8391,427,7592,103,50.81,15680,4675,435,10418,152,29.82
Rautahat,Rajdevi Municipality,524 2 32 3 016,20616,14120,8296,381,5438,5,58.75,12728,4941,347,7427,13,38.82
Rautahat,Rajpur Municipality,524 2 32 3 014,20613,17437,5858,517,11022,40,33.6,17739,3891,482,13330,36,21.93
Rautahat,Yamunamai Gaunpalika,524 2 32 4 001,20614,10658,4459,245,5947,7,41.84,10168,2549,263,7347,9,25.07
Rolpa,Duikholi Gaunpalika,524 5 54 4 002,50203,7942,5778,248,1909,7,72.75,10273,5650,314,4301,8,55
Rolpa,Lungri Gaunpalika,524 5 54 4 008,50210,8698,5381,258,3052,7,61.86,11408,3619,310,7462,17,31.72
Rolpa,Madi Gaunpalika,524 5 54 4 004,10209,7047,5013,251,1777,6,71.14,8708,4619,341,3745,3,53.04
Rolpa,Rolpa Municipality,524 5 54 3 001,50207,12667,9339,576,2748,4,73.73,16071,8720,698,6647,6,54.26
Rolpa,Runtigadhi Gaunpalika,524 5 54 4 009,50208,10515,7644,336,2530,5,72.7,13580,7260,440,5871,9,53.46
Rolpa,Subarnabati Gaunpalika,524 5 54 4 001,50204,10853,7613,359,2876,5,70.15,13756,6651,517,6576,12,48.35
Rolpa,Sukidaha Gaunpalika,524 5 54 4 005,50201,7935,5612,142,2181,0,70.72,9430,5130,158,4142,0,54.4
Rolpa,Sunchhahari Gaunpalika,524 5 54 4 007,50209,6450,3852,251,2343,4,59.72,7602,2659,282,4655,6,34.98
Rolpa,Thawang Gaunpalika,524 5 54 4 003,50202,4398,2850,127,1419,2,64.8,5168,2286,120,2756,6,44.23
Rolpa,Tribeni Gaunpalika,524 5 54 4 006,50206,9298,7540,156,1600,2,81.09,10871,7107,188,3573,3,65.38
Rukum,Aathabisakot Municipality,524 6 52 3 001,60605,14425,9727,238,4453,7,67.43,14735,7278,373,7077,7,49.39
Rukum,Banphikot Gaunpalika,524 6 52 4 002,60803,7533,5288,221,2023,1,70.2,8800,4680,289,3830,1,53.18
Rukum,Bhoome Gaunpalika,524 5 77 4 003,50103,7440,4893,228,2315,4,65.77,9094,4097,246,4738,13,45.05
Rukum,Chaurjahari Municipality,524 6 52 3 002,60806,11495,8546,275,2667,7,74.35,12918,7437,335,5132,14,57.57
Rukum,Musikot Municipality,524 6 52 3 003,50404,13674,11031,270,2368,5,80.67,15813,10156,333,5315,9,64.23
Rukum,Putha Uttanganga Gaunpalika,524 5 77 4 002,50101,7475,4033,251,3187,4,53.95,8443,3166,228,5047,2,37.5
Rukum,Sanibheri Gaunpalika,524 6 52 4 001,60802,9109,6502,310,2291,6,71.38,10197,5422,423,4343,9,53.17
Rukum,Sisne Gaunpalika,524 5 77 4 001,50102,6929,4955,209,1765,0,71.51,7737,4240,249,3242,6,54.8
Rukum,Tribeni Gaunpalika,524 6 52 4 003,50206,7686,5784,116,1783,3,75.25,9485,5912,160,3412,1,62.33
Rupandehi,Butwal Sub-Metropolitian City,524 5 48 2 001,50802,62835,58142,686,3981,26,92.53,65895,54345,936,10527,87,82.47
Rupandehi,Devdaha Municipality,524 5 48 3 002,50801,22510,18180,615,3712,3,80.76,26491,17383,774,8322,12,65.62
Rupandehi,Gaidahawa Gaunpalika,524 5 48 4 003,50805,21008,14766,473,5762,7,70.29,21231,9219,441,11553,18,43.42
Rupandehi,Kanchan Gaunpalika,524 5 48 4 001,50804,13408,10961,283,2149,15,81.75,16878,11352,283,5229,14,67.26
Rupandehi,Kotahimai Gaunpalika,524 5 48 4 008,50814,18818,12092,955,5735,36,64.26,17730,6469,796,10388,77,36.49
Rupandehi,Lumbini Sanskritik Municipality,524 5 48 3 004,50813,31602,20829,1384,9357,32,65.91,32052,13325,1450,17238,39,41.57
Rupandehi,Marchawari Gaunpalika,524 5 48 4 010,50816,17985,11527,414,6032,12,64.09,16712,6146,434,10120,12,36.78
Rupandehi,Mayadevi Gaunpalika,524 5 48 4 005,50812,21083,14840,421,5802,20,70.39,20925,8789,451,11666,19,42
Rupandehi,Om Satiya Gaunpalika,524 5 48 4 006,50809,15250,11589,282,3368,11,75.99,15803,8494,346,6938,25,53.75
Rupandehi,Rohini Gaunpalika,524 5 48 4 007,50810,16638,11738,632,4226,42,70.55,16684,7287,655,8674,68,43.68
Rupandehi,Sainamaina Municipality,524 5 48 3 001,50803,23158,19757,705,2688,8,85.31,28206,20178,859,7148,21,71.54
Rupandehi,Sammarimai Gaunpalika,524 5 48 4 009,50815,17270,11239,309,5696,26,65.08,16567,6382,319,9838,28,38.52
Rupandehi,Siddharthanagar Municipality,524 5 48 3 005,50811,29171,25651,376,3134,10,87.93,29430,21382,490,7520,38,72.65
Rupandehi,Siyari Gaunpalika,524 5 48 4 004,50807,16706,13417,247,3032,10,80.31,18199,10751,298,7132,18,59.07
Rupandehi,Suddhodhan Gaunpalika,524 5 48 4 002,50806,15093,11904,217,2948,24,78.87,16547,9921,257,6353,16,59.96
Rupandehi,Tilottama Municipality,524 5 48 3 003,50808,43296,38149,668,4446,33,88.11,49650,36906,820,11836,88,74.33
Salyan,Bagachour Municipality,524 6 53 3 002,60905,14601,11180,261,3160,0,76.57,15690,9091,384,6210,5,57.94
Salyan,Banagad Kupinde Municipality,524 6 53 3 001,60903,15121,10315,488,4304,14,68.22,16475,7910,559,7987,19,48.01
Salyan,Chhatreshwori Gaunpalika,524 6 53 4 005,60906,8576,6702,194,1675,5,78.15,10575,6291,225,4050,9,59.49
Salyan,Darma Gaunpalika,524 6 53 4 002,60901,8440,5977,196,2267,0,70.82,8978,4729,191,4055,3,52.67
Salyan,Dhorchaur Gaunpalika,524 6 53 4 003,60904,5706,3634,393,1673,6,63.69,6320,2874,405,3033,8,45.47
Salyan,Kalimati Gaunpalika,524 6 53 4 004,60908,9886,7244,446,2194,2,73.28,10390,5696,440,4239,15,54.82
Salyan,Kapurkot Gaunpalika,524 6 53 4 007,60910,7660,5722,171,1765,2,74.7,8399,4945,192,3261,1,58.88
Salyan,Kumakh Malika Gaunpalika,524 6 53 4 001,60902,10433,7477,394,2555,7,71.67,11527,6117,517,4888,5,53.07
Salyan,Sharada Municipality,524 6 53 3 003,60907,13938,11224,684,1994,36,80.53,16413,9997,824,5429,163,60.91
Salyan,Tribeni Gaunpalika,524 6 53 4 006,50206,6839,5117,200,1517,5,74.82,8120,4627,244,3243,6,56.98
Sankhuwasabha,Bhotkhola Gaunpalika,524 1 09 4 002,10201,2831,1644,87,1098,2,58.07,3039,1142,122,1773,2,37.58
Sankhuwasabha,Chainapur Municipality,524 1 09 3 003,10208,11324,9057,300,1962,5,79.98,13334,8588,326,4414,6,64.41
Sankhuwasabha,Chichila Gaunpalika,524 1 09 4 004,10204,3091,2393,104,593,1,77.42,3329,2149,113,1067,0,64.55
Sankhuwasabha,Dharmadevi Municipality,524 1 09 3 004,10210,7487,5998,188,1275,26,80.11,9024,5756,206,2986,76,63.79
Sankhuwasabha,Khandabari Municipality,524 1 09 3 001,10206,13290,10891,348,2044,7,81.95,15129,10071,379,4668,11,66.57
Sankhuwasabha,Madi Municipality,524 1 09 3 005,10209,5947,4726,146,1072,3,79.47,7162,4604,141,2412,5,64.28
Sankhuwasabha,Makalu Gaunpalika,524 1 09 4 001,10202,6049,4118,309,1622,0,68.08,6055,3035,284,2736,0,50.12
Sankhuwasabha,Panchakhapan Municipality,524 1 09 3 002,10207,7251,5664,220,1367,0,78.11,8452,5316,215,2919,2,62.9
Sankhuwasabha,Sabhapokhari Gaunpalika,524 1 09 4 005,10205,4531,3317,119,1093,2,73.21,4982,3096,132,1749,5,62.14
Sankhuwasabha,Silichong Gaunpalika,524 1 09 4 003,10203,5162,3953,145,1064,0,76.58,5492,3509,152,1828,3,63.89
Saptari,Agmisair Krishna Sabaran Gaunpalika,524 2 15 4 002,20103,11532,7538,323,3666,5,65.37,13063,5799,355,6901,8,44.39
Saptari,Balan-Bihul Gaunpalika,524 2 15 4 004,20108,9577,6129,234,3210,4,64,9882,3750,295,5834,3,37.95
Saptari,Belhi Chapena Gaunpalika,524 2 15 4 006,20111,12994,7482,671,4836,5,57.58,13464,4484,696,8274,10,33.3
Saptari,Bishnupur Gaunpalika,524 2 15 4 007,20112,10153,7127,202,2807,17,70.2,10385,4166,205,5984,30,40.12
Saptari,Bode Barsain Municipality,524 2 15 3 006,20109,18994,13065,470,5452,7,68.78,19731,8127,540,11052,12,41.19
Saptari,Chhinnamasta Gaunpalika,524 2 15 4 008,20118,12656,8214,287,4141,14,64.9,12733,4670,305,7725,33,36.68
Saptari,Dakneshwori Municipality,524 2 15 3 007,20110,18455,11920,939,5589,7,64.59,19881,7383,939,11539,20,37.14
Saptari,Hanumannagar Kankalini Municipality,524 2 15 3 009,20116,20107,12697,539,6849,22,63.15,20527,8115,559,11822,31,39.53
Saptari,Kanchanrup Municipality,524 2 15 3 005,20102,23332,15066,617,7586,63,64.57,24746,11002,698,12974,72,44.46
Saptari,Khadak Municipality,524 2 15 3 002,20106,19035,12785,660,5578,12,67.17,21876,8984,690,12188,14,41.07
Saptari,Mahadewa Gaunpalika,524 2 15 4 005,20114,12648,8242,339,4064,3,65.16,12782,4946,408,7423,5,38.7
Saptari,Rajbiraj Municipality,524 2 15 3 008,20113,32051,25532,524,5972,23,79.66,30565,17385,665,12476,39,56.88
Saptari,Rupani Gaunpalika,524 2 15 4 001,20104,11370,7185,519,3629,37,63.19,12265,4629,630,6918,88,37.74
Saptari,Saptakoshi Municipality,524 2 15 3 004,20101,8979,6466,244,2267,2,72.01,10191,5524,313,4351,3,54.2
Saptari,Shambhunath Municipality,524 2 15 3 003,20105,15090,9908,463,4699,20,65.66,16844,7313,582,8930,19,43.42
Saptari,Surunga Municipality,524 2 15 3 001,20107,18790,12604,571,5607,8,67.08,21452,9628,574,11229,21,44.88
Saptari,Tilathi Koiladi Gaunpalika,524 2 15 4 009,20117,14544,9361,195,4986,2,64.36,13978,5491,221,8253,13,39.28
Saptari,Tirahut Gaunpalika,524 2 15 4 003,20115,9880,5975,351,3551,3,60.48,10037,3832,388,5812,5,38.18
Sarlahi,Bagmati Municipality,524 2 19 3 001,20503,17779,12030,414,5320,15,67.66,19030,9597,424,8980,29,50.43
Sarlahi,Balara Municipality,524 2 19 3 011,20516,20990,10364,570,10042,14,49.38,19003,6183,518,12273,29,32.54
Sarlahi,Barahathawa Municipality,524 2 19 3 004,20504,31014,18219,724,12066,5,58.74,30600,11440,807,18340,13,37.39
Sarlahi,Basbariya Gaunpalika,524 2 19 4 001,20513,10636,4639,347,5646,4,43.62,9956,2287,301,7357,11,22.97
Sarlahi,Bishnu Gaunpalika,524 2 19 4 008,20518,11413,5770,465,5175,3,50.56,10524,3160,414,6946,4,30.03
Sarlahi,Brahmapuri Gaunpalika,524 2 19 4 007,20509,13409,6766,553,6083,7,50.46,12742,3978,543,8216,5,31.22
Sarlahi,Chakraghatta Gaunpalika,524 2 19 4 004,20512,12591,6003,339,6242,7,47.68,11949,3086,331,8530,2,25.83
Sarlahi,Chandranagar Gaunpalika,524 2 19 4 002,20510,14966,8052,301,6586,27,53.8,14263,4614,335,9288,26,32.35
Sarlahi,Dhanakaul Gaunpalika,524 2 19 4 003,20514,11037,4939,287,5801,10,44.75,10558,2723,282,7542,11,25.79
Sarlahi,Godaita Municipality,524 2 19 3 008,20517,21638,10511,645,10460,22,48.58,20249,5933,640,13648,28,29.3
Sarlahi,Haripur Municipality,524 2 19 3 005,20505,16367,9422,422,6515,8,57.57,16671,6400,409,9836,26,38.39
Sarlahi,Haripurwa Municipality,524 2 19 3 010,20507,16327,7685,349,8278,15,47.07,15317,3920,303,11073,21,25.59
Sarlahi,Hariwan Municipality,524 2 19 3 002,20502,19428,13167,829,5411,21,67.77,20686,10747,826,9076,37,51.95
Sarlahi,Ishworpur Municipality,524 2 19 3 006,20506,26394,15966,734,9680,14,60.49,27239,11153,855,15194,37,40.94
Sarlahi,Kabilashi Municipality,524 2 19 3 007,20511,19290,9418,408,9454,10,48.82,18030,5131,449,12432,18,28.46
Sarlahi,Kaudena Gaunpalika,524 2 19 4 006,20519,11812,5399,491,5918,4,45.71,11156,3089,416,7649,2,27.69
Sarlahi,Lalbandi Municipality,524 2 19 3 003,20501,26067,18883,600,6572,12,72.44,27952,15173,631,12129,19,54.28
Sarlahi,Malangawa Municipality,524 2 19 3 009,20520,21000,14257,462,6267,14,67.89,20189,9289,464,10413,23,46.01
Sarlahi,Parsa Gaunpalika,524 2 19 4 009,20508,9898,4768,308,4816,6,48.17,9121,2347,281,6481,12,25.73
Sarlahi,Ramnagar Gaunpalika,524 2 19 4 005,20515,13163,6111,372,6676,4,46.43,12036,3165,363,8493,15,26.3
Sindhuli,Dudhouli Municipality,524 3 20 3 002,31101,27448,18443,995,7972,38,67.19,30994,15622,954,14375,43,50.4
Sindhuli,Ghyanglekha Gaunpalika,524 3 20 4 003,31107,5633,3297,330,2005,1,58.53,6495,2656,335,3502,2,40.89
Sindhuli,Golanjor Gaunpalika,524 3 20 4 005,31104,8379,5831,355,2186,7,69.59,8864,4556,367,3934,7,51.4
Sindhuli,Hariharpurgaghi Gaunpalika,524 3 20 4 001,31109,11505,6951,446,4107,1,60.42,12654,5268,429,6957,0,41.63
Sindhuli,Kamalamai Municipality,524 3 20 3 001,31105,27442,21198,528,5708,8,77.25,31217,18975,632,11602,8,60.78
Sindhuli,Marin Gaunpalika,524 3 20 4 002,31108,11540,7403,336,3791,10,64.15,12846,5874,349,6602,21,45.73
Sindhuli,Phikkal Gaunpalika,524 3 20 4 007,31102,7147,4735,282,2127,3,66.25,7734,3986,272,3472,4,51.54
Sindhuli,Sunkoshi Gaunpalika,524 3 20 4 004,10407,9052,6302,393,2351,6,69.62,10619,5293,394,4918,14,49.84
Sindhuli,Tinpatan Gaunpalika,524 3 20 4 006,31103,15475,11379,468,3621,7,73.53,17249,9895,462,6885,7,57.37
Sindhupalchok,Bahrabise Municipality,524 3 23 3 003,30209,11805,8378,278,3141,8,70.97,12581,6926,347,5294,14,55.05
Sindhupalchok,Balephi Gaunpalika,524 3 23 4 006,30208,8268,6172,146,1946,4,74.65,9174,5346,178,3642,8,58.27
Sindhupalchok,Bhotekoshi Gaunpalika,524 3 23 4 004,30201,7740,5335,155,2248,2,68.93,7506,3729,136,3638,3,49.68
Sindhupalchok,Choutara Sangachowkgadhi Municipality,524 3 23 3 002,30207,19297,13903,577,4810,7,72.05,23259,13006,672,9557,24,55.92
Sindhupalchok,Helambu Gaunpalika,524 3 23 4 001,30204,7874,4654,426,2791,3,59.11,8403,3944,379,4072,8,46.94
Sindhupalchok,Indrawoti Gaunpalika,524 3 23 4 005,30206,12072,8188,351,3528,5,67.83,13881,6987,329,6561,4,50.33
Sindhupalchok,Jugal Gaunpalika,524 3 23 4 003,30202,8636,4926,250,3454,6,57.04,8788,3771,279,4731,7,42.91
Sindhupalchok,Lisankhu Pakhar Gaunpalika,524 3 23 4 009,30211,6616,5011,174,1429,2,75.74,7582,4401,227,2949,5,58.05
Sindhupalchok,Melanchi Municipality,524 3 23 3 001,30205,19854,13710,497,5635,12,69.05,21735,11100,546,10062,27,51.07
Sindhupalchok,Panchpokhari Thangpal Gaunpalika,524 3 23 4 002,30203,9772,5165,395,4192,20,52.86,9344,3634,331,5359,20,38.89
Sindhupalchok,Sunkoshi Gaunpalika,524 3 23 4 007,10407,7237,5163,272,1798,4,71.34,8726,4845,393,3480,8,55.52
Sindhupalchok,Tripurasundari Gaunpalika,524 3 23 4 008,30210,5685,3768,152,1761,4,66.28,6441,3471,144,2822,4,53.89
Siraha,Arnama Gaunpalika,524 2 16 4 003,20209,9482,5286,195,3989,12,55.75,10577,3527,197,6832,21,33.35
Siraha,Aurahi Gaunpalika,524 2 16 4 004,20216,9835,5862,440,3523,10,59.6,10705,3903,465,6322,15,36.46
Siraha,Bariyarpatti Gaunpalika,524 2 16 4 005,20215,11040,6584,378,4077,1,59.64,11345,3927,360,7049,9,34.61
Siraha,Bhagawanpur Gaunpalika,524 2 16 4 009,20213,9117,5849,147,3117,4,64.15,9583,3516,197,5854,16,36.69
Siraha,Bishnupur Gaunpalika,524 2 16 4 002,20112,7695,4797,212,2685,1,62.34,8530,3289,246,4991,4,38.56
Siraha,Dhangadhimai Municipality,524 2 16 3 004,20202,21049,13387,722,6791,149,63.6,21699,9344,701,11354,300,43.06
Siraha,Golbazar Municipality,524 2 16 3 003,20203,22688,14417,572,7610,89,63.54,24155,10763,635,12614,143,44.56
Siraha,Kalyanpur Municipality,524 2 16 3 006,20206,19987,11340,558,8076,13,56.74,23309,7553,673,15059,24,32.4
Siraha,Karjanha Municipality,524 2 16 3 001,20205,12987,7739,492,4744,12,59.59,14557,5804,460,8281,12,39.87
Siraha,Lahan Municipality,524 2 16 3 005,20201,40911,28154,830,11813,114,68.82,41927,19681,792,21322,132,46.94
Siraha,Laxmipur Patari Gaunpalika,524 2 16 4 006,20211,11884,7414,397,4069,4,62.39,12926,4750,406,7760,10,36.75
Siraha,Mirchaiya Municipality,524 2 16 3 002,20204,21471,13097,603,7750,21,61,22409,9193,706,12455,55,41.02
Siraha,Naraha Gaunpalika,524 2 16 4 001,20207,8192,4514,404,3257,17,55.1,8945,3024,455,5437,29,33.81
Siraha,Nawarajpur Gaunpalika,524 2 16 4 007,20214,8270,4678,144,3446,2,56.57,8703,2770,176,5754,3,31.83
Siraha,Sakhuwa Nankarkatti Gaunpalika,524 2 16 4 008,20212,7810,4865,157,2784,4,62.29,8729,3193,122,5409,5,36.58
Siraha,Siraha Municipality,524 2 16 3 008,20217,34837,21162,980,12640,55,60.75,38313,14478,1123,22603,109,37.79
Siraha,Sukhipur Municipality,524 2 16 3 007,20210,15927,9516,299,6109,3,59.75,17045,6269,302,10458,16,36.78
Solukhumbu,Dhudha Koushika Gaunpalika,524 1 11 4 006,10305,8453,6087,281,2083,2,72.01,9296,5128,284,3884,0,55.16
Solukhumbu,Dhudhakoshi Gaunpalika,524 1 11 4 004,10304,5863,4141,209,1508,5,70.63,6238,3517,179,2536,6,56.38
Solukhumbu,Khumbu Pasanglhamu Gaunpalika,524 1 11 4 001,10301,4135,3125,109,898,3,75.57,4146,2268,97,1781,0,54.7
Solukhumbu,Likhu Pike Gaunpalika,524 1 11 4 003,10308,2424,1678,78,668,0,69.22,2613,1334,85,1194,0,51.05
Solukhumbu,Mahakulung Gaunpalika,524 1 11 4 002,10302,4928,3360,219,1346,3,68.18,5062,2571,254,2232,5,50.79
Solukhumbu,Necha Salyan Gaunpalika,524 1 11 4 005,10306,6792,5338,176,1277,1,78.59,7891,4675,168,3042,6,59.24
Solukhumbu,Solu Dhudhakunda Municipality,524 1 11 3 001,10307,8806,6737,236,1830,3,76.5,9953,5727,253,3968,5,57.54
Solukhumbu,Sotang Gaunpalika,524 1 11 4 007,10303,4202,2869,211,1122,0,68.28,4335,2351,184,1799,1,54.23
Sunsari,Baraha Municipality,524 1 06 3 001,11302,32248,25250,696,6298,4,78.3,38548,23691,820,14021,16,61.46
Sunsari,Barju Gaunpalika,524 1 06 4 006,11312,14180,9499,336,4342,3,66.99,13982,6476,473,7026,7,46.32
Sunsari,Bhokraha Gaunpalika,524 1 06 4 002,11304,17252,9717,425,7099,11,56.32,18140,7078,425,10627,10,39.02
Sunsari,Dewangunj Gaunpalika,524 1 06 4 005,11311,15917,10184,253,5480,0,63.98,15281,6965,208,8106,2,45.58
Sunsari,Dharan Sub-Metropolitian City,524 1 06 2 001,11301,59886,53470,989,5410,17,89.29,68589,52954,1360,14240,35,77.2
Sunsari,Duhabi Municipality,524 1 06 3 004,11307,25552,18973,303,6253,23,74.25,25505,13937,334,11197,37,54.64
Sunsari,Gadhi Gaunpalika,524 1 06 4 003,11308,15322,10771,217,4326,8,70.3,16293,7969,229,8087,8,48.91
Sunsari,Harinagara Gaunpalika,524 1 06 4 004,11310,17430,10912,554,5962,2,62.6,18114,8197,573,9343,1,45.25
Sunsari,Inaruwa Municipality,524 1 06 3 003,11309,28204,21442,534,6217,11,76.02,29539,17063,609,11848,19,57.76
Sunsari,Itahari Sub-Metropolitian City,524 1 06 2 002,11306,60841,51664,1187,7972,18,84.92,68568,48181,1474,18883,30,70.27
Sunsari,Koshi Gaunpalika,524 1 06 4 001,11303,19109,11886,390,6826,7,62.2,18946,7743,401,10794,8,40.87
Sunsari,Ramdhuni Municipality,524 1 06 3 002,11305,21996,16902,453,4637,4,76.84,25788,15302,539,9940,7,59.34
Surkhet,Barahatal Gaunpalika,524 6 59 4 002,61007,11380,8538,467,2370,5,75.03,12254,7018,688,4539,9,57.27
Surkhet,Bheriganga Municipality,524 6 59 3 002,61005,16638,13135,443,3054,6,78.95,19917,12784,528,6600,5,64.19
Surkhet,Birendranagar Municipality,524 6 59 3 003,61006,43784,38345,826,4603,10,87.58,47307,34210,1136,11950,11,72.31
Surkhet,Chaukune Gaunpalika,524 6 59 4 001,61009,10455,8120,346,1981,8,77.67,11324,6355,408,4541,20,56.12
Surkhet,Chingad Gaunpalika,524 6 59 4 003,61002,7166,5172,158,1833,3,72.17,7820,4131,175,3509,5,52.83
Surkhet,Gurbhakot Municipality,524 6 59 3 005,61004,17306,13780,495,3025,6,79.63,21292,13866,673,6735,18,65.12
Surkhet,Lekabeshi Municipality,524 6 59 3 004,61003,12370,10404,291,1674,1,84.11,14495,10035,318,4141,1,69.23
Surkhet,Panchapuri Municipality,524 6 59 3 001,61008,13221,10518,254,2444,5,79.56,14784,9227,417,5124,16,62.41
Surkhet,Simta Gaunpalika,524 6 59 4 004,61001,10174,7782,360,2031,1,76.49,12457,7108,453,4894,2,57.06
Syangja,Aandhikhola Gaunpalika,524 4 41 4 001,40903,6381,5363,96,921,1,84.05,8836,5960,108,2764,4,67.45
Syangja,Arjun Choupari Gaunpalika,524 4 41 4 003,40904,6252,5143,78,1027,4,82.26,8504,5555,95,2843,11,65.32
Syangja,Bhirkot Municipaity,524 4 41 3 002,40905,9750,8456,138,1152,4,86.73,13553,9594,165,3781,13,70.79
Syangja,Biruwa Gaunpalika,524 4 41 4 004,40906,7327,6166,144,1016,1,84.15,9683,6358,210,3111,4,65.66
Syangja,Chapakot Municipality,524 4 41 3 005,40908,9772,8318,117,1337,0,85.12,13781,9218,192,4365,6,66.89
Syangja,Galyang Municipality,524 4 41 3 003,40910,14795,12735,241,1817,2,86.08,19812,14480,300,5022,10,73.09
Syangja,Harinas Gaunpalika,524 4 41 4 005,40907,6656,5581,154,908,13,83.85,9015,6033,192,2765,25,66.92
Syangja,Kaligandaki Gaunpalika,524 4 41 4 006,40911,8455,7332,141,981,1,86.72,11527,8303,172,3041,11,72.03
Syangja,Phedikhola Gaunpalika,524 4 41 4 002,40902,4755,4163,53,538,1,87.55,6631,4623,87,1917,4,69.72
Syangja,Putalibazar Municipality,524 4 41 3 001,40901,17814,15603,262,1942,7,87.59,23576,16416,418,6725,17,69.63
Syangja,Walling Municipality,524 4 41 3 004,40909,20422,17736,395,2280,11,86.85,26684,18895,557,7216,16,70.81
Tanahu,Aanbu Khaireni Gaunpalika,524 4 40 4 005,40710,8540,7048,129,1356,7,82.53,10358,7131,194,3013,20,68.85
Tanahu,Bandipur Gaunpalika,524 4 40 4 004,40709,8233,6633,208,1389,3,80.57,10176,6587,221,3361,7,64.73
Tanahu,Bhanu Municipality,524 4 40 3 003,40701,17811,14890,292,2616,13,83.6,24294,15751,413,8094,36,64.83
Tanahu,Bhimad Municipality,524 4 40 3 004,40705,11997,9938,299,1752,8,82.84,16585,11389,372,4812,12,68.67
Tanahu,Byas Municipality,524 4 40 3 002,40702,28335,24832,522,2970,11,87.64,36288,26813,758,8680,37,73.89
Tanahu,Devghat Gaunpalika,524 4 40 4 006,40708,6747,5116,145,1481,5,75.83,7899,4728,149,3020,2,59.86
Tanahu,Ghiring Gaunpalika,524 4 40 4 002,40706,7232,5545,126,1559,2,76.67,10116,6169,177,3757,13,60.98
Tanahu,Myagde Gaunpalika,524 4 40 4 001,40703,8943,7590,159,1180,14,84.87,11714,8024,231,3424,35,68.5
Tanahu,Rhishing Gaunpalika,524 4 40 4 003,40707,9873,7521,214,2136,2,76.18,13422,7949,361,5107,5,59.22
Tanahu,Shuklagandaki Municipality,524 4 40 3 001,40704,19192,16715,270,2202,5,87.09,25131,18191,384,6542,14,72.38
Taplejung,Aatharai Tribeni Gaunpalika,524 1 01 4 006,10105,5711,4571,190,948,2,80.04,6668,4231,207,2228,2,63.45
Taplejung,Maiwakhola Gaunpalika,524 1 01 4 005,10104,4583,3348,117,1118,0,73.05,5217,3038,109,2070,0,58.23
Taplejung,Meringden Gaunpalika,524 1 01 4 004,10103,5140,3463,212,1462,3,67.37,6029,3251,189,2585,4,53.92
Taplejung,Mikwakhola Gaunpalika,524 1 01 4 002,10102,3832,2800,148,879,5,73.07,4310,2538,150,1617,5,58.89
Taplejung,Phaktanlung Gaunpalika,524 1 01 4 001,10101,5261,3853,274,1131,3,73.24,5518,3275,253,1980,10,59.35
Taplejung,Phungling Municipality,524 1 01 3 001,10106,11204,9629,166,1408,1,85.94,12764,9119,192,3450,3,71.44
Taplejung,Sidingba Gaunpalika,524 1 01 4 008,10109,5158,4152,160,845,1,80.5,5692,3719,180,1793,0,65.34
Taplejung,Sirijanga Gaunpalika,524 1 01 4 003,10108,6629,5499,111,1018,1,82.95,7561,5160,139,2260,2,68.24
Taplejung,Yangwarak Gaunpalika,524 1 01 4 007,10107,5643,4653,156,831,3,82.46,6644,4386,201,2053,4,66.01
Terhathum,Aatharai Gaunpalika,524 1 08 4 003,10801,9126,7418,213,1491,4,81.28,10615,6934,206,3469,6,65.32
Terhathum,Chhathar Gaunpalika,524 1 08 4 004,10806,6936,5603,147,1183,3,80.78,8334,5400,168,2759,7,64.79
Terhathum,Laligurans Municipality,524 1 08 3 001,10805,6919,5866,134,916,3,84.78,8416,5735,166,2507,8,68.14
Terhathum,Menchhayayem Gaunpalika,524 1 08 4 001,10803,3278,2745,98,435,0,83.74,4033,2746,122,1164,1,68.09
Terhathum,Myanglung Municipality,524 1 08 3 002,10804,8197,7216,189,791,1,88.03,9723,6995,202,2524,2,71.94
Terhathum,Phedap Gaunpalika,524 1 08 4 002,10802,7356,5971,184,1200,1,81.17,8794,5641,176,2975,2,64.15
Udayapur,Belaka Municipality,524 1 14 3 004,11401,17575,13154,416,4003,2,74.84,20868,12579,414,7873,2,60.28
Udayapur,Chaudandigadhi Municipality,524 1 14 3 003,11402,19866,15635,559,3670,2,78.7,24206,15388,599,8215,4,63.57
Udayapur,Katari Municipality,524 1 14 3 001,11407,23532,17570,562,5396,4,74.66,26590,15488,669,10426,7,58.25
Udayapur,Rautamai Gaunpalika,524 1 14 4 004,11404,9852,7486,284,2082,0,75.98,11023,6641,392,3984,6,60.25
Udayapur,Sunkoshi Gaunpalika,524 1 14 4 002,10407,5001,3575,133,1293,0,71.49,5693,3218,153,2317,5,56.53
Udayapur,Tapli Gaunpalika,524 1 14 4 001,11406,6130,4336,324,1470,0,70.73,6817,3626,357,2832,2,53.19
Udayapur,Triyuga Municipality,524 1 14 3 002,11403,37089,30277,632,6167,13,81.63,42396,28180,818,13381,17,66.47
Udayapur,Udayapurgadhi Gaunpalika,524 1 14 4 003,11408,12757,9285,452,3019,1,72.78,14570,8380,510,5676,4,57.52
