Districts,Palika,HLCIT_CODE,cbs code,Total_NE,Total_PE,Agriculture_NE,Agriculture_PE,Manufacturing_NE,Manufacturing_PE,Construction_NE,Construction_PE,Wholesales_NE,Wholesales_PE,Transportations_NE,Transportations_PE,Accommodations_NE,Accommodations_PE,Financial_NE,Financial_PE,Education_NE,Education_PE,Social_Work_NE,Social_Work_PE,Real_Eastate_NE,Real_Eastate_PE
Achham,Bannigadhi Jayagadh Gaunpalika,524 7 69 4 003,70707,237,646,4,8,17,26,0,0,137,210,6,44,34,71,2,9,28,234,8,43,1,1
Achham,Chaurpati Gaunpalika,524 7 69 4 001,70705,358,791,15,21,33,46,2,2,206,283,2,7,30,44,4,8,41,300,22,75,3,5
Achham,Dhakari Gaunpalika,524 7 69 4 005,70709,371,785,34,45,13,25,0,0,222,296,2,9,37,57,1,1,49,301,7,42,6,9
Achham,Kamal bazar Municipality,524 7 69 3 003,70708,337,930,5,6,16,24,2,12,158,264,0,0,84,149,1,8,48,382,16,76,7,9
Achham,Mangalsen Municipality,524 7 69 3 002,70706,672,2350,20,34,54,155,3,13,299,624,13,122,118,287,19,187,50,439,41,272,55,217
Achham,Mellekh Gaunpalika,524 7 69 4 002,70703,270,647,8,8,23,26,3,8,151,175,1,2,34,42,3,3,38,325,7,56,2,2
Achham,Panchdebal Binayak Municipality,524 7 69 3 004,70701,396,1154,13,21,34,63,8,14,156,261,4,21,76,141,11,43,63,480,20,89,11,21
Achham,Ramaroshan Gaunpalika,524 7 69 4 004,70702,379,1002,11,21,31,53,6,17,226,398,3,14,27,48,2,5,57,378,8,55,8,13
Achham,Sanphebagar Municipality,524 7 69 3 001,70704,963,4540,6,16,103,173,6,31,569,835,8,27,117,248,16,2074,87,696,27,300,24,140
Achham,Turmakhand Gaunpalika,524 7 69 4 006,70710,301,835,19,37,9,20,0,0,159,253,2,8,32,65,8,16,56,383,11,48,5,5
Arghakhanchi,Bhumikasthan Municipality,524 5 50 3 001,50503,827,1681,46,78,122,189,1,3,397,567,8,24,86,128,20,26,69,513,35,87,43,66
Arghakhanchi,Chhatradev Gaunpalika,524 5 50 4 002,50501,758,1574,64,86,79,133,3,12,360,489,7,25,75,121,26,52,51,491,32,81,61,84
Arghakhanchi,Malarani Gaunpalika,524 5 50 4 001,50502,818,1666,57,80,102,153,1,1,380,508,5,18,70,98,34,73,70,563,32,75,67,97
Arghakhanchi,Panini Gaunpalika,524 5 50 4 003,50505,709,1525,49,100,95,128,1,1,320,421,4,16,96,147,22,35,61,510,20,67,41,100
Arghakhanchi,Sandhikharka Municipality,524 5 50 3 002,50504,2392,5583,96,185,273,650,4,62,1198,2036,20,106,331,683,54,192,109,922,53,240,254,507
Arghakhanchi,Shitaganga Municipality,524 5 50 3 003,50506,1115,2584,142,255,106,316,5,31,441,675,7,28,168,311,23,59,117,741,21,73,85,95
Baglung,Badigad Gaunpalika,524 4 43 4 003,41107,1041,2269,74,113,144,247,18,59,476,781,11,43,91,157,19,52,77,613,63,118,68,86
Baglung,Baglung Municipality,524 4 43 3 003,41101,2907,9320,112,536,350,1078,18,162,1540,3066,22,154,339,969,73,434,138,1780,67,375,248,766
Baglung,Bareng Gaunpalika,524 4 43 4 006,41109,240,662,2,6,25,35,3,23,137,242,2,4,26,49,4,37,28,217,10,34,3,15
Baglung,Dhorpatan Municipality,524 4 43 3 001,41105,836,2331,35,77,97,261,17,48,414,834,5,32,128,295,21,104,53,496,25,64,41,120
Baglung,Galkot Municipality,524 4 43 3 002,41108,1137,4159,117,552,150,439,17,102,518,1004,8,32,115,282,40,296,81,915,25,214,66,323
Baglung,Jaimuni Municipality,524 4 43 3 004,41110,1016,4796,128,797,166,320,11,55,410,771,10,39,72,126,15,639,99,730,35,584,70,735
Baglung,Kathekhola Gaunpalika,524 4 43 4 005,41102,666,3939,51,677,99,179,5,21,314,844,8,26,38,90,14,140,62,582,33,352,42,1028
Baglung,Nisikhola Gaunpalika,524 4 43 4 001,41106,468,1078,47,68,53,86,11,37,248,401,4,10,32,61,3,7,49,357,9,24,12,27
Baglung,Tamankhola Gaunpalika,524 4 43 4 002,41104,248,612,19,21,44,75,11,28,113,214,3,11,16,34,1,7,26,188,11,27,4,7
Baglung,Tarakhola Gaunpalika,524 4 43 4 004,41103,364,1206,27,39,45,122,28,249,146,356,3,9,26,65,11,17,44,265,13,38,21,46
Baitadi,Dasharathchand Municipality,524 7 74 3 001,70405,887,2521,27,65,100,216,6,78,449,820,9,60,86,170,28,160,68,643,29,119,85,190
Baitadi,Dilasaini Gaunpalika,524 7 74 4 001,70401,326,915,11,18,33,58,0,0,167,252,1,5,25,44,1,1,62,470,12,44,14,23
Baitadi,Dogada Kedar Gaunpalika,524 7 74 4 002,70402,391,1316,18,160,32,66,1,1,206,396,5,16,27,50,8,48,65,438,9,58,20,83
Baitadi,Melauli Municipality,524 7 74 3 003,70408,353,1039,25,43,24,54,1,1,152,263,0,0,23,47,11,29,51,411,25,83,41,108
Baitadi,Pancheshwor Gaunpalika,524 7 74 4 004,70406,225,650,14,33,29,40,0,0,92,111,0,0,7,10,2,3,36,323,6,56,39,74
Baitadi,Patam Municipality,524 7 74 3 004,70409,738,1843,78,133,80,152,1,3,322,481,7,32,58,132,18,67,67,614,16,101,91,128
Baitadi,Puchaundi Municipality,524 7 74 3 002,70403,675,1720,27,63,34,75,4,11,360,555,7,28,83,135,12,23,93,639,18,114,37,77
Baitadi,Shivanath Gaunpalika,524 7 74 4 005,70407,153,455,11,24,8,12,0,0,65,98,0,0,7,9,1,3,38,252,5,19,18,38
Baitadi,Sigas Gaunpalika,524 7 74 4 006,70410,227,706,27,51,12,16,0,0,66,80,2,5,17,21,5,12,55,422,5,35,38,64
Baitadi,Surnaya Gaunpalika,524 7 74 4 003,70404,420,1103,34,58,17,18,2,5,170,254,5,13,8,12,17,35,38,333,14,59,115,316
Bajhang,Bitthadchir Gaunpalika,524 7 67 4 004,70210,556,1439,21,82,100,199,2,11,216,362,1,5,52,72,20,44,39,324,61,209,44,131
Bajhang,Bungal Municipality,524 7 67 3 001,70202,741,1740,31,37,94,162,4,28,378,564,3,17,53,79,3,9,103,683,30,89,42,72
Bajhang,Chhabis Pathibhara Gaunpalika,524 7 67 4 007,70207,491,1114,14,29,104,144,13,31,228,346,2,7,29,57,4,7,46,393,32,79,19,21
Bajhang,Durgathali Gaunpalika,524 7 67 4 006,70208,419,917,9,9,111,180,11,37,178,284,1,2,33,55,2,3,36,264,26,63,12,20
Bajhang,Jayaprithbi Municipality,524 7 67 3 002,70206,1212,3583,44,142,168,397,10,50,572,1072,10,67,156,398,26,91,70,584,73,296,83,486
Bajhang,Kanda Gaunpalika,524 7 67 4 001,70201,47,170,1,12,1,2,0,0,30,68,1,3,6,15,0,0,5,47,3,23,0,0
Bajhang,Kedarsyun Gaunpalika,524 7 67 4 005,70209,643,1745,26,85,91,210,3,8,333,593,1,10,60,124,4,8,60,477,35,138,30,92
Bajhang,Khaptad Chhanna Gaunpalika,524 7 67 4 010,70212,474,951,9,13,107,131,10,27,209,263,4,15,37,47,4,5,47,351,38,80,9,19
Bajhang,Masta Gaunpalika,524 7 67 4 008,70205,487,1087,39,136,97,116,6,19,252,367,3,11,4,9,7,14,35,272,37,129,7,14
Bajhang,Surma Gaunpalika,524 7 67 4 002,70203,256,713,12,37,36,64,4,31,154,361,1,7,4,13,0,0,22,149,20,47,3,4
Bajhang,Talkot Gaunpalika,524 7 67 4 003,70204,442,1094,27,139,99,163,5,17,198,315,1,7,33,64,3,7,37,243,31,95,8,44
Bajhang,Thalara Gaunpalika,524 7 67 4 009,70211,451,893,33,46,105,115,5,12,151,162,4,15,13,20,8,12,48,371,53,105,31,35
Bajura,Badimalika Municipality,524 7 68 3 002,70106,836,2156,42,230,133,190,2,6,370,627,7,39,162,310,21,144,35,371,16,145,48,94
Bajura,Budhiganga Municipality,524 7 68 3 003,11213,530,1121,51,74,48,78,2,3,281,448,1,4,46,86,23,24,43,343,15,28,20,33
Bajura,Budhinanda Municipality,524 7 68 3 001,70103,595,1390,2,3,129,241,0,0,322,600,1,8,84,191,8,15,32,293,3,22,14,17
Bajura,Chhededaha Gaunpalika,524 7 68 4 003,70107,497,1095,33,40,105,209,6,33,247,388,4,12,30,49,10,14,39,285,9,43,14,22
Bajura,Gaumul Gaunpalika,524 7 68 4 002,70102,263,605,24,24,70,113,12,19,104,215,1,6,5,11,7,9,27,178,7,23,6,7
Bajura,Himali Gaunpalika,524 7 68 4 001,70101,338,622,18,19,43,46,1,1,110,151,1,7,89,147,4,4,28,187,18,34,26,26
Bajura,Pandab Gufa Gaunpalika,524 7 68 4 004,70105,277,546,3,13,94,99,1,3,145,265,1,5,9,16,3,18,14,103,6,22,1,2
Bajura,Swami Kartik Gaunpalika,524 7 68 4 005,70104,180,473,0,0,28,37,0,0,111,199,1,4,6,14,0,0,26,196,4,19,4,4
Bajura,Tribeni Municipality,524 7 68 3 004,50206,375,851,11,16,77,98,0,0,208,281,3,6,9,13,8,15,42,373,8,36,9,13
Banke,Baijanath Gaunpalika,524 5 57 4 002,51103,1481,4303,15,177,132,822,0,0,981,1695,3,13,156,302,14,48,57,1057,26,50,97,139
Banke,Duduwa Gaunpalika,524 5 57 4 004,51107,876,2070,20,74,78,327,0,0,557,986,3,7,34,76,3,10,80,380,25,84,76,126
Banke,Janaki Gaunpalika,524 5 57 4 003,70808,904,4372,7,20,142,2461,0,0,548,1176,5,55,81,205,2,5,37,270,17,53,65,127
Banke,Khajura Gaunpalika,524 5 57 4 001,51104,1651,4478,21,122,189,1103,2,8,1002,1575,7,29,176,347,21,99,69,876,33,125,131,194
Banke,Kohalpur Municipality,524 5 57 3 001,51102,4623,14508,63,248,421,2564,10,92,2796,5233,20,283,738,1760,57,395,134,2161,53,859,331,913
Banke,Narainapur Gaunpalika,524 5 57 4 006,51108,631,1444,14,53,63,238,0,0,426,741,6,18,23,52,2,6,46,206,13,66,38,64
Banke,Nepalganj Sub-Metropolitian City,524 5 57 2 001,51106,7176,30470,18,81,905,7552,17,195,4083,9429,69,843,1027,3334,106,1388,200,3813,111,1780,640,2055
Banke,Rapti Sonari Gaunpalika,524 5 57 4 005,51101,1324,3237,46,192,121,243,1,2,799,1320,3,11,145,374,16,71,69,791,34,89,90,144
Bara,Aadarsha Kotwal Gaunpalika,524 2 33 4 009,20711,331,719,0,0,22,50,0,0,215,337,1,3,28,51,4,15,26,187,7,37,28,39
Bara,Baragadhi Gaunpalika,524 2 33 4 006,20710,366,1421,5,10,47,681,0,0,235,430,0,0,25,53,0,0,23,171,5,29,26,47
Bara,Bishrampur Gaunpalika,524 2 33 4 004,20706,414,1313,9,20,47,446,0,0,236,491,4,13,67,136,3,10,17,143,5,22,26,32
Bara,Devtal Gaunpalika,524 2 33 4 007,20715,154,365,4,12,13,52,0,0,111,201,0,0,13,29,0,0,8,53,2,14,3,4
Bara,Jitpur Simara Sub-Metropolitian City,524 2 33 2 001,20703,3105,18549,23,142,278,8227,11,54,1908,4129,36,175,496,1402,63,1473,55,1134,19,113,216,1700
Bara,Kalaiya Sub-Metropolitian City,524 2 33 2 002,20708,2334,7726,6,26,228,1356,10,152,1457,2930,18,204,250,590,44,452,72,1248,20,181,229,587
Bara,Karaiyamai Gaunpalika,524 2 33 4 003,20709,227,628,3,9,2,4,0,0,179,370,1,2,7,20,0,0,20,175,5,27,10,21
Bara,Kolhabi Municipality,524 2 33 3 002,20702,703,2897,1,5,66,1116,1,2,472,957,2,13,44,107,17,86,36,451,11,66,53,94
Bara,Mahagadhimai Municipality,524 2 33 3 003,20714,1020,3087,2,3,114,675,0,0,622,1165,2,19,87,209,19,122,64,634,8,24,102,236
Bara,Nijagadh Municipality,524 2 33 3 001,20701,885,2061,11,77,75,155,0,0,592,1045,4,12,110,238,15,97,21,316,9,47,48,74
Bara,Pacharauta Municipality,524 2 33 3 004,20713,474,1062,13,42,30,106,0,0,322,534,0,0,39,78,2,4,26,189,7,47,35,62
Bara,Parawanipur Gaunpalika,524 2 33 4 001,20704,523,3257,5,48,89,1524,1,6,310,632,9,81,45,97,10,280,16,375,5,138,33,76
Bara,Pheta Gaunpalika,524 2 33 4 005,20707,424,1776,16,33,59,981,1,5,253,464,1,3,36,81,2,2,16,136,4,16,36,55
Bara,Prasauni Gaunpalika,524 2 33 4 002,20705,308,1304,7,15,32,636,0,0,186,318,2,8,24,58,6,26,14,165,4,22,33,56
Bara,Simroungadh Municipality,524 2 33 3 005,20712,875,1898,44,99,82,215,3,22,509,812,4,17,66,141,13,61,45,319,17,56,92,156
Bara,Subarna Gaunpalika,524 2 33 4 008,20716,306,661,3,9,41,106,0,0,192,279,0,0,24,35,1,2,24,195,1,7,20,28
Bardiya,Badhaiyatal Gaunpalika,524 5 58 4 002,51208,1670,5172,105,410,173,1013,1,6,963,1672,6,39,137,314,27,205,53,771,47,174,158,568
Bardiya,Bansgadhi Municipality,524 5 58 3 006,51201,1888,5105,104,331,181,814,5,34,1103,1965,6,28,190,484,30,132,71,848,47,153,151,316
Bardiya,Barbardiya Municipality,524 5 58 3 005,51202,2147,6060,136,750,231,772,10,48,1160,1843,6,18,164,335,40,134,71,860,60,291,269,1009
Bardiya,Geruwa Gaunpalika,524 5 58 4 001,51204,931,2084,36,87,98,218,1,2,521,861,4,8,81,159,10,35,41,453,38,94,101,167
Bardiya,Gulariya Municipality,524 5 58 3 004,51207,2671,8299,100,415,280,2184,12,151,1561,2787,9,61,228,545,33,199,67,876,41,216,340,865
Bardiya,Madhuwan Municipality,524 5 58 3 002,51206,2026,4700,106,396,206,578,15,71,1216,1956,9,27,171,350,33,148,48,627,47,170,175,377
Bardiya,Rajapur Municipality,524 5 58 3 001,51205,2097,5350,66,148,194,609,7,46,1027,2242,12,52,211,450,42,158,59,705,195,405,284,535
Bardiya,Thakurbaba Municipality,524 5 58 3 003,51203,1466,3944,55,173,150,477,16,149,829,1397,7,28,139,446,35,179,54,695,24,96,157,304
Bhaktapur,Bhaktapur Municipality,524 3 26 3 003,30702,6462,25159,13,56,1302,4581,20,216,3047,5980,27,508,980,2798,179,2011,175,5210,56,1560,663,2239
Bhaktapur,Changunarayan Municipality,524 3 26 3 002,30701,2922,19414,87,470,456,10026,68,612,1065,1877,6,19,601,1431,56,1331,77,1502,270,980,236,1166
Bhaktapur,Madhyapur Thimi Municipality,524 3 26 3 001,30703,5334,22549,15,69,829,4199,37,309,2773,5976,29,400,941,2227,135,2442,135,3507,44,1730,396,1690
Bhaktapur,Suryabinayak Municipality,524 3 26 3 004,30704,4913,19174,39,220,780,5558,26,193,2502,4599,14,164,881,1918,126,1710,125,2480,93,1455,327,877
Bhojpur,Aamchowk Gaunpalika,524 1 10 4 006,10609,365,727,16,17,44,63,1,6,147,183,6,21,21,33,11,18,45,275,65,102,9,9
Bhojpur,Arun Gaunpalika,524 1 10 4 003,10605,289,826,45,75,32,60,0,0,112,227,4,12,29,76,8,9,38,289,9,59,12,19
Bhojpur,Bhojpur Municipality,524 1 10 3 002,10604,1215,3638,78,141,143,311,5,229,510,1051,10,59,213,461,57,238,60,716,43,209,96,223
Bhojpur,Hatuwagadhi Gaunpalika,524 1 10 4 007,10608,281,777,25,28,23,40,2,5,130,284,2,4,21,43,11,16,39,283,8,42,20,32
Bhojpur,Pauwa Dunma Gaunpalika,524 1 10 4 005,10606,412,857,78,96,34,50,1,1,135,239,5,14,38,70,27,36,36,255,37,69,21,27
Bhojpur,Ramprasad Rai Gaunpalika,524 1 10 4 004,10607,299,732,32,59,27,41,0,0,124,233,7,20,25,44,10,10,36,252,14,48,24,25
Bhojpur,Salpa Silichho Gaunpalika,524 1 10 4 001,10602,195,530,0,0,10,16,0,0,130,220,0,0,10,25,2,3,35,231,6,32,2,3
Bhojpur,Shadananda Municipality,524 1 10 3 001,10601,579,1405,31,36,64,101,1,2,298,547,2,6,83,165,8,24,59,435,14,58,19,31
Bhojpur,Tyamke Maiyum Gaunpalika,524 1 10 4 002,10603,439,870,30,32,51,68,1,1,138,184,2,6,28,40,19,22,41,344,87,128,42,45
Chitawan,Bharatpur Metropolitian City,524 3 35 1 001,30702,17077,64812,208,1530,2007,10086,53,627,9491,22291,116,1172,2929,8586,246,2791,413,7912,211,6429,1403,3388
Chitawan,Ichchha Kamana Gaunpalika,524 3 35 4 001,31303,988,3649,51,536,43,97,3,20,456,994,2,8,308,885,8,73,49,432,26,348,42,256
Chitawan,Kalika Municipality,524 3 35 3 001,30304,1516,3571,28,134,184,493,7,38,840,1429,6,34,225,408,25,132,49,621,48,107,104,175
Chitawan,Khairahani Municipality,524 3 35 3 003,31306,2749,10770,118,574,398,3801,16,75,1517,3418,4,44,344,763,53,304,68,1234,37,178,194,379
Chitawan,Madi Municipality,524 3 35 3 005,10209,1007,2528,10,29,127,266,2,10,577,1045,2,5,138,314,14,53,53,603,12,91,72,112
Chitawan,Rapti Municipality,524 3 35 3 004,31301,1756,5222,73,311,189,911,13,74,1011,2058,4,20,204,471,39,162,74,892,17,70,132,253
Chitawan,Ratnanagar Municipality,524 3 35 3 002,31305,4144,14075,97,579,514,2716,13,183,2268,4779,12,104,691,2844,57,343,88,1510,54,261,350,756
Dadeldhura,Aalital Gaunpalika,524 7 73 4 004,70506,401,1079,60,195,89,170,2,14,126,158,2,12,30,66,8,25,43,298,23,71,18,70
Dadeldhura,Ajayameru Gaunpalika,524 7 73 4 002,70503,324,839,33,97,73,104,0,0,141,200,1,1,28,40,5,37,34,313,6,43,3,4
Dadeldhura,Amargadhi Municipality,524 7 73 3 002,70502,1250,4329,74,239,156,409,7,97,608,1296,19,118,157,500,46,224,60,687,33,382,90,377
Dadeldhura,Bhageshwor Gaunpalika,524 7 73 4 001,70504,357,719,7,11,136,207,2,5,146,159,3,7,19,28,0,0,36,271,4,25,4,6
Dadeldhura,Ganyapdhura Gaunpalika,524 7 73 4 005,70507,359,1016,56,147,39,59,1,3,155,299,1,6,57,169,3,7,32,288,6,25,9,13
Dadeldhura,Nawadurga Gaunpalika,524 7 73 4 003,70501,376,1012,54,220,42,67,1,5,192,299,4,11,24,35,3,15,43,307,9,49,4,4
Dadeldhura,Parashuram Municipality,524 7 73 3 001,70505,987,2475,79,221,175,323,30,94,436,781,5,24,67,139,10,39,94,615,25,115,66,124
Dailekh,Aathbis Municipality,524 6 61 3 001,60801,694,1752,27,81,45,76,3,17,342,633,3,12,169,365,5,21,68,460,15,62,17,25
Dailekh,Bhagawatimai Gaunpalika,524 6 61 4 007,60609,426,885,31,44,72,94,0,0,208,322,3,10,34,58,5,9,35,268,21,58,17,22
Dailekh,Bhairabi Gaunpalika,524 6 61 4 002,60603,483,987,28,57,18,27,1,7,283,396,0,0,80,125,6,7,48,318,10,35,9,15
Dailekh,Chamunda Bindrasaini Municipality,524 6 61 3 002,60606,477,1154,11,24,32,47,1,1,230,352,4,20,110,204,2,4,58,433,7,36,22,33
Dailekh,Dullu Municipality,524 6 61 3 003,60607,1013,2350,28,45,79,142,0,0,570,925,12,47,171,326,12,46,63,601,30,126,48,92
Dailekh,Dungeshwor Gaunpalika,524 6 61 4 006,60610,441,988,27,41,40,71,0,0,204,335,4,13,71,126,7,13,34,268,32,61,22,60
Dailekh,Gurans Gaunpalika,524 6 61 4 005,60611,614,1232,35,47,72,108,1,5,259,325,2,7,127,212,8,17,47,382,29,80,34,49
Dailekh,Mahabu Gaunpalika,524 6 61 4 003,60602,373,846,32,47,34,49,1,2,186,288,4,17,24,48,1,1,38,297,23,62,30,35
Dailekh,Narayan Municipality,524 6 61 3 004,60608,1138,3012,42,78,85,228,16,64,564,923,8,53,235,464,28,113,62,597,25,146,73,346
Dailekh,Naumule Gaunpalika,524 6 61 4 004,60601,398,1016,6,15,50,79,1,21,200,329,1,3,61,133,7,24,48,317,14,69,10,26
Dailekh,Thantikandh Gaunpalika,524 6 61 4 001,60604,251,652,6,12,12,22,0,0,130,205,3,8,42,77,3,4,42,259,10,61,3,4
Dang,Babai Gaunpalika,524 5 56 4 001,51005,504,1288,6,16,68,149,0,0,309,540,1,5,45,93,12,52,30,376,15,28,18,29
Dang,Bangalachuli Gaunpalika,524 5 56 4 005,51001,387,1013,20,35,32,64,1,1,212,426,1,2,48,101,5,20,36,286,13,49,19,29
Dang,Dangisharan Gaunpalika,524 5 56 4 002,51006,360,983,8,49,34,65,3,4,231,390,2,6,24,39,5,28,24,295,13,79,16,28
Dang,Gadhawa Gaunpalika,524 5 56 4 006,51009,905,2513,14,35,106,242,18,246,521,874,3,23,107,282,25,115,36,508,17,71,58,117
Dang,Ghorahi Sub-Metropolitian City,524 5 56 2 002,51002,5219,17846,62,240,614,2563,19,126,3116,6800,31,209,743,2036,59,1597,159,2925,69,589,347,761
Dang,Lamahi Municipality,524 5 56 3 001,51007,1343,5133,29,185,168,1183,6,87,704,1623,13,85,223,580,40,235,52,767,28,204,80,184
Dang,Rajpur Gaunpalika,524 5 56 4 004,20613,323,885,18,33,36,67,2,37,181,317,1,3,21,39,4,14,39,312,10,40,11,23
Dang,Rapti Gaunpalika,524 5 56 4 007,31301,1218,4564,36,101,136,321,8,1564,723,1283,3,11,146,320,26,141,36,641,20,59,84,123
Dang,Shantinagar Gaunpalika,524 5 56 4 003,51004,474,1216,12,31,50,115,3,14,306,500,1,4,42,75,8,23,27,399,13,37,12,18
Dang,Tulsipur Sub-Metropolitian City,524 5 56 2 001,51003,3688,12157,52,226,399,2501,5,74,2336,5076,9,74,453,1084,27,195,123,2128,68,383,216,416
Darchula,Apihimal Gaunpalika,524 7 75 4 003,70305,141,416,4,14,17,29,5,7,61,96,0,0,5,9,8,14,19,105,10,59,12,83
Darchula,Byas Gaunpalika,524 7 75 4 001,40702,215,551,1,1,46,86,5,8,99,158,4,21,19,31,1,1,25,140,11,95,4,10
Darchula,Duhun Gaunpalika,524 7 75 4 002,70302,194,490,3,4,15,21,3,6,102,154,2,5,6,9,4,7,17,102,29,161,13,21
Darchula,Lekam Gaunpalika,524 7 75 4 006,70309,283,1224,16,117,45,104,4,33,106,172,15,41,7,10,7,37,49,341,22,176,12,193
Darchula,Mahakali Municipality,524 7 75 3 001,70303,1169,3749,127,364,157,352,6,65,527,867,17,103,134,286,24,162,64,631,42,589,71,330
Darchula,Malikarjun Gaunpalika,524 7 75 4 004,70308,393,1192,26,178,97,223,5,15,157,208,6,21,33,37,7,49,40,241,16,184,6,36
Darchula,Marma Gaunpalika,524 7 75 4 007,70306,264,732,3,6,26,62,4,9,128,198,3,13,18,34,9,20,39,205,17,142,17,43
Darchula,Naugad  Gaunpalika,524 7 75 4 005,70304,230,973,1,3,20,71,1,3,146,517,1,8,13,43,0,0,32,180,10,125,6,23
Darchula,Shailyashikhar Municipality,524 7 75 3 002,70307,524,1510,1,2,96,187,6,117,263,414,7,21,55,92,7,120,49,338,20,191,20,28
Dhading,Benighat Rorang Gaunpalika,524 3 30 4 008,30409,1256,3688,59,195,78,249,15,62,670,1483,0,0,256,770,11,77,61,508,37,140,69,204
Dhading,Dhunibenshi Municipality,524 3 30 3 002,30413,1073,8057,43,173,144,5056,2,19,457,1023,0,0,289,744,24,197,46,544,10,72,58,229
Dhading,Gajuri Gaunpalika,524 3 30 4 009,30410,1093,6487,86,2538,91,227,8,75,458,851,5,17,244,520,29,170,44,440,58,705,70,944
Dhading,Galchhi Gaunpalika,524 3 30 4 010,30411,934,4941,66,1403,120,295,17,123,398,846,2,9,145,355,32,166,40,406,43,758,71,580
Dhading,Ganga Jamuna Gaunpalika,524 3 30 4 002,30403,756,2009,58,151,147,281,12,24,297,643,12,41,46,101,52,152,52,376,20,72,60,168
Dhading,Jwalamukhi Gaunpalika,524 3 30 4 006,30407,648,2203,74,519,123,216,2,7,267,512,2,7,71,144,19,111,47,507,24,130,19,50
Dhading,Khaniyabas Gaunpalika,524 3 30 4 003,30402,450,2078,28,70,60,114,12,77,151,331,2,3,40,79,10,235,28,197,39,472,80,500
Dhading,Netrawati Gaunpalika,524 3 30 4 005,30405,415,991,36,52,72,138,2,7,162,250,1,3,41,76,21,67,29,198,22,78,29,122
Dhading,Nilkhantha Municipality,524 3 30 3 001,30406,2382,8212,180,693,286,1202,11,197,1182,2131,12,133,301,701,61,257,116,1313,48,275,185,1310
Dhading,Rubi Valley Gaunpalika,524 3 30 4 001,30401,316,1109,7,25,32,102,5,15,107,284,35,69,23,60,2,5,23,175,26,104,56,270
Dhading,Siddhalek Gaunpalika,524 3 30 4 007,30408,682,7010,98,2911,101,223,9,77,272,635,1,4,57,135,13,256,50,489,37,474,44,1806
Dhading,Thakre Gaunpalika,524 3 30 4 011,30412,1018,5312,113,333,135,1095,22,236,405,885,1,3,208,445,8,32,38,402,35,663,53,1218
Dhading,Tripurasundari Gaunpalika,524 3 30 4 004,60105,1028,3424,68,457,191,430,9,129,420,798,1,2,113,241,98,489,43,480,23,102,62,296
Dhankuta,Chaubise Gaunpalika,524 1 07 4 004,10707,716,1575,58,77,77,140,1,1,267,428,6,22,72,128,43,84,56,438,58,131,78,126
Dhankuta,Chhathar Jorpati Gaunpalika,524 1 07 4 002,10703,552,1549,29,101,62,267,1,3,277,478,2,6,105,225,17,79,34,341,9,30,16,19
Dhankuta,Dhankuta Municipality,524 1 07 3 003,10704,2430,7103,106,485,300,1071,20,194,1006,1915,25,168,530,1117,74,335,92,1186,72,241,205,391
Dhankuta,Khalsa Chhintang Sahidbhumi Gaunpalika,524 1 07 4 001,10705,388,902,9,16,34,67,28,38,159,248,3,12,44,78,9,24,44,335,32,54,26,30
Dhankuta,Mahalaxmi Municipality,524 1 07 3 001,10701,748,1561,120,199,92,148,4,12,319,427,1,4,87,149,19,40,58,492,11,51,37,39
Dhankuta,Pakhribas Municipality,524 1 07 3 002,10702,576,1736,8,26,83,177,2,6,305,648,5,26,83,160,10,37,45,571,11,49,24,36
Dhankuta,Sangurigadhi Gaunpalika,524 1 07 4 003,10706,587,1394,58,80,35,49,5,12,212,325,12,38,149,349,14,48,53,374,22,78,27,41
Dhanusa,Aurahi Gaunpalika,524 2 17 4 003,20404,433,1053,0,0,58,146,3,21,260,468,3,9,45,79,1,3,20,215,9,38,34,74
Dhanusa,Bateshwor Gaunpalika,524 2 17 4 001,20304,257,833,0,0,35,159,0,0,154,374,0,0,19,55,1,6,15,145,7,16,26,78
Dhanusa,Bideha Municipality,524 2 17 3 010,20313,566,991,3,6,90,145,0,0,349,409,2,8,39,59,1,5,25,271,4,23,53,65
Dhanusa,Chhireshwornath Municipality,524 2 17 3 003,20305,1255,4524,5,44,152,1259,4,54,839,1635,4,19,94,238,18,87,25,420,16,595,98,173
Dhanusa,Dhanauji Gaunpalika,524 2 17 4 004,20316,623,1438,1,3,63,263,0,0,386,666,4,16,80,147,2,5,24,190,7,41,56,107
Dhanusa,Dhanushadham Municipality,524 2 17 3 004,20302,931,2349,5,17,105,345,10,66,607,1152,1,2,87,171,8,34,33,401,11,48,64,113
Dhanusa,Ganeshman Charnath Municipality,524 2 17 3 002,20301,572,1525,4,9,58,140,2,11,363,713,1,1,58,127,10,41,30,353,8,40,38,90
Dhanusa,Hansapur Municipality,524 2 17 3 007,20308,539,1125,1,2,63,154,1,1,348,541,0,0,41,78,6,15,27,211,8,43,44,80
Dhanusa,Janak Nandini Gaunpalika,524 2 17 4 006,20312,437,879,0,0,41,128,0,0,293,405,2,8,44,62,3,5,20,198,5,30,29,43
Dhanusa,Janakpur Sub-Metropolitian City,524 2 17 2 001,20315,7523,25345,12,45,860,4511,18,293,4359,9516,58,362,778,2173,91,661,226,4346,155,1376,966,2062
Dhanusa,Kamala Municipality,524 2 17 3 011,20311,508,1152,0,0,53,110,0,0,366,701,0,0,41,94,3,6,21,193,5,17,19,31
Dhanusa,Laxminiya Gaunpalika,524 2 17 4 002,20306,480,1834,5,40,47,711,0,0,331,566,0,0,27,63,1,2,24,331,8,50,37,71
Dhanusa,Mithila Bihari Municipality,524 2 17 3 005,20307,574,1560,2,8,80,343,0,0,339,627,2,6,51,110,7,23,33,288,11,41,49,114
Dhanusa,Mithila Municipality,524 2 17 3 001,20303,1079,7283,15,43,79,560,5,36,650,1372,2,13,178,615,22,3646,40,649,19,211,69,138
Dhanusa,Mukhiyapatti Musaharmiya Gaunpalika,524 2 17 4 005,20318,209,460,1,1,36,55,0,0,118,180,0,0,24,51,0,0,18,159,0,0,12,14
Dhanusa,Nagarain Municipality,524 2 17 3 009,20317,507,1288,2,4,57,251,0,0,311,518,3,10,47,91,6,21,26,286,6,40,49,67
Dhanusa,Sabaila Municipality,524 2 17 3 006,20309,630,1197,0,0,56,144,1,2,442,637,0,0,42,85,4,17,20,216,0,0,65,96
Dhanusa,Shahidnagar Municipality,524 2 17 3 008,20310,842,1639,2,10,124,323,1,4,555,825,2,7,54,101,6,12,28,254,11,32,59,71
Dolakha,Baitedhar Gaunpalika,524 3 22 4 004,20304,586,1657,45,142,82,256,5,11,245,447,1,3,92,142,27,132,35,380,18,71,36,73
Dolakha,Bhimeshwor Municipality,524 3 22 3 001,30109,1998,6786,97,514,229,805,26,245,852,1685,29,162,362,888,89,422,75,933,68,663,171,469
Dolakha,Bigu Gaunpalika,524 3 22 4 001,30102,540,3019,25,60,51,81,34,1736,230,435,3,8,71,139,34,44,41,289,21,67,30,160
Dolakha,Gaurishankar Gaunpalika,524 3 22 4 002,30101,504,2077,57,332,27,53,4,57,169,410,3,9,45,111,14,93,48,303,69,321,68,388
Dolakha,Jiri Municipality,524 3 22 3 002,30105,538,1659,45,178,42,95,9,42,230,453,4,12,101,210,24,94,37,350,7,68,39,157
Dolakha,Kalinchowk Gaunpalika,524 3 22 4 003,30103,979,2740,96,306,126,260,14,72,347,669,5,22,145,340,31,93,55,447,95,335,65,196
Dolakha,Melung Gaunpalika,524 3 22 4 006,30107,537,1588,46,229,109,178,0,0,184,328,3,12,29,65,28,93,38,313,66,249,34,121
Dolakha,Shailung Gaunpalika,524 3 22 4 005,30108,543,1590,82,355,43,72,1,2,208,397,1,3,49,91,26,54,33,278,43,165,57,173
Dolakha,Tamakoshi Gaunpalika,524 3 22 4 007,30106,533,1215,63,68,49,98,7,60,210,331,4,10,38,63,48,72,39,381,58,110,17,22
Dolpa,Chharka Tangsong Gaunpalika,524 6 62 4 006,60108,31,82,1,1,0,0,0,0,3,10,0,0,14,36,0,0,5,21,1,4,7,10
Dolpa,Dolpo Buddha Gaunpalika,524 6 62 4 003,60101,80,196,0,0,0,0,0,0,15,30,3,7,59,118,0,0,3,41,0,0,0,0
Dolpa,Jagadulla Gaunpalika,524 6 62 4 002,60103,48,147,2,4,0,0,0,0,36,74,0,0,1,2,0,0,5,48,2,12,2,7
Dolpa,Kaike Gaunpalika,524 6 62 4 005,60107,48,179,8,41,0,0,0,0,1,2,0,0,23,58,0,0,11,56,3,16,2,6
Dolpa,Mudkechula Gaunpalika,524 6 62 4 004,60104,62,158,1,2,1,2,0,0,53,102,0,0,0,0,0,0,3,24,3,23,1,5
Dolpa,Shey Phoksundo Gaunpalika,524 6 62 4 001,60102,78,595,0,0,1,3,0,0,12,38,0,0,25,75,0,0,10,62,3,14,27,403
Dolpa,Thulibheri Municipality,524 6 62 3 002,60106,283,1327,17,422,15,34,3,4,149,300,9,66,46,109,5,36,23,197,3,39,13,120
Dolpa,Tripurasundari Municipality,524 6 62 3 001,30210,230,541,2,12,7,12,0,0,107,140,2,9,69,107,0,0,33,218,5,36,5,7
Doti,Aadarsha Gaunpalika,524 7 70 4 001,70603,320,751,21,22,21,27,3,13,196,234,1,2,16,29,1,2,48,361,12,58,1,3
Doti,Badi Kedar Gaunpalika,524 7 70 4 006,70608,261,726,2,4,23,37,1,1,128,213,2,8,51,99,1,2,41,326,5,23,7,13
Doti,Bogatan Gaunpalika,524 7 70 4 007,70607,271,704,11,19,12,20,5,12,115,204,1,14,23,35,4,12,46,294,44,82,10,12
Doti,Dipayal Silgadhi Municipality,524 7 70 3 002,70605,1115,3479,13,66,116,241,54,321,540,999,18,134,193,448,17,94,58,653,27,269,79,254
Doti,Jorayal Gaunpalika,524 7 70 4 004,70609,425,959,32,48,37,62,7,20,204,274,1,2,78,168,4,17,26,257,16,55,20,56
Doti,K.I. Singh Gaunpalika,524 7 70 4 005,70606,287,818,24,27,29,49,2,4,138,252,0,0,43,78,2,10,40,356,7,39,2,3
Doti,Purbichouki Gaunpalika,524 7 70 4 003,70601,279,801,4,9,24,39,8,17,122,208,5,18,48,119,1,1,51,328,7,49,9,13
Doti,Sayal Gaunpalika,524 7 70 4 002,70602,203,509,9,20,10,17,2,5,119,161,1,1,9,14,2,5,37,250,8,29,6,7
Doti,Shikhar Municipality,524 7 70 3 001,70604,506,1079,27,38,52,80,2,6,294,420,0,0,43,61,4,6,68,395,11,68,5,5
Gorkha,Aarughat Gaunpalika,524 4 36 4 006,40105,882,2290,65,101,114,265,4,65,452,949,7,32,107,210,16,99,40,414,25,78,52,77
Gorkha,Ajirkot Gaunpalika,524 4 36 4 002,40102,713,1579,95,152,97,195,46,101,271,476,4,19,62,124,13,33,37,308,38,100,50,71
Gorkha,Bhimsen Gaunpalika,524 4 36 4 007,40106,710,1738,53,130,101,172,4,15,334,566,4,16,67,112,15,50,47,436,47,147,38,94
Gorkha,Chumanubri Gaunpalika,524 4 36 4 001,40101,217,965,0,0,2,4,2,7,47,159,1,4,109,485,1,2,19,96,11,80,25,128
Gorkha,Dharche Gaunpalika,524 4 36 4 004,40104,534,969,44,49,40,55,8,17,200,296,5,11,86,165,7,9,24,205,52,82,68,80
Gorkha,Gandaki Gaunpalika,524 4 36 4 009,40111,849,2596,197,557,63,144,8,38,295,731,4,14,55,163,44,100,47,406,67,218,69,225
Gorkha,Gorkha Municipality,524 4 36 3 002,40109,3059,10225,180,453,333,1842,22,163,1439,2850,14,120,450,1067,77,419,93,1451,219,658,232,1202
Gorkha,Palungtar Municipality,524 4 36 3 001,40108,1474,4029,128,481,198,496,12,73,652,1291,6,23,169,310,49,140,63,710,72,239,125,266
Gorkha,Shahid Lakhan Gaunpalika,524 4 36 4 008,40110,858,2560,51,145,56,104,2,9,419,870,4,26,136,544,37,129,45,390,50,117,58,226
Gorkha,Siranchowk Gaunpalika,524 4 36 4 005,40107,842,1832,69,110,122,216,16,27,330,549,5,18,126,196,19,52,50,476,54,109,51,79
Gorkha,Sulikot Gaunpalika,524 4 36 4 003,40103,834,1640,76,109,81,142,24,52,368,529,6,19,76,126,9,17,51,408,58,115,85,123
Gulmi,Chandrakot Gaunpalika,524 5 51 4 006,50403,756,1886,2,5,111,218,3,16,335,676,6,13,101,199,16,68,44,490,67,118,71,83
Gulmi,Chhatrakot Gaunpalika,524 5 51 4 007,50411,656,1544,41,80,96,197,1,2,273,448,7,41,88,150,11,34,47,436,31,73,61,83
Gulmi,Dhurkot Gaunpalika,524 5 51 4 003,50408,543,1254,43,76,66,88,6,15,241,369,3,16,43,85,15,25,53,427,22,73,51,80
Gulmi,Gulmi Durbar Gaunpaika,524 5 51 4 005,50410,640,1460,40,67,83,130,1,5,301,503,8,22,79,143,13,30,41,428,28,66,46,66
Gulmi,Isma Gaunpalika,524 5 51 4 004,50405,606,1307,50,58,65,99,4,17,272,431,5,15,54,113,5,8,47,395,29,63,75,108
Gulmi,Kali Gandaki Gaunpalika,524 5 51 4 010,40911,540,1138,55,70,52,85,5,6,197,316,6,20,40,103,6,22,42,332,45,84,92,100
Gulmi,Madane Gaunpalika,524 5 51 4 001,50407,672,1415,86,119,82,107,5,13,254,382,1,5,53,100,8,15,52,388,55,161,76,125
Gulmi,Malika Gaunpalika,524 5 51 4 002,40404,695,1489,52,61,89,128,24,31,298,522,6,23,53,100,12,21,59,450,20,60,82,93
Gulmi,Musikot Municipality,524 5 51 3 001,50404,956,2472,57,143,161,251,13,60,376,667,9,25,104,211,12,50,80,738,37,115,107,212
Gulmi,Resunga Municipality,524 5 51 3 002,50409,1864,5060,51,110,210,500,29,102,863,1561,15,102,268,635,56,302,60,832,51,207,261,709
Gulmi,Ruru Gaunpalika,524 5 51 4 008,50412,931,2299,70,124,98,285,6,29,316,627,10,29,129,300,51,96,55,497,56,96,140,216
Gulmi,Satyawoti Gaunpalika,524 5 51 4 009,50402,689,1552,10,33,92,180,0,0,305,468,4,5,103,195,7,17,47,476,37,81,84,97
Humla,Adanchuli Gaunpalika,524 6 66 4 007,60306,276,1311,16,70,66,148,2,8,97,244,2,18,29,66,10,183,24,164,23,335,7,75
Humla,Chankheli Gaunpalika,524 6 66 4 005,60301,311,586,10,16,129,142,0,0,104,176,0,0,28,57,1,2,22,145,9,39,8,9
Humla,Kharpunath Gaunpalika,524 6 66 4 003,60302,293,607,5,8,128,215,3,4,75,107,0,0,45,82,1,1,16,133,15,44,5,13
Humla,Namkha Gaunpalika,524 6 66 4 001,60304,182,426,0,0,24,33,5,6,21,40,3,3,94,214,1,1,16,73,5,23,13,33
Humla,Sarkegad Gaunpalika,524 6 66 4 004,60305,263,712,0,0,101,221,2,4,75,130,1,3,35,74,3,10,28,194,15,72,3,4
Humla,Simkot Gaunpalika,524 6 66 4 002,60303,540,1575,9,16,116,194,6,80,200,343,6,111,103,236,12,44,23,233,13,79,52,239
Humla,Tanjakot Gaunpalika,524 6 66 4 006,60307,151,522,10,60,33,66,1,1,65,178,0,0,15,44,1,1,17,142,4,19,5,11
Ilam,Chulachuli Gaunpalika,524 1 03 4 004,11007,447,1198,25,83,26,63,5,22,250,505,1,5,49,109,7,26,28,300,22,39,34,46
Ilam,Deumai Municipality,524 1 03 3 001,11004,988,2742,31,108,196,500,0,0,489,981,5,19,101,237,16,64,57,631,24,85,69,117
Ilam,Fakfokathum Gaunpalika,524 1 03 4 001,11005,608,1579,19,51,162,299,5,21,252,446,2,7,56,84,5,25,52,434,12,44,43,168
Ilam,Illam Municipality,524 1 03 3 002,11003,2757,7790,35,120,315,973,15,499,1378,2208,14,80,533,1113,73,337,103,1485,59,334,232,641
Ilam,Mai Jogmai Gaunpalika,524 1 03 4 003,11001,552,1417,17,285,137,222,2,41,233,303,3,7,48,87,19,38,46,332,10,39,37,63
Ilam,Mai Municipality,524 1 03 3 004,11008,798,2156,29,420,100,150,2,60,437,648,3,6,82,132,7,37,60,472,13,37,65,194
Ilam,Mangsebung Gaunpalika,524 1 03 4 005,11006,413,1314,9,146,57,96,2,4,221,431,3,23,51,112,1,5,36,295,9,26,24,176
Ilam,Rong Gaunpalika,524 1 03 4 006,11010,392,926,6,44,14,28,0,0,236,327,4,15,75,156,2,6,31,284,6,32,18,34
Ilam,Sandakpur Gaunpalika,524 1 03 4 002,11002,467,1122,13,48,104,195,1,56,213,340,2,10,58,147,4,7,31,234,14,36,27,49
Ilam,Suryodaya Municipality,524 1 03 3 003,11009,2239,6560,41,223,198,1450,6,36,1246,2116,14,87,411,835,37,180,95,1067,30,137,161,429
Jajarkot,Barekot Gaunpalika,524 6 60 4 003,60701,394,764,19,21,29,32,5,18,236,237,1,9,37,38,0,0,55,351,10,54,2,4
Jajarkot,Bheri Malika Municipality,524 6 60 3 002,60706,1036,2736,58,84,84,203,14,45,531,885,7,46,126,288,36,158,69,582,14,81,97,364
Jajarkot,Chhedagad Municipality,524 6 60 3 001,60704,623,1760,48,57,27,63,0,0,350,727,1,6,78,180,1,6,87,626,9,58,22,37
Jajarkot,Junichande Gaunpalika,524 6 60 4 001,60703,270,710,30,39,11,17,0,0,152,268,2,6,7,16,0,0,55,321,6,34,7,9
Jajarkot,Kuse Gaunpalika,524 6 60 4 002,60702,243,697,24,24,9,23,2,15,144,237,2,7,8,17,1,9,41,306,8,40,4,19
Jajarkot,Shivalaya Gaunpalika,524 6 60 4 004,60705,314,740,22,46,16,35,0,0,174,263,3,8,39,75,3,6,44,271,5,26,8,10
Jajarkot,Tribeni Nalagad Municipality,524 6 60 3 003,60707,436,1087,31,38,32,49,4,14,208,376,3,3,74,168,0,0,65,367,9,50,10,22
Jhapa,Arjundhara Municipality,524 1 04 3 004,11103,2589,6521,37,126,262,932,9,103,1552,2654,6,23,405,885,16,72,65,1074,36,172,201,480
Jhapa,Barhadashi Gaunpalika,524 1 04 4 005,11111,1038,3682,23,150,150,798,2,24,566,862,4,15,136,259,12,69,36,534,13,43,96,928
Jhapa,Bhadrapur Municipality,524 1 04 3 008,11114,3125,11538,10,150,327,1798,7,202,1668,3092,13,275,581,1356,65,1878,84,1715,45,409,325,663
Jhapa,Birtamod Municipality,524 1 04 3 007,11112,6514,22902,49,280,642,4119,15,311,3885,8554,59,299,1095,2714,90,811,113,2595,80,1966,486,1253
Jhapa,Buddhashanti Gaunpalika,524 1 04 4 002,11102,1961,4403,20,85,244,752,14,61,1154,1735,4,17,263,449,28,149,51,787,25,102,158,266
Jhapa,Damak Municipality,524 1 04 3 001,11107,5891,19402,42,295,658,2582,12,201,3287,7295,30,819,939,2430,147,963,139,2367,76,1084,561,1366
Jhapa,Gauradaha Municipality,524 1 04 3 006,11108,1842,4687,28,104,244,805,3,39,1103,1886,5,24,198,452,28,137,65,900,27,89,141,251
Jhapa,Gauriganj Gaunpalika,524 1 04 4 003,11109,1017,2461,7,29,109,299,1,4,587,1075,0,0,145,309,9,41,39,481,10,49,110,174
Jhapa,Haldibari Gaunpalika,524 1 04 4 006,11113,1064,3338,25,325,119,930,0,0,613,986,4,13,165,278,11,61,39,588,11,36,77,121
Jhapa,Jhapa Gaunpalika,524 1 04 4 004,11110,867,1963,19,62,110,314,0,0,460,740,3,9,122,214,10,47,44,400,23,54,76,123
Jhapa,Kachanakawal Gaunpalika,524 1 04 4 007,11115,1121,4164,13,996,155,999,1,9,659,962,5,18,115,218,14,68,56,655,14,64,89,175
Jhapa,Kamal Gaunpalika,524 1 04 4 001,11106,1359,3547,26,138,164,611,1,4,746,1255,5,19,222,403,17,103,46,748,21,49,111,217
Jhapa,Kankai Municipality,524 1 04 3 003,11104,2301,5645,22,130,238,796,5,42,1421,2247,8,34,304,683,35,194,48,935,23,123,197,461
Jhapa,Mechinagar Municipality,524 1 04 3 005,11101,5886,17023,90,1093,600,4028,21,118,3365,5716,22,230,1058,2085,87,380,119,2104,67,310,457,959
Jhapa,Shivasatakshi Municipality,524 1 04 3 002,11105,2214,5561,25,116,296,688,2,15,1264,2186,8,40,297,643,35,183,74,1271,30,104,183,315
Jumla,Chandannath Municipality,524 6 63 3 001,60404,1058,3147,18,75,67,156,8,41,625,1142,11,85,174,401,32,150,28,533,13,232,82,332
Jumla,Guthichaur Gaunpalika,524 6 63 4 007,60405,210,501,11,17,6,13,0,0,139,263,0,0,23,48,3,6,10,114,10,32,8,8
Jumla,Hima Gaunpalika,524 6 63 4 004,60408,211,571,7,7,4,7,1,3,123,240,1,1,43,90,2,2,22,185,5,33,3,3
Jumla,Kanaka Sundari Gaun Palika,524 6 63 4 001,60402,374,874,28,40,16,31,0,0,155,278,2,7,74,167,7,8,29,221,34,82,29,40
Jumla,Patarasi Gaunpalika,524 6 63 4 003,60401,308,821,18,48,4,14,8,24,193,371,1,4,31,48,4,4,23,243,9,42,17,23
Jumla,Sinja Gaunpalika,524 6 63 4 002,60403,292,810,16,30,15,32,2,4,133,300,2,7,30,88,18,31,26,236,6,26,44,56
Jumla,Tatopani Gaunpalika,524 6 63 4 006,60406,267,813,6,6,5,16,1,3,194,411,0,0,18,40,2,2,28,273,7,40,6,22
Jumla,Tila Gaunpalika,524 6 63 4 005,60407,358,926,2,3,24,37,0,0,213,427,0,0,39,94,8,17,33,254,19,50,20,44
Kailali,Bardagoriya Gaunpalika,524 7 71 4 005,70806,602,1509,1,7,55,146,2,2,370,729,1,4,72,180,7,51,27,270,9,33,58,87
Kailali,Bhajani Municipality,524 7 71 3 004,70811,767,1863,5,14,73,191,1,5,453,813,4,17,110,212,9,52,30,416,11,37,71,106
Kailali,Chure Gaunpalika,524 7 71 4 001,70802,396,1204,17,43,31,76,1,1,176,393,3,9,113,340,1,2,33,266,7,42,14,32
Kailali,Dhangadhi Sub-Metropolitian City,524 7 71 2 001,70813,6089,22909,27,159,650,3585,25,389,3579,8507,34,311,895,2640,93,1316,191,3493,87,842,508,1667
Kailali,Gauriganga Municipality,524 7 71 3 002,70804,1296,2578,6,14,168,330,3,15,762,1116,2,4,156,245,13,43,44,567,25,69,117,175
Kailali,Ghodaghodi Municipality,524 7 71 3 003,70805,1576,4081,25,55,144,331,7,51,906,1612,6,37,204,395,17,119,91,1146,37,123,139,212
Kailali,Godawari Municipality,524 7 71 3 001,30803,2681,8531,46,319,305,1729,9,71,1539,2997,15,130,428,1045,34,214,77,1188,32,335,196,503
Kailali,Janaki Gaunpalika,524 7 71 4 006,51105,878,2516,17,36,96,622,13,43,495,846,1,3,102,205,7,25,50,560,17,61,80,115
Kailali,Joshipur Gaunpalika,524 7 71 4 004,70809,817,2535,9,28,75,616,2,14,510,982,1,3,75,164,11,50,47,526,22,63,65,89
Kailali,Kailari Gaunpalika,524 7 71 4 002,70812,983,2542,34,63,87,623,0,0,530,816,3,5,124,204,11,50,51,486,27,102,116,193
Kailali,Lamki Chuha Municipality,524 7 71 3 006,70807,2062,6476,12,57,213,1458,15,135,1217,2387,5,38,319,784,15,301,63,886,36,137,167,293
Kailali,Mohanyal Gaunpalika,524 7 71 4 003,70801,295,802,15,19,20,41,0,0,169,322,0,0,40,82,1,4,39,297,5,29,6,8
Kailali,Tikapur Municipality,524 7 71 3 005,70810,3102,9207,35,194,391,1418,6,112,1734,3468,9,73,336,823,66,424,103,1594,132,497,290,604
Kalikot,Kalika Gaunpalika,524 6 64 4 005,30304,352,817,29,54,91,179,9,10,146,262,0,0,26,51,2,4,34,209,12,41,3,7
Kalikot,Khandachakra Municipality,524 6 64 3 002,60506,853,2347,37,51,71,165,36,83,394,735,6,45,193,433,13,63,45,391,10,51,48,330
Kalikot,Mahawai Gaunpalika,524 6 64 4 006,60508,189,454,16,19,36,63,3,5,81,134,0,0,22,49,0,0,25,144,5,36,1,4
Kalikot,Naraharinath Gaunpalika,524 6 64 4 001,60505,410,1028,20,38,46,75,3,43,247,384,2,4,30,55,0,0,44,367,12,50,6,12
Kalikot,Pachal Jharana Gaunpalika,524 6 64 4 003,60502,289,788,22,43,62,128,1,16,141,258,0,0,25,60,0,0,26,216,11,48,1,19
Kalikot,Palata Gaunpalika,524 6 64 4 004,60501,310,905,34,104,75,156,6,20,140,330,2,5,4,9,1,5,33,208,9,40,6,28
Kalikot,Raskot Municipality,524 6 64 3 001,60503,413,968,30,63,73,132,10,11,228,410,1,3,20,43,2,9,31,230,8,38,10,29
Kalikot,Sanni Tribeni Gaunpalika,524 6 64 4 002,60504,279,846,20,68,56,137,3,37,149,305,0,0,14,26,0,0,28,238,4,26,5,9
Kalikot,Tilagupha Municipality,524 6 64 3 003,60507,440,1047,36,48,40,82,28,41,169,312,2,3,80,174,7,16,44,296,11,45,23,30
Kanchanpur,Bedkot Municipality,524 7 72 3 003,70903,1033,3211,23,82,131,875,16,56,608,1132,1,8,110,200,4,18,45,679,7,24,88,137
Kanchanpur,Beldandi Gaunpalika,524 7 72 3 006,70908,422,933,0,0,52,107,0,0,257,353,0,0,32,52,7,31,25,325,8,16,41,49
Kanchanpur,Belouri Municipality,524 7 72 4 001,70909,1070,3964,5,13,139,1659,4,15,598,905,6,19,114,217,15,98,56,832,11,44,122,162
Kanchanpur,Bhimdatta Municipality,524 7 72 3 002,70904,4610,14114,50,140,481,1959,122,491,2534,4542,36,290,663,1625,79,692,170,2939,53,361,422,1075
Kanchanpur,Krishnapur Municipality,524 7 72 3 005,70901,715,2253,4,27,98,417,0,0,426,816,1,4,85,181,10,89,24,581,9,31,58,107
Kanchanpur,Laljhadi Gaunpalika,524 7 72 4 002,70906,476,1135,6,10,70,233,3,6,284,450,0,0,52,89,1,5,27,267,4,35,29,40
Kanchanpur,Mahakali Municipality,524 7 72 3 001,70303,816,2468,12,95,103,303,3,25,474,1021,0,0,101,237,8,45,45,571,16,40,54,131
Kanchanpur,Punarbas Municipality,524 7 72 3 007,70907,1326,5071,2,5,126,1979,0,0,800,1395,6,32,201,426,14,69,56,811,7,55,114,299
Kanchanpur,Shuklaphanta Municipality,524 7 72 3 004,70902,1033,2913,25,73,140,628,4,9,599,879,1,3,110,210,15,84,59,839,20,84,60,104
Kapilbastu,Banganga Municipality,524 5 49 3 003,50901,2250,5954,28,122,221,733,5,44,1374,2725,8,39,320,742,31,191,55,855,19,143,189,360
Kapilbastu,Bijayanagar Gaunpalika,524 5 49 4 001,50904,536,1046,22,54,61,247,0,0,325,359,0,0,68,95,1,8,23,204,8,42,28,37
Kapilbastu,Buddhabhumi Municipality,524 5 49 3 002,50902,1773,5992,39,74,178,2554,10,35,969,1442,16,104,258,519,30,140,71,809,29,85,173,230
Kapilbastu,Kapilbastu Municipality,524 5 49 3 006,50907,1986,5144,5,9,180,810,4,75,1188,1922,7,73,254,514,23,116,76,922,33,178,216,525
Kapilbastu,Krishnanagar Municipality,524 5 49 3 004,50905,1563,4481,10,42,177,1313,8,116,889,1462,8,32,219,454,13,76,57,572,31,177,151,237
Kapilbastu,Maharajganj Municipality,524 5 49 3 005,50906,874,3957,6,15,84,2236,0,0,564,866,1,4,77,145,5,15,61,487,10,61,66,128
Kapilbastu,Mayadevi Gaunpalika,524 5 49 4 003,50812,1155,3034,27,71,108,902,7,8,705,1107,1,4,119,226,6,32,57,445,22,84,103,155
Kapilbastu,Shivaraj Municipality,524 5 49 3 001,50903,2316,8612,28,76,286,3236,34,538,1286,2471,25,81,300,666,35,151,108,1026,35,97,179,270
Kapilbastu,Shuddhodhan Gaunpalika,524 5 49 4 004,50806,662,1350,11,19,58,349,2,2,414,477,1,2,75,130,2,7,29,258,9,37,61,69
Kapilbastu,Yasodhara Gaunpalika,524 5 49 4 002,50908,492,1040,6,12,28,75,0,0,300,482,0,0,53,107,6,16,34,230,8,27,57,91
Kaski,Annapurna Gaunpalika,524 4 39 4 001,40401,1251,3610,73,134,103,234,15,44,362,633,4,15,507,1682,25,104,51,531,30,70,81,163
Kaski,Machhapuchchhre Gaunpalika,524 4 39 4 002,40502,625,1816,14,167,54,134,2,2,296,437,2,7,158,383,11,48,49,520,17,58,22,60
Kaski,Madi Gaunpalika,524 4 39 4 003,10209,362,1053,15,25,31,54,1,4,152,306,1,6,67,150,3,25,48,375,26,72,18,36
Kaski,Pokhara Lekhnath Metropolitian City,524 4 39 1 001,40504,28215,104469,315,1515,2679,11143,142,1130,15279,33146,148,1620,5304,19489,543,5898,800,16958,513,6031,2492,7539
Kaski,Rupa Gaunpalika,524 4 39 4 004,40505,292,870,40,60,29,53,3,3,108,179,3,14,37,133,4,15,34,346,18,47,16,20
Kathmandu,Budhanilkhantha Municipality,524 3 27 3 003,30604,6397,21152,78,435,751,2969,30,229,3440,6947,35,268,1252,2751,90,753,172,4728,41,665,508,1407
Kathmandu,Chandragiri Municipality,524 3 27 3 008,30610,7092,26043,79,429,1070,7762,59,408,3634,8338,55,385,1359,2988,137,1024,108,2537,58,685,533,1487
Kathmandu,Dakshinkali Municipality,524 3 27 3 010,30611,1445,5618,46,172,165,1132,16,323,670,1309,7,36,336,902,23,240,37,780,25,174,120,550
Kathmandu,Gokarneshwor Municipality,524 3 27 3 004,30603,6542,19968,10,64,727,3025,23,120,3548,6787,30,106,1474,3036,89,826,116,2989,32,1869,493,1146
Kathmandu,Kageshwori Manahara Municipality,524 3 27 3 006,30602,3651,10274,14,107,487,2129,16,117,2086,3876,7,37,689,1304,39,306,51,1678,16,103,246,617
Kathmandu,Kathmandu Metropolitian City,524 3 27 1 001,30601,80434,440604,71,916,6043,29658,431,9248,45768,119917,1025,20800,13015,57544,2286,56810,2220,48446,644,23280,8931,73985
Kathmandu,Kirtipur Municipality,524 3 27 3 009,30609,4510,15013,30,179,670,2076,49,334,2033,4066,37,351,783,2040,119,593,144,3232,112,628,533,1514
Kathmandu,Nagarjun Municipality,524 3 27 3 005,30607,3511,11164,29,134,478,1801,12,211,1907,4076,21,111,640,1414,32,296,113,2347,16,129,263,645
Kathmandu,Shankharapur Municipality,524 3 27 3 007,30601,855,3459,0,0,97,280,6,102,384,935,3,12,253,757,26,650,23,428,5,94,58,201
Kathmandu,Tarakeshwor Municipality,524 3 27 3 001,30507,3864,12429,19,89,561,2317,22,173,2056,4297,7,13,713,1620,44,1028,79,1950,24,121,339,821
Kathmandu,Tokha Municipality,524 3 27 3 002,30605,6746,24278,45,245,642,2319,31,309,3574,7317,37,78,1380,3897,113,1553,135,3248,75,2297,714,3015
Kavrepalanchok,Banepa Municipality,524 3 24 3 002,30904,4329,21356,63,411,626,2661,31,347,2168,5035,37,393,706,1754,228,6082,111,2523,50,1074,309,1076
Kavrepalanchok,Bethanchowk Gaunpalika,524 3 24 4 003,30910,502,1285,71,168,80,164,14,98,174,233,2,8,73,135,13,56,34,325,12,50,29,48
Kavrepalanchok,Bhumlu Gaunpalika,524 3 24 4 001,30902,447,983,36,40,40,51,1,7,167,244,2,3,84,188,19,50,43,302,29,66,26,32
Kavrepalanchok,Chauri Deurali Gaunpalika,524 3 24 4 002,30901,460,1204,25,65,61,88,9,26,154,236,1,1,56,107,7,12,57,450,47,116,43,103
Kavrepalanchok,Dhulikhel Municipality,524 3 24 3 003,30905,1422,6393,31,196,144,392,3,18,592,1176,3,61,441,1529,31,166,49,1167,14,1246,114,442
Kavrepalanchok,Khanikhola Gaunpalika,524 3 24 4 006,30913,249,572,19,21,25,33,6,8,73,132,5,19,11,26,16,18,38,240,20,35,36,40
Kavrepalanchok,Mahabharat Gaunpalika,524 3 24 4 007,30912,268,709,39,61,22,43,8,14,95,182,6,16,18,33,2,2,53,299,8,33,17,26
Kavrepalanchok,Mandan Deupur Municipality,524 3 24 3 001,30903,1014,3505,70,180,141,737,10,98,413,714,2,6,192,760,27,109,50,576,33,114,76,211
Kavrepalanchok,Namobuddha Municipality,524 3 24 3 006,30908,1021,3134,70,173,119,872,11,85,417,681,4,12,233,492,31,106,55,503,21,98,60,112
Kavrepalanchok,Panauti Municipality,524 3 24 3 005,30909,1901,6495,94,244,276,1246,21,254,847,1560,9,38,375,830,54,418,63,1283,40,204,122,418
Kavrepalanchok,Panchkhal Municipality,524 3 24 3 004,30906,1462,5396,140,416,228,1725,27,75,567,1155,7,48,282,753,41,175,53,754,29,127,88,168
Kavrepalanchok,Roshi Gaunpalika,524 3 24 4 004,30911,744,2265,44,160,83,154,24,237,269,435,6,15,121,218,17,75,70,569,64,190,46,212
Kavrepalanchok,Temal Gaunpalika,524 3 24 4 005,30907,463,1278,34,113,69,110,4,4,199,395,0,0,51,110,11,17,44,364,31,124,20,41
Khotang,Aiselukharka Gaunpalika,524 1 12 4 001,10502,304,990,25,115,29,40,2,20,152,274,6,27,22,45,6,42,45,330,9,56,8,41
Khotang,Baraha Pokhari Gaunpalika,524 1 12 4 007,10510,215,531,35,71,28,34,1,2,89,140,6,21,3,6,0,0,35,195,8,43,10,19
Khotang,Diprung Gaunpalika,524 1 12 4 004,10507,459,1074,94,116,39,63,2,8,188,337,7,21,25,44,6,8,52,378,25,64,21,35
Khotang,Halesi Tuwachung Municipality,524 1 12 3 001,10504,612,1514,55,72,42,72,0,0,251,403,11,43,114,231,9,35,88,525,17,87,25,46
Khotang,Jante Dhunga Gaunpalika,524 1 12 4 008,10509,249,613,33,65,24,29,0,0,90,129,6,29,29,43,4,8,37,241,11,46,15,23
Khotang,Kepilasgadhi Gaunpalika,524 1 12 4 002,10501,214,669,31,65,25,37,8,30,62,113,7,28,16,35,6,18,40,274,11,55,8,14
Khotang,Khotehang Gaunpalika,524 1 12 4 006,10508,449,1056,66,117,72,87,10,20,137,195,9,34,48,72,9,22,53,401,18,68,27,40
Khotang,Lamidanda Gaunpalika,524 1 12 4 003,10503,237,588,35,61,24,30,2,4,94,126,5,19,20,34,2,4,28,226,8,48,19,36
Khotang,Rupakot Majhuwagadhi Municipality,524 1 12 3 002,10505,1355,3714,98,149,166,283,12,224,604,994,18,122,204,361,29,181,102,967,33,187,89,246
Khotang,Sakela Gaunpalika,524 1 12 4 005,10506,214,565,37,121,40,54,6,22,76,101,2,10,6,7,1,5,29,201,4,24,13,20
Lalitpur,Bagmati Gaunpalika,524 3 25 4 001,20503,604,1684,24,97,282,556,4,21,154,295,1,3,46,91,9,65,53,378,4,29,27,149
Lalitpur,Godawari Municipality,524 3 25 3 001,30803,3279,15555,80,704,526,5385,26,266,1534,3476,12,65,673,1609,67,637,109,2270,40,386,212,757
Lalitpur,Konjyosom Gaunpalika,524 3 25 4 002,30804,326,1604,25,171,37,57,11,78,102,209,2,6,58,141,6,45,18,184,46,203,21,510
Lalitpur,Lalitpur Metropolitian City,524 3 25 1 001,30801,18357,97588,104,374,2125,13314,125,3245,9772,24226,185,6789,2856,11052,353,4934,525,14671,205,7190,2107,11793
Lalitpur,Mahalaxmi Municipality,524 3 25 3 002,10701,4058,12633,19,108,715,2587,18,81,2128,4373,14,84,684,1521,54,423,92,2100,33,574,301,782
Lalitpur,Mahankal Gaunpalika,524 3 25 4 003,30805,385,5344,49,187,48,113,7,22,110,211,4,15,34,67,11,35,29,252,37,155,56,4287
Lamjung,Bensi Shahar Municipality,524 4 37 3 002,40605,1772,12466,59,213,200,559,11,160,827,1689,24,129,297,771,74,7157,71,1003,65,350,144,435
Lamjung,Dordi Gaunpalika,524 4 37 4 003,40601,459,1186,24,39,30,38,8,58,204,356,9,30,41,71,11,20,55,421,50,114,27,39
Lamjung,Dudhapokhari Gaunpalika,524 4 37 4 004,40608,319,802,26,60,13,21,6,12,130,213,5,17,35,74,6,29,34,224,40,100,24,52
Lamjung,Kwhola Sothar Gaunpalika,524 4 37 4 001,40603,316,868,31,75,21,43,14,44,83,173,3,8,70,169,5,16,32,229,32,64,25,47
Lamjung,Madhya Nepal Municipality,524 4 37 3 001,40604,1115,2945,63,142,171,460,5,43,504,934,11,38,113,260,33,131,58,657,86,177,71,103
Lamjung,Marshyangdi Gaunpalika,524 4 37 4 002,40602,599,1689,6,16,53,99,12,163,193,352,3,12,144,341,27,82,58,459,62,113,41,52
Lamjung,Rainas Municipality,524 4 37 3 004,40607,562,1571,18,45,64,169,2,6,291,569,1,4,72,143,12,57,39,438,23,82,40,58
Lamjung,Sundarbazar Municipality,524 4 37 3 003,40606,1269,7868,56,212,166,445,18,125,578,1052,13,59,162,303,40,4344,62,915,53,186,121,227
Mahottari,Aurahi Municipality,524 2 18 3 003,20216,862,1335,7,11,40,105,0,0,713,902,0,0,50,65,3,35,19,153,3,8,27,56
Mahottari,Balawa Municipality,524 2 18 3 007,20407,1284,2189,2,2,86,195,0,0,976,1358,0,0,131,255,3,63,15,155,7,43,64,118
Mahottari,Bardibas Municipality,524 2 18 3 001,20401,2085,6750,35,79,157,549,31,339,1377,2827,14,112,280,785,28,826,54,834,28,221,81,178
Mahottari,Bhangaha Municipality,524 2 18 3 004,20405,782,1809,9,28,73,238,0,0,552,999,0,0,67,150,4,11,27,232,10,37,40,114
Mahottari,Ekadara Gaunpalika,524 2 18 4 003,20411,625,2656,25,204,53,186,1,4,402,704,2,7,43,107,3,344,23,587,1,8,72,505
Mahottari,Gaushala Municipality,524 2 18 3 002,20402,1275,3790,35,89,173,1013,1,14,780,1489,4,20,105,235,0,0,50,605,31,92,96,233
Mahottari,Jaleshwor Municipality,524 2 18 3 009,20415,1393,4261,6,14,136,687,2,71,830,1545,3,20,161,397,23,131,69,825,26,144,137,427
Mahottari,Loharpatti Municipality,524 2 18 3 008,20406,969,2043,1,2,109,220,0,0,660,1090,1,1,97,188,8,64,24,255,12,41,57,182
Mahottari,Mahottari Gaunpalika,524 2 18 4 004,20412,237,461,0,0,23,35,0,0,162,222,0,0,12,16,1,2,17,159,0,0,22,27
Mahottari,Manara Shisawa Municipality,524 2 18 3 006,20410,844,2267,39,116,107,610,1,1,484,799,1,2,72,165,5,13,32,282,12,67,91,212
Mahottari,Matihani Municipality,524 2 18 3 010,20414,756,2098,0,0,70,475,0,0,523,833,1,3,69,141,4,113,31,377,4,23,54,133
Mahottari,Pipara Gaunpalika,524 2 18 4 005,20413,714,1382,5,11,54,111,0,0,469,701,0,0,66,125,6,30,23,216,5,22,86,166
Mahottari,Ram Gopalpur Municipality,524 2 18 3 005,20408,821,3056,8,30,97,1230,1,1,516,1125,1,4,82,164,9,44,37,309,15,50,55,99
Mahottari,Samsi Gaunpalika,524 2 18 4 002,20409,681,1284,2,5,64,156,0,0,420,606,0,0,76,137,4,45,18,126,23,112,74,97
Mahottari,Sonama Gaunpalika,524 2 18 4 001,20403,721,1617,2,6,33,466,0,0,612,843,1,2,23,45,2,28,15,139,10,40,23,48
Makwanpur,Bagmati Gaunpalika,524 3 31 4 008,20503,720,1333,16,23,114,185,7,13,390,517,1,6,80,115,10,31,51,365,10,32,41,46
Makwanpur,Bakaiya Gaunpalika,524 3 31 4 007,31209,929,1903,59,142,141,233,13,37,469,661,3,12,68,111,17,29,82,533,18,56,59,89
Makwanpur,Bhimphedi Gaunpalika,524 3 31 4 004,31207,606,1419,22,36,40,72,7,152,278,354,2,3,146,239,15,61,54,380,10,53,32,69
Makwanpur,Hetauda Sub-Metropolitian City,524 3 31 2 001,31206,9209,31588,164,481,1192,7959,141,1242,4731,9634,112,690,1412,3347,195,1114,211,3572,185,1165,866,2384
Makwanpur,Indrasarowar Gaunpalika,524 3 31 4 005,31201,466,1066,7,28,34,57,6,68,218,297,1,5,144,340,9,35,25,180,6,31,16,25
Makwanpur,Kailash Gaunpalika,524 3 31 4 003,31203,335,855,7,25,54,85,4,16,153,259,0,0,40,82,5,26,45,262,5,27,22,73
Makwanpur,Makawanpurgadhi Gaunpalika,524 3 31 4 006,31208,721,1456,80,176,146,197,11,136,298,352,2,5,83,103,10,34,46,362,10,39,35,52
Makwanpur,Manahari Gaunpalika,524 3 31 4 001,31205,1307,2968,48,162,159,315,13,112,733,1259,1,6,233,420,21,94,45,468,11,50,43,82
Makwanpur,Raksirang Gaunpalika,524 3 31 4 002,31204,401,740,17,34,58,74,0,0,188,222,0,0,47,64,2,5,47,279,4,23,38,39
Makwanpur,Thaha Municipality,524 3 31 3 001,31202,1347,3254,45,95,178,441,19,143,534,786,7,38,356,666,35,212,57,637,12,65,104,171
Manang,Chame Gaunpalika,524 4 38 4 003,40203,143,450,3,12,3,7,3,18,24,55,2,13,72,180,11,46,5,61,3,23,17,35
Manang,Naraphu Gaunpalika,524 4 38 4 002,40201,44,104,0,0,4,4,2,10,0,0,0,0,27,58,0,0,2,11,4,13,5,8
Manang,Nashong Gaunpalika,524 4 38 4 004,40204,123,473,6,27,1,1,5,12,11,25,0,0,82,276,0,0,11,106,4,20,3,6
Manang,Neshang Gaunpalika,524 4 38 4 001,40202,177,668,7,71,3,3,2,5,12,19,2,12,130,425,1,4,9,69,8,39,3,21
Morang,Belbari Municipality,524 1 05 3 003,11205,2758,6196,10,59,260,600,2,10,1758,2825,3,19,397,741,44,209,70,1237,21,218,193,278
Morang,Biratnagar Metropolitian City,524 1 05 1 001,11214,10392,46796,23,97,1125,10005,51,495,5625,13022,89,1062,1731,4991,188,2043,270,6732,171,5254,1119,3095
Morang,Budhiganga Gaunpalika,524 1 05 4 004,11213,1537,12773,18,164,199,8979,7,244,902,1574,23,65,229,477,16,168,41,617,13,338,89,147
Morang,Dhanapalthan Gaunpalika,524 1 05 4 008,11216,1001,5779,8,154,118,3759,0,0,595,920,3,11,132,262,7,49,49,453,26,72,63,99
Morang,Gramthan Gaunpalika,524 1 05 4 005,11212,1176,3564,10,43,154,815,2,21,649,1112,6,24,137,266,31,183,46,792,28,112,113,196
Morang,Jahada Gaunpalika,524 1 05 4 007,11217,724,1618,10,35,83,180,0,0,430,747,0,0,80,138,6,18,44,371,19,51,52,78
Morang,Kanepokhari Gaunpalika,524 1 05 4 003,11206,1119,2970,10,40,137,389,0,0,655,1369,1,4,166,367,22,79,38,565,11,33,79,124
Morang,Katahari Gaunpalika,524 1 05 4 006,11215,1012,6004,2,67,115,3551,3,147,653,1096,1,1,111,231,7,379,30,382,7,25,83,125
Morang,Kerabari Gaunpalika,524 1 05 4 001,11203,1035,2200,9,19,90,198,6,97,665,879,7,24,112,184,28,121,53,547,17,61,48,70
Morang,Letang Municipality,524 1 05 3 001,11202,1129,3146,22,60,120,339,4,140,606,1204,4,11,188,432,42,110,52,650,10,57,81,143
Morang,Miklajung Gaunpalika,524 1 05 4 002,10908,856,2009,10,31,84,182,2,22,540,836,0,0,104,210,9,30,54,589,12,45,41,64
Morang,Pathari Shanishchare Municipality,524 1 05 3 004,11207,2489,6122,20,74,321,894,0,0,1458,2778,7,46,367,769,39,173,59,884,37,212,181,292
Morang,Rangeli Municipality,524 1 05 3 006,11211,1390,6049,56,315,148,2712,2,84,815,1492,2,8,178,392,23,131,38,568,23,149,105,198
Morang,Ratuwamai Municipality,524 1 05 3 008,11209,1682,4036,11,21,221,796,1,12,930,1512,2,14,236,470,28,117,69,792,19,50,165,252
Morang,Sundarharaicha Municipality,524 1 05 3 002,11204,3198,9016,35,138,434,1712,11,141,1828,3375,9,54,454,1129,63,262,78,1626,43,170,243,409
Morang,Sunwarshi Municipality,524 1 05 3 007,11210,956,2130,6,18,114,268,3,7,527,954,2,9,150,318,8,29,36,367,17,36,93,124
Morang,Urlabari Municipality,524 1 05 3 005,11208,2793,7479,30,152,358,1120,3,20,1708,3282,11,58,362,909,45,283,57,1040,32,250,187,365
Mugu,Chhayanath Rara Municipality,524 6 65 3 001,60202,849,2725,6,67,35,101,6,27,416,719,8,48,264,536,19,364,48,342,18,128,29,393
Mugu,Khatyad Gaunpalika,524 6 65 4 001,60204,457,1882,12,50,23,41,2,7,175,252,2,5,99,153,48,576,42,318,24,344,30,136
Mugu,Mugumakarmarog Gaunpalika,524 6 65 4 003,60201,125,372,1,2,13,18,1,2,15,31,1,1,59,136,0,0,14,90,5,29,16,63
Mugu,Soru Gaunpalika,524 6 65 4 002,60203,351,870,1,2,29,41,4,7,217,359,2,5,46,86,1,5,38,244,7,41,6,80
Mustang,Bahragaun Muktikshetra Gaunpalika,524 4 45 4 003,40303,166,563,1,2,3,8,0,0,13,28,4,9,114,358,1,6,14,85,7,22,9,45
Mustang,Dalome Gaunpalika,524 4 45 4 002,40301,87,234,4,18,4,11,0,0,18,34,3,10,45,112,0,0,8,32,4,15,1,2
Mustang,Gharpajhong Gaunpalika,524 4 45 4 004,40302,296,1354,0,0,24,90,13,510,87,130,3,10,114,295,13,94,10,131,10,48,22,46
Mustang,Lomanthang Gaunpalika,524 4 45 4 001,40304,94,266,0,0,7,20,0,0,22,50,3,5,51,140,0,0,4,33,2,9,5,9
Mustang,Thasang Gaunpalika,524 4 45 4 005,40305,132,689,1,4,7,28,0,0,43,155,3,8,59,254,1,4,12,189,3,22,3,25
Myagdi,Annapurna Gaunpalika,524 4 44 4 003,40401,609,2296,41,127,50,147,11,401,219,480,7,29,174,508,18,59,42,342,24,147,23,56
Myagdi,Beni Municipality,524 4 44 3 001,40406,1966,7261,139,722,257,693,46,75,939,2125,15,292,225,588,59,366,74,1046,60,651,152,703
Myagdi,Dhawalagiri Gaunpalika,524 4 44 4 001,40403,676,2044,56,228,164,373,91,124,173,489,26,73,57,161,27,88,31,273,21,92,30,143
Myagdi,Malika Gaunpalika,524 4 44 4 004,40404,673,1917,34,99,120,266,10,46,279,588,3,12,45,120,79,248,42,358,41,124,20,56
Myagdi,Mangala Gaunpalika,524 4 44 4 005,40405,615,1559,57,166,129,218,5,12,265,459,3,13,28,54,22,80,47,386,34,115,25,56
Myagdi,Raghuganga Gaunpalika,524 4 44 4 002,40402,524,1575,64,253,71,165,8,20,216,406,4,15,49,93,14,38,34,293,43,201,21,91
Nawalparasi West,Bardaghat Municipality,524 5 76 3 002,50701,2317,15256,52,201,283,1860,8,76,1349,2583,10,67,297,666,53,6674,53,993,32,1505,180,631
Nawalparasi East,Binayi Tribeni Gaunpalika,524 4 47 4 004,40808,1100,3127,10,50,93,389,7,151,600,1078,5,21,271,673,14,61,38,555,14,71,48,78
Nawalparasi East,Bulingtar Gaunpalika,524 4 47 4 002,40802,523,1135,6,10,36,52,23,38,255,461,6,25,28,39,22,32,48,328,45,89,54,61
Nawalparasi East,Bungdikali Gaunpalika,524 4 47 4 001,40803,565,1153,40,47,51,80,32,58,244,368,2,8,27,54,39,66,36,331,45,79,49,62
Nawalparasi East,Devchuli Municipality,524 4 47 3 003,40805,2054,6553,29,107,250,1904,13,162,1243,2182,6,28,294,671,30,163,52,1010,27,164,110,162
Nawalparasi East,Gaidakot Municipality,524 4 47 3 004,40801,2854,9937,67,507,388,2339,12,96,1556,2805,16,106,456,1170,48,614,73,1701,33,172,205,427
Nawalparasi East,Hupsekot Gaunpalika,524 4 47 4 003,40804,862,1832,88,140,99,171,9,25,449,685,2,7,73,121,14,56,49,521,35,49,44,57
Nawalparasi East,Kawasoti Municipality,524 4 47 3 002,40806,3165,10207,68,224,431,2212,14,150,1870,3640,15,70,414,1186,47,317,67,1367,34,439,205,602
Nawalparasi East,Madhya Bindu Municipality,524 4 47 3 001,40807,1622,4452,44,128,191,1162,5,32,1002,1536,7,28,203,419,26,118,52,859,14,67,78,103
Nawalparasi West,Palhinandan Gaunpalika,524 5 76 4 001,50704,756,1776,2,11,76,190,3,13,444,778,1,2,113,212,4,14,33,390,17,40,63,126
Nawalparasi West,Pratapapur Gaunpalika,524 5 76 4 003,50706,1419,3225,15,68,155,510,3,67,916,1458,3,6,131,277,16,80,45,555,21,74,114,130
Nawalparasi West,Ramgram Municipality,524 5 76 3 003,50703,2462,8105,38,118,254,2374,6,118,1478,2689,9,519,316,631,33,190,64,883,43,178,221,405
Nawalparasi West,Sarawal Gaunpalika,524 5 76 4 002,50705,769,3242,12,38,64,1572,0,0,480,895,1,1,109,216,3,14,26,322,17,72,57,112
Nawalparasi West,Sunawal Municipality,524 5 76 3 001,50702,2517,8736,61,200,268,2463,16,149,1436,2765,20,134,369,890,50,301,75,1449,22,61,200,324
Nawalparasi West,Susta Gaunpalika,524 5 76 4 004,50707,968,3526,12,34,139,951,1,8,598,885,2,9,89,176,13,911,37,417,13,42,64,93
Nuwakot,Belkotgadhi Municipality,524 3 28 3 002,30508,949,5069,112,357,127,2106,14,265,384,815,1,43,97,227,59,200,63,667,34,151,58,238
Nuwakot,Bidur Municipality,524 3 28 3 001,30504,3010,10480,148,397,341,1460,20,296,1434,3089,18,171,566,1430,91,755,105,1650,30,229,257,1003
Nuwakot,Dupcheshwor Gaunpalika,524 3 28 4 008,30501,760,1994,35,146,150,219,9,38,250,427,1,3,92,195,11,53,61,341,68,260,83,312
Nuwakot,Kakani Gaunpalika,524 3 28 4 009,30512,600,1958,93,379,62,160,3,21,221,392,2,8,95,240,19,105,50,424,14,69,41,160
Nuwakot,Kispang Gaunpalika,524 3 28 4 002,30505,409,1090,44,169,51,111,0,0,166,247,0,0,68,103,4,16,27,242,15,67,34,135
Nuwakot,Likhu Gaunpalika,524 3 28 4 006,10405,594,1833,57,237,86,229,10,70,280,627,1,2,65,150,15,62,26,288,12,54,42,114
Nuwakot,Meghang Gaunpalika,524 3 28 4 001,30506,404,1404,34,176,63,127,3,14,161,270,1,2,50,96,6,32,29,247,10,49,47,391
Nuwakot,Panchakanya Gaunpalika,524 3 28 4 007,30510,357,1012,33,64,73,207,5,54,138,283,2,4,19,39,14,29,33,235,12,36,28,61
Nuwakot,Shivapuri Gaunpalika,524 3 28 4 010,30511,352,1134,64,203,26,65,2,7,109,218,9,31,47,113,8,27,56,349,13,76,18,45
Nuwakot,Suryagadhi Gaunpalika,524 3 28 4 004,30503,404,1425,45,285,51,102,4,33,183,329,0,0,42,76,13,113,35,297,7,39,24,151
Nuwakot,Tadi Gaunpalika,524 3 28 4 005,30502,564,1614,54,153,88,172,10,81,207,394,1,1,64,134,17,68,45,332,18,81,60,198
Nuwakot,Tarakeshwor Gaunpalika,524 3 28 4 003,30507,391,1116,33,92,78,138,0,0,154,285,3,14,37,75,8,34,37,280,14,74,27,124
Okhaldhunga,Champadevi Gaunpalika,524 1 13 4 004,10406,269,734,5,5,11,16,0,0,146,247,5,21,31,63,2,4,46,316,21,60,2,2
Okhaldhunga,Chishankhu Gadhi Gaunpalika,524 1 13 4 006,10401,327,4163,24,1975,28,78,0,0,158,454,5,24,17,48,2,4,48,326,24,605,21,649
Okhaldhunga,Khiji Demba Gaunpalika,524 1 13 4 001,10404,479,4470,16,1044,30,72,8,125,215,419,6,23,63,138,5,117,34,275,45,870,57,1387
Okhaldhunga,Likhu Gaunpalika,524 1 13 4 002,10405,328,1154,4,19,31,61,11,35,163,331,4,12,15,34,13,60,27,238,27,146,33,218
Okhaldhunga,Manebhanjyang Gaunpalika,524 1 13 4 007,10408,522,1634,21,189,37,81,1,12,278,521,5,15,57,138,19,78,53,392,17,81,34,127
Okhaldhunga,Molung Gaunpalika,524 1 13 4 003,10403,557,2914,27,123,95,183,7,125,234,435,3,10,76,130,19,597,40,350,22,490,34,471
Okhaldhunga,Siddhicharan Municipality,524 1 13 3 001,10402,1442,5622,40,267,98,252,12,131,744,1389,18,104,195,433,49,867,74,702,48,450,164,1027
Okhaldhunga,Sunkoshi Gaunpalika,524 1 13 4 005,10407,422,1340,31,133,37,51,1,3,213,405,3,16,29,76,10,78,39,347,37,145,22,86
Palpa,Baganaskali Gaunpalika,524 5 46 4 005,50604,729,1812,48,99,65,147,8,12,294,560,3,8,102,215,13,41,43,465,72,138,81,127
Palpa,Mathagadhi Gaunpalika,524 5 46 4 004,50609,568,1499,19,30,75,205,8,19,316,596,1,3,65,117,10,35,43,420,9,46,22,28
Palpa,Nisdi Gaunpalika,524 5 46 4 008,50610,587,1464,86,122,44,65,2,12,282,531,1,10,82,159,3,6,64,503,13,40,10,16
Palpa,Purbakhola Gaunpalika,524 5 46 4 006,50602,545,1325,28,44,70,107,2,4,279,477,1,5,79,151,7,13,44,439,17,62,18,23
Palpa,Rainadevi Chhahara Gaunpalika,524 5 46 4 001,50607,520,1215,21,42,56,90,0,0,300,471,1,3,71,125,8,21,50,434,6,21,7,8
Palpa,Rambha Gaunpalika,524 5 46 4 007,50603,734,1560,51,62,80,134,5,16,356,568,2,8,84,165,21,67,43,407,47,83,45,50
Palpa,Rampur Municipality,524 5 46 3 002,50601,1353,4020,30,65,159,590,3,14,770,1539,9,53,185,420,32,189,68,903,35,151,62,96
Palpa,Ribdikot Gaunpalika,524 5 46 4 003,50606,681,1696,76,110,61,108,4,12,303,615,2,8,92,214,28,55,45,434,20,72,50,68
Palpa,Tansen Municipality,524 5 46 3 001,50605,2451,8891,51,153,289,738,11,172,1298,2678,16,174,448,1369,57,347,82,1580,28,1303,171,377
Palpa,Tinau Gaunpalika,524 5 46 4 002,50608,533,1420,71,104,19,55,0,0,224,428,1,6,98,324,13,27,38,368,46,74,23,34
Panchthar,Falelung Gaunpalika,524 1 02 4 003,10903,565,1583,14,51,81,169,20,94,233,485,4,12,10,23,17,37,58,406,15,55,113,251
Panchthar,Falgunanda Gaunpalika,524 1 02 4 005,10905,549,1264,8,14,80,124,3,7,283,420,5,14,77,118,10,34,51,453,11,48,21,32
Panchthar,Hilihan Gaunpalika,524 1 02 4 001,10902,612,1222,12,16,85,145,8,32,268,373,2,3,79,131,13,22,63,375,15,51,67,74
Panchthar,Kummayak Gaunpalika,524 1 02 4 004,10906,408,929,29,56,48,66,4,11,184,268,4,14,35,68,24,49,45,314,12,46,23,37
Panchthar,Miklajung Gaunpalika,524 1 02 4 007,10908,773,1777,16,29,98,179,3,4,400,632,5,29,94,163,17,51,71,536,13,63,56,91
Panchthar,Phidim Municipality,524 1 02 3 001,10904,1663,4841,11,184,178,548,18,229,891,1513,18,200,267,601,52,251,96,883,22,170,110,262
Panchthar,Tumbewa Gaunpalika,524 1 02 4 006,10907,306,634,12,14,45,57,1,1,138,183,1,2,19,29,2,3,53,281,9,36,26,28
Panchthar,Yangbarak Gaunpalika,524 1 02 4 002,10107,561,1284,7,15,73,124,6,56,322,511,6,21,34,51,21,60,55,366,9,41,28,39
Parbat,Bihadi Gaunpalika,524 4 42 4 003,41006,278,863,7,12,20,46,2,3,140,267,4,32,52,106,1,6,33,336,8,37,11,18
Parbat,Jaljala Gaunpalika,524 4 42 4 001,41002,858,2457,112,211,106,342,13,89,365,889,5,18,93,226,7,29,55,466,41,95,61,92
Parbat,Kushma Municipality,524 4 42 3 001,41003,1461,4046,69,146,162,484,5,42,761,1323,12,64,234,486,32,316,83,903,29,135,74,147
Parbat,Mahashila Gaunpalika,524 4 42 4 004,41005,204,606,7,12,10,18,1,9,103,171,3,8,32,61,4,10,27,251,12,51,5,15
Parbat,Modi Gaunpalika,524 4 42 4 002,41001,706,1803,42,78,88,191,3,18,349,592,7,23,74,145,12,45,57,559,25,74,49,78
Parbat,Paiyu Gaunpalika,524 4 42 4 005,41007,546,1416,30,68,74,146,1,4,280,488,5,14,71,135,11,53,36,413,9,47,29,48
Parbat,Phalebas Municipality,524 4 42 3 002,41004,667,1792,44,62,86,174,8,31,294,490,10,42,93,169,13,66,57,606,20,94,42,58
Parsa,Bahudarmai Municipality,524 2 34 3 002,20808,686,2010,14,45,78,282,0,0,441,728,2,9,42,85,7,60,28,319,10,314,64,168
Parsa,Bindabasini Gaunpalika,524 2 34 4 010,20814,484,1054,17,48,36,154,0,0,325,497,3,5,40,70,4,20,23,201,3,19,33,40
Parsa,Birgunj Metropolitian City,524 2 34 1 001,20807,8811,32910,9,31,998,6408,58,221,5266,12043,99,636,1003,2657,139,1413,207,4146,122,3061,910,2294
Parsa,Chhipaharmai Gaunpalika,524 2 34 4 007,20812,408,884,2,4,38,82,0,0,261,452,5,14,21,54,3,7,21,164,15,44,42,63
Parsa,Dhobini Gaunpalika,524 2 34 4 006,20811,257,717,10,28,20,121,2,22,162,305,2,6,19,30,5,23,16,127,5,31,16,24
Parsa,Jagarnathpur Gaunpalika,524 2 34 4 005,20803,390,1325,6,24,41,637,1,4,272,437,2,5,27,48,1,1,21,119,6,33,13,17
Parsa,Jirabhawani Gaunpalika,524 2 34 4 002,20802,469,949,1,3,52,127,0,0,301,461,6,10,38,71,9,40,22,155,9,36,31,46
Parsa,Kalikamai Gaunpalika,524 2 34 4 008,20810,215,456,16,36,11,22,1,6,146,192,1,5,7,14,1,5,9,115,4,17,19,44
Parsa,Pakaha Mainpur Gaunpalika,524 2 34 4 009,20813,337,780,15,47,23,96,0,0,214,344,4,15,15,31,2,5,21,146,5,27,38,69
Parsa,Parsagadhi Municipality,524 2 34 3 003,20806,870,2728,7,19,89,593,11,349,502,925,17,54,76,153,66,116,33,334,17,92,52,93
Parsa,Paterwa Sugauli Gaunpalika,524 2 34 4 003,20804,386,797,0,0,40,104,0,0,279,458,1,3,23,46,4,16,15,125,3,12,21,33
Parsa,Pokhariya Municipality,524 2 34 3 001,20809,914,2086,3,9,88,449,2,5,591,852,3,10,55,111,17,89,35,262,16,100,104,199
Parsa,Sakhuwa Prasauni Gaunpalika,524 2 34 4 004,20805,883,2029,12,37,64,381,0,0,633,1055,1,1,75,163,4,18,24,231,7,29,63,114
Parsa,Thori Gaunpalika,524 2 34 4 001,20801,615,1385,14,24,68,156,5,6,332,575,3,11,99,188,18,59,26,289,8,30,42,47
Pyuthan,Aairawati Gaunpalika,524 5 55 4 007,50308,550,2621,60,546,80,255,13,138,258,899,3,16,47,167,5,32,48,357,8,50,28,161
Pyuthan,Gaumukhi Gaunpalika,524 5 55 4 002,50301,431,1680,39,471,45,71,14,94,210,368,6,18,40,75,5,45,48,360,7,47,17,131
Pyuthan,Jhimaruk Gaunpalika,524 5 55 4 003,50303,563,2392,57,491,58,110,8,128,275,636,3,8,47,92,18,150,60,484,6,37,31,256
Pyuthan,Mallarani Gaunpalika,524 5 55 4 005,50307,447,2228,32,290,52,99,16,128,193,496,7,229,50,125,13,101,32,472,8,47,44,241
Pyuthan,Mandavi Gaunpalika,524 5 55 4 004,50306,423,1518,30,271,39,54,4,107,211,386,5,20,62,154,16,137,29,262,6,50,21,77
Pyuthan,Naubahini Gaunpalika,524 5 55 4 001,50302,616,1738,50,337,48,79,5,23,371,597,3,11,52,95,5,28,46,409,14,64,22,95
Pyuthan,Pyuthan Municipality,524 5 55 3 002,50304,1248,4771,59,532,123,288,14,168,608,1404,11,48,173,484,39,286,73,740,16,148,132,673
Pyuthan,Sarumarani Gaunpalika,524 5 55 4 006,50309,510,1620,57,471,57,137,7,59,248,413,3,7,70,128,8,27,31,253,5,21,24,104
Pyuthan,Sworgadwari Municipality,524 5 55 3 001,50305,818,2805,60,572,96,200,11,113,427,720,5,20,85,177,13,69,76,577,13,66,32,291
Ramechhap,Doramba Gaunpalika,524 3 21 4 002,31007,724,3692,141,1103,95,150,5,27,262,422,2,11,45,102,37,628,57,391,18,124,62,734
Ramechhap,Gokulganga Gaunpalika,524 3 21 4 003,31002,526,1705,39,268,58,149,9,53,214,377,1,3,107,208,31,190,43,354,8,46,16,57
Ramechhap,Khandadevi Gaunpalika,524 3 21 4 005,31006,522,2881,60,673,27,48,8,60,206,402,1,4,48,96,11,103,57,422,53,548,51,525
Ramechhap,Likhu Gaunpalika,524 3 21 4 006,10405,648,2597,59,529,65,119,8,43,303,510,3,10,79,147,39,281,46,367,11,98,35,493
Ramechhap,Manthali  Municipality,524 3 21 3 001,31005,1352,4772,114,546,157,460,18,129,570,1227,6,31,177,461,116,587,86,769,32,235,76,327
Ramechhap,Ramechhap Municipality,524 3 21 3 002,31004,727,2716,89,566,65,119,5,38,290,510,5,17,96,170,55,377,63,485,27,272,32,162
Ramechhap,Sunapati Gaunpalika,524 3 21 4 001,31008,411,1981,40,635,89,283,2,18,159,304,5,16,30,55,11,134,36,314,14,67,25,155
Ramechhap,Umakunda Gaunpalika,524 3 21 4 004,31001,711,2474,42,225,69,116,45,380,208,423,5,14,90,188,105,421,43,284,36,129,68,294
Rasuwa,Gosaikunda Gaunpalika,524 3 29 4 002,30301,459,1419,1,3,12,46,2,106,120,207,3,26,283,759,16,89,9,90,5,47,8,46
Rasuwa,Kalika Gaunpalika,524 3 29 4 004,30304,312,948,14,50,30,75,1,10,140,325,3,9,73,182,6,25,16,185,4,22,25,65
Rasuwa,Naukunda Gaunpalika,524 3 29 4 005,30305,209,552,18,39,23,37,0,0,118,224,0,0,11,24,0,0,28,190,7,25,4,13
Rasuwa,Parbatikunda Gaunpalika,524 3 29 4 001,30302,159,598,14,32,2,3,2,172,56,97,6,6,31,65,1,2,12,105,6,34,29,82
Rasuwa,Uttargaya Gaunpalika,524 3 29 4 003,30303,233,657,14,32,29,68,4,12,103,201,1,4,33,65,13,49,20,183,5,21,11,22
Rautahat,Boudhimai Municipality,524 2 32 3 010,20611,586,1455,5,20,67,405,3,8,357,524,6,31,47,80,5,28,25,226,7,32,64,101
Rautahat,Brindaban Municipality,524 2 32 3 005,20605,552,2947,11,33,102,1801,1,1,329,649,9,21,19,42,2,9,15,179,11,39,53,173
Rautahat,Chandrapur Municipality,524 2 32 3 002,20601,2865,9285,49,216,293,2355,24,136,1754,3441,15,104,367,881,56,267,74,1119,35,246,198,520
Rautahat,Dewahi Gonahi Municipality,524 2 32 3 007,20609,271,559,0,0,20,46,0,0,195,295,3,4,10,15,0,0,19,145,4,25,20,29
Rautahat,Durga Bhagawati Gaunpalika,524 2 32 4 002,20615,335,736,0,0,22,68,1,2,242,350,2,9,15,44,3,10,18,171,5,39,27,43
Rautahat,Gadhimai Municipality,524 2 32 3 009,20606,433,1227,0,0,56,252,0,0,289,575,3,11,17,50,3,10,22,215,7,48,36,66
Rautahat,Garuda Municipality,524 2 32 3 008,20608,1489,5377,23,100,174,1669,10,62,924,1972,18,62,104,258,23,146,38,564,26,170,149,374
Rautahat,Gaur Municipality,524 2 32 3 015,20617,1208,3915,0,0,115,347,2,3,719,1475,10,372,122,338,20,177,35,598,17,273,168,332
Rautahat,Gujara Municipality,524 2 32 3 001,20602,709,3799,3,8,66,1181,7,27,477,846,5,13,47,89,2,7,39,383,6,41,57,1204
Rautahat,Ishanath Municipality,524 2 32 3 013,20618,497,1172,4,8,60,213,0,0,273,442,2,7,79,156,1,5,25,223,8,34,45,84
Rautahat,Katahariya Municipality,524 2 32 3 004,20604,711,3001,66,235,94,1338,2,8,391,756,6,17,41,100,16,88,32,261,13,69,50,129
Rautahat,Madhav Narayan Municipality,524 2 32 3 011,20607,478,1878,6,8,78,1074,0,0,293,403,4,12,30,52,1,2,27,229,9,54,30,44
Rautahat,Maulapur Municipality,524 2 32 3 006,20610,360,783,6,28,42,103,2,3,230,386,0,0,30,70,1,2,12,118,1,3,36,70
Rautahat,Paroha Municipality,524 2 32 3 012,20612,470,801,14,17,56,104,4,17,282,361,1,1,33,48,2,2,17,134,10,48,51,69
Rautahat,Phatuwa Bijayapur Municipality,524 2 32 3 003,20603,603,1603,15,33,48,118,0,0,376,625,2,6,39,80,2,10,23,168,7,114,91,449
Rautahat,Rajdevi Municipality,524 2 32 3 016,20616,307,703,11,20,33,52,0,0,202,311,0,0,12,19,0,0,22,227,4,25,23,49
Rautahat,Rajpur Municipality,524 2 32 3 014,20613,550,1386,3,15,80,220,1,1,323,619,1,1,64,150,2,6,11,139,5,48,60,187
Rautahat,Yamunamai Gaunpalika,524 2 32 4 001,20614,366,638,1,2,40,123,1,2,249,339,2,3,24,44,1,3,5,43,4,29,39,50
Rolpa,Duikholi Gaunpalika,524 5 54 4 002,50203,408,1144,10,171,28,37,0,0,254,328,4,25,56,70,1,2,43,347,3,18,9,146
Rolpa,Lungri Gaunpalika,524 5 54 4 008,50210,304,638,0,0,83,88,1,4,162,162,2,9,12,12,0,0,26,238,11,118,7,7
Rolpa,Madi Gaunpalika,524 5 54 4 004,10209,407,920,6,51,59,91,2,8,189,238,4,15,84,141,7,21,32,248,6,36,18,71
Rolpa,Rolpa Municipality,524 5 54 3 001,50207,1158,3352,11,49,165,367,2,34,546,849,10,326,208,410,19,87,85,648,22,137,90,445
Rolpa,Runtigadhi Gaunpalika,524 5 54 4 009,50208,560,2561,5,9,75,148,0,0,273,370,7,43,75,135,11,702,59,434,29,690,26,30
Rolpa,Subarnabati Gaunpalika,524 5 54 4 001,50204,882,2079,19,38,165,353,1,2,437,661,4,14,131,239,20,79,48,399,17,194,40,100
Rolpa,Sukidaha Gaunpalika,524 5 54 4 005,50201,457,986,3,3,63,86,6,23,244,338,2,7,66,112,3,4,41,341,7,38,22,34
Rolpa,Sunchhahari Gaunpalika,524 5 54 4 007,50209,302,1930,21,333,52,137,3,5,116,266,1,5,24,57,1,14,32,219,34,619,18,275
Rolpa,Thawang Gaunpalika,524 5 54 4 003,50202,244,716,9,79,31,87,3,3,133,198,2,4,23,35,5,23,24,179,4,27,10,81
Rolpa,Tribeni Gaunpalika,524 5 54 4 006,50206,372,1130,5,10,45,69,1,2,191,326,1,1,57,114,4,5,40,369,10,195,18,39
Rukum West,Aathabisakot Municipality,524 6 52 3 001,60605,604,1395,21,29,44,86,2,5,352,565,1,6,86,173,7,27,57,409,12,42,22,53
Rukum West,Banphikot Gaunpalika,524 6 52 4 002,60803,360,876,22,24,17,36,3,13,188,269,3,10,36,60,1,3,49,389,19,48,22,24
Rukum East,Bhoome Gaunpalika,524 5 77 4 003,50103,280,745,5,6,14,17,3,7,163,283,4,11,30,62,1,3,37,291,11,46,12,19
Rukum West,Chaurjahari Municipality,524 6 52 3 002,60806,682,1642,3,6,71,164,3,16,397,527,3,16,101,184,9,60,52,491,14,139,29,39
Rukum West,Musikot Municipality,524 6 52 3 003,50404,1433,4105,29,54,180,415,11,76,718,1221,12,113,238,472,35,198,83,864,24,177,103,515
Rukum East,Putha Uttanganga Gaunpalika,524 5 77 4 002,50101,276,712,0,0,8,13,6,15,157,244,2,8,28,39,2,2,43,317,8,46,22,28
Rukum West,Sanibheri Gaunpalika,524 6 52 4 001,60802,420,1018,27,43,43,81,8,14,190,302,3,7,35,64,23,31,52,400,20,50,19,26
Rukum East,Sisne Gaunpalika,524 5 77 4 001,50102,464,1145,1,2,35,75,0,0,301,523,3,7,51,103,7,30,37,320,7,42,22,43
Rukum West,Tribeni Gaunpalika,524 6 52 4 003,50206,495,1144,15,24,45,81,5,8,280,453,1,3,64,111,6,10,46,387,12,36,21,31
Rupandehi,Butwal Sub-Metropolitian City,524 5 48 2 001,50802,10142,38156,28,143,1000,6037,48,379,6229,16011,64,608,1512,5067,156,1332,182,4527,87,2020,836,2032
Rupandehi,Devdaha Municipality,524 5 48 3 002,50801,2171,7471,17,78,272,1821,8,31,1342,2895,4,36,273,659,33,180,50,1180,18,284,154,307
Rupandehi,Gaidahawa Gaunpalika,524 5 48 4 003,50805,1181,2558,9,20,97,242,5,17,719,1256,2,4,145,295,37,65,36,457,15,27,116,175
Rupandehi,Kanchan Gaunpalika,524 5 48 4 001,50804,1169,2992,13,44,135,514,1,1,694,1307,3,7,173,338,10,56,30,580,3,4,107,141
Rupandehi,Kotahimai Gaunpalika,524 5 48 4 008,50814,954,2410,6,21,92,719,0,0,596,921,2,5,128,212,8,48,36,352,5,24,81,108
Rupandehi,Lumbini Sanskritik Municipality,524 5 48 3 004,50813,1958,4868,9,19,157,675,2,15,1275,2013,4,15,274,953,12,63,72,745,10,68,143,302
Rupandehi,Marchawari Gaunpalika,524 5 48 4 010,50816,745,1468,11,27,65,147,0,0,509,811,1,3,77,149,1,7,22,237,1,6,58,81
Rupandehi,Mayadevi Gaunpalika,524 5 48 4 005,50812,1740,10740,3,14,211,7212,5,46,1081,1993,3,49,222,432,6,21,53,712,2,12,154,249
Rupandehi,Om Satiya Gaunpalika,524 5 48 4 006,50809,1415,5131,21,130,146,1908,2,9,904,1930,13,85,188,491,7,27,29,321,7,46,98,184
Rupandehi,Rohini Gaunpalika,524 5 48 4 007,50810,1126,4260,30,85,122,1587,4,18,692,1547,3,12,131,287,8,38,41,465,9,41,86,180
Rupandehi,Sainamaina Municipality,524 5 48 3 001,50803,2428,6760,23,84,304,1374,15,87,1503,2816,4,48,320,755,27,144,42,1099,17,62,173,291
Rupandehi,Sammarimai Gaunpalika,524 5 48 4 009,50815,1148,2043,28,56,110,223,6,30,727,1006,3,9,134,201,6,12,35,296,6,55,93,155
Rupandehi,Siddharthanagar Municipality,524 5 48 3 005,50811,4467,16817,14,87,427,2431,22,265,2421,6255,39,291,792,2482,114,815,78,1719,46,780,514,1692
Rupandehi,Siyari Gaunpalika,524 5 48 4 004,50807,1290,4645,193,785,125,1133,8,131,641,1350,2,11,158,356,20,90,38,576,9,32,96,181
Rupandehi,Suddhodhan Gaunpalika,524 5 48 4 002,50806,1306,4371,47,204,132,1412,1,2,825,1595,3,18,139,331,23,84,26,551,2,10,108,164
Rupandehi,Tilottama Municipality,524 5 48 3 003,50808,5163,20082,61,486,627,5714,29,434,3072,6200,15,115,611,1818,122,639,105,3077,45,429,476,1170
Salyan,Bagachour Municipality,524 6 53 3 002,60905,1235,3713,64,511,158,457,8,66,604,1118,7,28,161,350,16,137,96,691,54,174,67,181
Salyan,Banagad Kupinde Municipality,524 6 53 3 001,60903,636,1636,28,54,59,123,0,0,360,699,5,13,84,177,7,40,71,467,13,49,9,14
Salyan,Chhatreshwori Gaunpalika,524 6 53 4 005,60906,517,1124,32,173,63,82,1,5,293,341,3,9,41,63,3,7,44,356,19,55,18,33
Salyan,Darma Gaunpalika,524 6 53 4 002,60901,340,957,6,15,23,38,0,0,219,413,1,6,28,60,3,24,39,333,5,38,16,30
Salyan,Dhorchaur Gaunpalika,524 6 53 4 003,60904,537,1776,26,212,40,58,8,80,294,459,4,11,26,48,10,64,51,396,57,372,21,76
Salyan,Kalimati Gaunpalika,524 6 53 4 004,60908,426,1058,10,35,59,78,1,1,218,402,6,32,37,72,7,14,56,322,11,37,21,65
Salyan,Kapurkot Gaunpalika,524 6 53 4 007,60910,338,804,4,9,25,50,0,0,206,303,4,18,40,88,6,25,27,244,18,53,8,14
Salyan,Kumakh Malika Gaunpalika,524 6 53 4 001,60902,268,744,9,53,25,44,0,0,150,265,0,0,33,63,3,41,26,217,13,19,9,42
Salyan,Sharada Municipality,524 6 53 3 003,60907,1329,4184,72,210,159,389,6,84,644,1239,19,329,169,404,46,182,76,753,39,194,99,400
Salyan,Tribeni Gaunpalika,524 6 53 4 006,50206,472,1023,13,28,63,107,3,7,262,365,2,5,54,104,10,47,35,292,12,44,18,24
Sankhuwasabha,Bhotkhola Gaunpalika,524 1 09 4 002,10201,293,1434,17,311,4,8,7,86,85,166,1,7,10,19,0,0,25,150,81,321,63,366
Sankhuwasabha,Chainapur Municipality,524 1 09 3 003,10208,1035,2434,69,127,99,187,11,49,524,941,7,43,98,222,21,62,70,550,37,105,99,148
Sankhuwasabha,Chichila Gaunpalika,524 1 09 4 004,10204,199,479,20,42,17,27,1,11,86,172,0,0,16,31,3,3,21,126,12,32,23,35
Sankhuwasabha,Dharmadevi Municipality,524 1 09 3 004,10210,527,1972,46,337,76,185,7,113,254,519,5,20,42,87,15,57,44,344,8,71,30,239
Sankhuwasabha,Khandabari Municipality,524 1 09 3 001,10206,1913,6597,63,344,208,727,11,611,970,1987,12,96,331,766,39,201,77,918,68,506,134,441
Sankhuwasabha,Madi Municipality,524 1 09 3 005,10209,421,1181,36,67,34,93,4,24,195,340,3,5,31,64,7,43,39,282,44,164,28,99
Sankhuwasabha,Makalu Gaunpalika,524 1 09 4 001,10202,437,1148,42,93,15,24,0,0,215,428,3,11,40,107,5,16,48,265,28,88,41,116
Sankhuwasabha,Panchakhapan Municipality,524 1 09 3 002,10207,591,1331,49,79,89,147,6,43,297,516,2,5,29,50,6,27,43,336,37,81,33,47
Sankhuwasabha,Sabhapokhari Gaunpalika,524 1 09 4 005,10205,220,547,18,21,20,36,1,17,122,228,0,0,16,30,2,5,28,177,8,25,5,8
Sankhuwasabha,Silichong Gaunpalika,524 1 09 4 003,10203,402,2104,37,341,42,131,10,111,143,239,3,8,21,30,32,313,40,246,28,254,46,431
Saptari,Agmisair Krishna Sabaran Gaunpalika,524 2 15 4 002,20103,769,1612,13,37,73,143,1,7,498,732,1,1,53,122,15,59,28,354,14,51,73,106
Saptari,Balan-Bihul Gaunpalika,524 2 15 4 004,20108,431,1019,4,11,55,127,0,0,235,446,2,7,37,69,1,2,23,181,12,47,62,129
Saptari,Belhi Chapena Gaunpalika,524 2 15 4 006,20111,638,1624,8,19,93,272,1,4,340,515,2,6,41,70,0,0,25,200,26,382,102,156
Saptari,Bishnupur Gaunpalika,524 2 15 4 007,20112,403,952,7,17,57,136,0,0,224,461,0,0,19,41,1,2,20,177,13,19,62,99
Saptari,Bode Barsain Municipality,524 2 15 3 006,20109,1020,2305,20,47,153,534,23,29,525,853,8,30,110,184,18,29,48,399,31,99,84,101
Saptari,Chhinnamasta Gaunpalika,524 2 15 4 008,20118,526,1481,5,79,57,187,2,6,328,609,2,7,32,55,2,6,27,208,5,20,66,304
Saptari,Dakneshwori Municipality,524 2 15 3 007,20110,943,2480,14,31,116,690,0,0,603,1074,0,0,45,83,5,23,37,331,16,71,107,177
Saptari,Hanumannagar Kankalini Municipality,524 2 15 3 009,20116,1152,2758,4,42,138,313,10,68,623,1191,5,17,89,237,8,30,44,418,41,123,190,319
Saptari,Kanchanrup Municipality,524 2 15 3 005,20102,1350,3097,22,37,168,425,3,14,810,1290,7,42,146,363,9,16,53,630,19,105,113,175
Saptari,Khadak Municipality,524 2 15 3 002,20106,1124,4052,4,78,155,1676,6,41,700,1252,3,8,84,167,17,94,57,510,19,102,79,124
Saptari,Mahadewa Gaunpalika,524 2 15 4 005,20114,593,1219,7,13,103,185,0,0,266,468,2,9,42,74,1,1,25,190,10,50,137,229
Saptari,Rajbiraj Municipality,524 2 15 3 008,20113,2469,7227,11,28,257,1592,3,23,1463,2551,12,566,221,445,9,116,79,1023,39,298,375,585
Saptari,Rupani Gaunpalika,524 2 15 4 001,20104,552,2081,2,7,61,890,0,0,328,641,2,15,37,76,7,29,18,209,10,106,87,108
Saptari,Saptakoshi Municipality,524 2 15 3 004,20101,936,1973,7,33,79,187,1,1,640,1058,1,3,110,182,8,49,20,248,13,90,57,122
Saptari,Shambhunath Municipality,524 2 15 3 003,20105,961,2186,23,74,115,361,2,6,623,974,1,2,66,119,7,30,39,386,9,61,76,173
Saptari,Surunga Municipality,524 2 15 3 001,20107,1253,3399,10,19,149,1078,0,0,673,1128,8,23,97,176,19,66,41,388,32,102,224,419
Saptari,Tilathi Koiladi Gaunpalika,524 2 15 4 009,20117,561,1412,1,2,59,116,1,8,351,635,1,3,57,123,3,12,27,292,10,53,51,168
Saptari,Tirahut Gaunpalika,524 2 15 4 003,20115,614,1375,18,243,35,66,0,0,403,640,2,6,35,56,3,8,26,234,8,32,84,90
Sarlahi,Bagmati Municipality,524 2 19 3 001,20503,829,2664,31,121,82,188,6,22,487,1107,4,24,60,138,18,166,34,438,11,153,96,307
Sarlahi,Balara Municipality,524 2 19 3 011,20516,621,1291,41,77,85,286,1,7,371,459,3,10,46,78,2,11,37,278,7,46,28,39
Sarlahi,Barahathawa Municipality,524 2 19 3 004,20504,1767,3595,24,35,184,403,2,11,1169,1763,2,19,155,279,18,83,46,706,19,68,148,228
Sarlahi,Basbariya Gaunpalika,524 2 19 4 001,20513,325,639,5,6,44,74,0,0,203,283,2,4,25,29,1,13,25,187,5,26,15,17
Sarlahi,Bishnu Gaunpalika,524 2 19 4 008,20518,341,518,1,3,54,79,0,0,225,248,1,4,21,29,0,0,13,108,5,25,21,22
Sarlahi,Brahmapuri Gaunpalika,524 2 19 4 007,20509,348,666,14,18,28,46,1,2,223,270,3,7,36,57,0,0,20,218,4,25,19,23
Sarlahi,Chakraghatta Gaunpalika,524 2 19 4 004,20512,408,904,11,24,58,238,0,0,245,343,0,0,31,58,4,40,14,105,4,22,41,74
Sarlahi,Chandranagar Gaunpalika,524 2 19 4 002,20510,460,947,25,42,74,212,0,0,251,323,0,0,39,70,2,8,35,250,4,6,30,36
Sarlahi,Dhanakaul Gaunpalika,524 2 19 4 003,20514,282,528,1,3,26,54,0,0,200,287,1,3,15,31,1,4,12,93,7,21,19,32
Sarlahi,Godaita Municipality,524 2 19 3 008,20517,1016,1756,8,16,97,258,1,1,714,878,3,8,70,97,8,35,39,335,12,47,64,81
Sarlahi,Haripur Municipality,524 2 19 3 005,20505,673,1868,7,40,70,720,0,0,457,588,3,8,60,121,8,35,25,252,8,30,35,74
Sarlahi,Haripurwa Municipality,524 2 19 3 010,20507,435,1214,0,0,54,446,0,0,272,413,0,0,45,85,3,14,22,190,4,19,35,47
Sarlahi,Hariwan Municipality,524 2 19 3 002,20502,1428,5527,8,27,159,2002,1,5,891,1740,6,20,164,380,37,278,47,669,13,117,102,289
Sarlahi,Ishworpur Municipality,524 2 19 3 006,20506,1554,4228,7,226,176,539,1,20,1006,2017,1,1,155,362,19,107,62,719,9,47,118,190
Sarlahi,Kabilashi Municipality,524 2 19 3 007,20511,528,1288,6,8,72,401,0,0,331,422,2,3,34,70,3,5,31,298,6,27,43,54
Sarlahi,Kaudena Gaunpalika,524 2 19 4 006,20519,200,338,0,0,12,21,0,0,161,192,0,0,13,32,0,0,9,81,1,7,4,5
Sarlahi,Lalbandi Municipality,524 2 19 3 003,20501,2025,6392,23,206,223,843,4,26,1241,2127,9,70,241,558,52,1032,80,1189,26,151,126,190
Sarlahi,Malangawa Municipality,524 2 19 3 009,20520,1466,2845,3,6,149,486,1,3,981,1325,6,22,129,259,11,78,28,332,20,113,138,221
Sarlahi,Parsa Gaunpalika,524 2 19 4 009,20508,264,508,6,12,45,80,0,0,152,217,0,0,31,51,0,0,11,112,4,20,15,16
Sarlahi,Ramnagar Gaunpalika,524 2 19 4 005,20515,290,941,10,16,47,91,0,0,171,240,1,1,13,24,1,429,14,91,4,15,29,34
Sindhuli,Dudhouli Municipality,524 3 20 3 002,31101,1267,4823,123,1167,164,400,4,28,663,1401,5,20,102,225,22,240,96,895,34,169,54,278
Sindhuli,Ghyanglekha Gaunpalika,524 3 20 4 003,31107,275,1229,62,557,30,47,0,0,100,157,3,14,26,39,4,141,34,210,8,40,8,24
Sindhuli,Golanjor Gaunpalika,524 3 20 4 005,31104,659,3156,113,817,60,141,7,79,210,478,8,32,121,389,29,231,64,435,14,394,33,160
Sindhuli,Hariharpurgaghi Gaunpalika,524 3 20 4 001,31109,599,3405,158,1915,95,148,2,46,224,472,1,4,37,85,0,0,52,342,10,178,20,215
Sindhuli,Kamalamai Municipality,524 3 20 3 001,31105,2803,11128,230,1650,351,1071,18,323,1301,2672,20,180,410,1128,83,647,136,1554,45,424,209,1479
Sindhuli,Marin Gaunpalika,524 3 20 4 002,31108,548,1986,54,552,66,132,4,47,266,522,1,1,74,175,9,64,49,389,7,52,18,52
Sindhuli,Phikkal Gaunpalika,524 3 20 4 007,31102,356,1650,52,417,26,41,6,87,153,261,6,22,23,46,14,153,55,363,10,71,11,189
Sindhuli,Sunkoshi Gaunpalika,524 3 20 4 004,10407,590,2798,77,824,48,99,16,291,186,396,3,10,160,527,10,45,56,430,15,82,19,94
Sindhuli,Tinpatan Gaunpalika,524 3 20 4 006,31103,904,3910,140,1323,131,184,22,247,367,717,4,18,52,100,18,146,100,717,23,132,47,326
Sindhupalchok,Bahrabise Municipality,524 3 23 3 003,30209,883,2984,24,184,91,181,5,26,445,952,4,16,108,250,34,228,61,452,35,285,76,410
Sindhupalchok,Balephi Gaunpalika,524 3 23 4 006,30208,670,1657,21,60,84,189,2,8,385,723,9,22,93,189,7,76,32,279,13,59,24,52
Sindhupalchok,Bhotekoshi Gaunpalika,524 3 23 4 004,30201,301,1076,0,0,10,31,0,0,179,311,0,0,46,100,1,1,30,213,12,134,23,286
Sindhupalchok,Choutara Sangachowkgadhi Municipality,524 3 23 3 002,30207,1764,7501,67,535,259,607,28,382,753,1600,19,122,274,733,65,593,93,1004,109,1100,97,825
Sindhupalchok,Helambu Gaunpalika,524 3 23 4 001,30204,439,1720,16,70,47,106,6,48,177,415,1,1,93,271,6,60,36,349,15,98,42,302
Sindhupalchok,Indrawoti Gaunpalika,524 3 23 4 005,30206,970,4336,60,430,192,346,24,320,316,737,6,21,85,184,26,209,56,458,87,614,118,1017
Sindhupalchok,Jugal Gaunpalika,524 3 23 4 003,30202,613,1640,21,66,86,178,11,206,320,612,3,11,39,66,6,13,44,288,59,135,24,65
Sindhupalchok,Lisankhu Pakhar Gaunpalika,524 3 23 4 009,30211,495,1875,32,267,40,69,2,6,239,584,4,14,84,179,15,116,30,259,21,186,28,195
Sindhupalchok,Melanchi Municipality,524 3 23 3 001,30205,1458,5434,78,697,205,380,33,532,621,1167,9,29,226,508,43,277,84,749,68,572,91,523
Sindhupalchok,Panchpokhari Thangpal Gaunpalika,524 3 23 4 002,30203,576,2311,16,199,101,201,4,36,208,385,5,36,80,172,20,211,35,278,22,165,85,628
Sindhupalchok,Sunkoshi Gaunpalika,524 3 23 4 007,10407,546,1524,34,133,80,134,17,139,232,374,5,15,31,71,12,37,43,369,38,113,54,139
Sindhupalchok,Tripurasundari Gaunpalika,524 3 23 4 008,30210,361,891,18,38,51,107,13,58,172,304,3,10,15,32,8,22,30,211,29,75,22,34
Siraha,Arnama Gaunpalika,524 2 16 4 003,20209,244,888,0,0,40,387,0,0,159,284,0,0,12,34,6,18,12,118,4,29,11,18
Siraha,Aurahi Gaunpalika,524 2 16 4 004,20216,338,1389,8,25,38,742,0,0,227,412,0,0,23,45,1,2,17,102,5,30,19,31
Siraha,Bariyarpatti Gaunpalika,524 2 16 4 005,20215,553,1565,4,15,61,560,0,0,360,583,1,3,43,80,6,14,22,177,6,31,50,102
Siraha,Bhagawanpur Gaunpalika,524 2 16 4 009,20213,291,629,1,4,33,61,1,4,166,232,1,1,36,71,6,33,19,159,3,26,25,38
Siraha,Bishnupur Gaunpalika,524 2 16 4 002,20112,599,1196,3,5,80,185,2,8,386,550,1,2,45,83,5,15,24,242,10,37,43,69
Siraha,Dhangadhimai Municipality,524 2 16 3 004,20202,931,2360,21,94,104,277,5,19,585,1067,1,1,80,172,11,49,36,407,24,149,64,125
Siraha,Golbazar Municipality,524 2 16 3 003,20203,1287,5732,13,33,98,2780,1,1,924,1686,3,8,96,268,17,207,43,516,17,95,75,138
Siraha,Kalyanpur Municipality,524 2 16 3 006,20206,797,1766,1,1,73,166,0,0,589,1086,1,2,43,100,1,3,37,300,7,34,45,74
Siraha,Karjanha Municipality,524 2 16 3 001,20205,549,1227,6,18,59,163,1,3,380,652,0,0,51,105,1,3,19,170,8,76,24,37
Siraha,Lahan Municipality,524 2 16 3 005,20201,2126,6196,9,45,199,626,2,2,1405,3143,13,49,201,709,21,125,80,974,36,209,160,314
Siraha,Laxmipur Patari Gaunpalika,524 2 16 4 006,20211,474,2570,7,23,60,1076,0,0,298,526,1,3,38,72,5,463,25,263,7,37,33,107
Siraha,Mirchaiya Municipality,524 2 16 3 002,20204,1567,4972,6,16,124,463,7,94,1135,2479,6,26,101,297,24,461,42,764,30,154,92,218
Siraha,Naraha Gaunpalika,524 2 16 4 001,20207,389,1334,1,3,44,501,2,6,252,400,1,3,31,78,4,15,17,205,7,37,30,86
Siraha,Nawarajpur Gaunpalika,524 2 16 4 007,20214,187,393,0,0,24,44,0,0,120,148,2,9,11,12,0,0,22,153,3,22,5,5
Siraha,Sakhuwa Nankarkatti Gaunpalika,524 2 16 4 008,20212,177,458,0,0,19,39,0,0,107,153,0,0,14,30,3,10,21,173,7,44,6,9
Siraha,Siraha Municipality,524 2 16 3 008,20217,1896,5023,5,21,200,673,3,55,1304,2474,3,60,140,384,11,70,64,868,26,144,140,274
Siraha,Sukhipur Municipality,524 2 16 3 007,20210,732,2815,6,25,87,1156,0,0,466,933,0,0,60,134,14,82,31,335,10,47,58,103
Solukhumbu,Dhudha Koushika Gaunpalika,524 1 11 4 006,10305,456,4334,21,339,13,54,3,47,204,387,6,29,77,149,10,152,49,421,17,235,56,2521
Solukhumbu,Dhudhakoshi Gaunpalika,524 1 11 4 004,10304,263,898,5,21,13,25,8,20,86,204,3,7,57,155,4,8,33,287,22,87,32,84
Solukhumbu,Khumbu Pasanglhamu Gaunpalika,524 1 11 4 001,10301,702,2216,1,6,20,57,1,5,128,264,7,40,500,1517,8,88,7,71,8,62,22,106
Solukhumbu,Likhu Pike Gaunpalika,524 1 11 4 003,10308,189,2760,3,223,5,54,1,46,50,87,1,5,62,103,4,773,17,135,28,634,18,700
Solukhumbu,Mahakulung Gaunpalika,524 1 11 4 002,10302,369,1466,5,42,38,94,1,4,182,374,2,7,69,132,6,48,18,148,6,35,42,582
Solukhumbu,Necha Salyan Gaunpalika,524 1 11 4 005,10306,353,2981,22,485,36,88,1,5,141,302,3,11,46,123,20,577,39,336,12,356,33,698
Solukhumbu,Solu Dhudhakunda Municipality,524 1 11 3 001,10307,911,3333,18,330,84,208,3,10,314,616,6,61,348,762,9,305,57,408,21,192,51,441
Solukhumbu,Sotang Gaunpalika,524 1 11 4 007,10303,265,1146,8,108,24,38,0,0,118,210,2,11,53,104,3,38,24,196,8,94,25,347
Sunsari,Baraha Municipality,524 1 06 3 001,11302,2246,5396,20,73,309,717,2,7,1188,2083,7,40,376,694,43,243,86,1098,32,118,183,323
Sunsari,Barju Gaunpalika,524 1 06 4 006,11312,1087,3195,20,67,122,650,2,22,572,1086,4,14,151,278,17,108,53,452,19,52,127,466
Sunsari,Bhokraha Gaunpalika,524 1 06 4 002,11304,733,1540,10,66,87,199,0,0,441,572,1,3,59,115,2,16,54,349,19,57,60,163
Sunsari,Dewangunj Gaunpalika,524 1 06 4 005,11311,863,1928,41,106,94,354,2,8,395,598,3,10,72,133,12,37,96,398,18,57,130,227
Sunsari,Dharan Sub-Metropolitian City,524 1 06 2 001,11301,8433,30169,55,271,881,3679,47,199,4569,10651,53,378,1596,4488,148,1484,259,4621,72,2239,753,2159
Sunsari,Duhabi Municipality,524 1 06 3 004,11307,2176,13374,21,67,372,8050,12,81,1233,2874,8,33,245,543,24,275,62,836,30,153,169,462
Sunsari,Gadhi Gaunpalika,524 1 06 4 003,11308,679,1687,7,21,102,222,0,0,381,719,5,13,59,131,11,64,38,384,19,62,57,71
Sunsari,Harinagara Gaunpalika,524 1 06 4 004,11310,1014,2345,3,8,136,289,1,2,540,913,4,13,76,138,12,66,89,565,35,94,118,257
Sunsari,Inaruwa Municipality,524 1 06 3 003,11309,2557,7406,42,100,328,1236,16,165,1378,2669,12,54,302,721,49,273,90,1258,38,183,302,747
Sunsari,Itahari Sub-Metropolitian City,524 1 06 2 002,11306,8757,37440,55,182,1078,10085,21,132,4938,12006,75,472,1494,3478,137,4434,215,4525,76,529,668,1597
Sunsari,Koshi Gaunpalika,524 1 06 4 001,11303,1023,2128,9,24,88,186,2,4,611,907,2,6,165,360,6,45,48,394,19,63,73,139
Sunsari,Ramdhuni Municipality,524 1 06 3 002,11305,1968,6100,35,91,239,1593,2,7,1197,2342,6,27,233,512,27,187,64,963,25,135,140,243
Surkhet,Barahatal Gaunpalika,524 6 59 4 002,61007,515,1323,30,42,57,88,0,0,244,477,3,10,76,161,5,7,52,417,25,85,23,36
Surkhet,Bheriganga Municipality,524 6 59 3 002,61005,1410,3468,42,100,129,290,2,23,915,1653,6,48,165,368,20,110,66,664,18,82,47,130
Surkhet,Birendranagar Municipality,524 6 59 3 003,61006,5731,20750,69,191,561,2210,19,213,3527,7124,37,459,855,2338,109,2771,184,3261,60,537,310,1646
Surkhet,Chaukune Gaunpalika,524 6 59 4 001,61009,510,1328,30,70,61,108,1,1,257,464,4,20,71,149,5,11,50,409,12,55,19,41
Surkhet,Chingad Gaunpalika,524 6 59 4 003,61002,394,897,18,27,42,75,1,2,230,384,4,18,26,50,2,4,42,268,14,52,15,17
Surkhet,Gurbhakot Municipality,524 6 59 3 005,61004,1310,3181,19,46,138,337,3,26,768,1223,8,22,195,386,19,88,87,809,23,126,50,118
Surkhet,Lekabeshi Municipality,524 6 59 3 004,61003,645,1581,18,47,68,129,3,13,374,550,4,12,79,153,11,48,57,510,9,52,22,67
Surkhet,Panchapuri Municipality,524 6 59 3 001,61008,752,1980,23,30,89,212,5,14,430,774,8,18,83,183,13,58,56,569,19,76,26,46
Surkhet,Simta Gaunpalika,524 6 59 4 004,61001,553,1400,4,4,50,86,2,5,331,576,5,20,59,132,2,9,71,473,13,57,16,38
Syangja,Aandhikhola Gaunpalika,524 4 41 4 001,40903,379,923,16,27,52,65,0,0,179,218,2,5,54,78,12,35,47,428,10,54,7,13
Syangja,Arjun Choupari Gaunpalika,524 4 41 4 003,40904,402,878,5,8,44,92,0,0,249,342,2,6,45,69,5,21,32,294,6,26,14,20
Syangja,Bhirkot Municipaity,524 4 41 3 002,40905,693,2014,10,41,71,187,2,11,403,693,3,18,90,198,22,209,39,478,12,79,41,100
Syangja,Biruwa Gaunpalika,524 4 41 4 004,40906,329,1300,6,98,53,104,2,16,159,206,2,7,38,61,8,47,25,294,18,296,18,171
Syangja,Chapakot Municipality,524 4 41 3 005,40908,619,1819,12,68,77,187,2,12,343,611,3,11,82,189,14,60,51,546,14,77,21,58
Syangja,Galyang Municipality,524 4 41 3 003,40910,1086,2699,13,36,130,304,2,16,606,1037,7,39,178,389,12,32,61,659,29,89,48,98
Syangja,Harinas Gaunpalika,524 4 41 4 005,40907,296,792,4,8,24,45,0,0,181,320,1,4,31,55,5,17,34,304,7,25,9,14
Syangja,Kaligandaki Gaunpalika,524 4 41 4 006,40911,635,1506,33,59,98,208,2,9,315,503,3,6,98,180,18,65,35,375,10,71,23,30
Syangja,Phedikhola Gaunpalika,524 4 41 4 002,40902,238,772,1,11,27,62,0,0,142,311,1,3,31,68,4,22,20,252,6,31,6,12
Syangja,Putalibazar Municipality,524 4 41 3 001,40901,1296,4033,12,25,140,423,1,4,710,1453,6,87,253,581,35,239,60,976,16,78,63,167
Syangja,Walling Municipality,524 4 41 3 004,40909,1437,4210,22,132,153,446,2,7,874,1627,3,8,191,434,29,205,78,1099,12,134,73,118
Tanahu,Aanbu Khaireni Gaunpalika,524 4 40 4 005,40710,1037,3349,28,70,106,563,6,112,533,1207,8,40,207,532,25,128,45,518,26,81,53,98
Tanahu,Bandipur Gaunpalika,524 4 40 4 004,40709,1182,3202,74,172,83,208,22,59,547,1054,8,36,242,695,32,183,47,521,56,140,71,134
Tanahu,Bhanu Municipality,524 4 40 3 003,40701,1352,3112,64,101,106,218,5,16,777,1368,2,9,213,369,21,97,61,762,56,107,47,65
Tanahu,Bhimad Municipality,524 4 40 3 004,40705,1011,2638,24,26,78,183,2,14,602,1086,4,12,153,328,19,117,61,699,19,64,49,109
Tanahu,Byas Municipality,524 4 40 3 002,40702,3408,10419,121,230,350,1417,21,177,1835,3518,22,172,530,1300,66,435,144,2021,76,672,243,477
Tanahu,Devghat Gaunpalika,524 4 40 4 006,40708,353,1127,31,51,23,52,0,0,174,349,3,12,55,121,4,10,32,316,20,203,11,13
Tanahu,Ghiring Gaunpalika,524 4 40 4 002,40706,296,760,11,11,29,42,0,0,158,268,1,2,26,56,3,7,42,333,8,22,18,19
Tanahu,Myagde Gaunpalika,524 4 40 4 001,40703,753,1832,52,71,96,515,2,49,364,441,1,2,127,212,17,79,32,373,28,32,34,58
Tanahu,Rhishing Gaunpalika,524 4 40 4 003,40707,569,1257,61,79,51,80,27,51,226,407,5,12,33,62,2,2,44,409,71,102,49,53
Tanahu,Shuklagandaki Municipality,524 4 40 3 001,40704,2472,8990,81,161,211,924,32,303,1238,2638,14,92,314,713,61,2190,103,1257,239,391,179,321
Taplejung,Aatharai Tribeni Gaunpalika,524 1 01 4 006,10105,433,1364,31,66,42,54,19,106,118,171,5,17,9,14,5,25,39,308,33,211,132,392
Taplejung,Maiwakhola Gaunpalika,524 1 01 4 005,10104,310,786,7,14,51,64,14,41,102,132,3,10,18,33,3,15,30,213,31,85,51,179
Taplejung,Meringden Gaunpalika,524 1 01 4 004,10103,397,1139,11,46,26,33,7,33,142,223,4,13,27,47,16,55,36,247,40,156,88,286
Taplejung,Mikwakhola Gaunpalika,524 1 01 4 002,10102,269,612,33,48,27,41,12,123,78,98,5,18,7,9,13,16,30,167,29,53,35,39
Taplejung,Phaktanlung Gaunpalika,524 1 01 4 001,10101,539,1210,121,207,51,79,19,45,128,164,7,31,49,91,5,10,51,310,38,106,70,167
Taplejung,Phungling Municipality,524 1 01 3 001,10106,1603,3966,34,85,142,339,17,144,666,976,13,100,310,647,51,146,84,772,77,215,209,542
Taplejung,Sidingba Gaunpalika,524 1 01 4 008,10109,249,560,9,16,18,37,3,11,78,90,7,24,3,3,25,25,38,246,37,73,31,35
Taplejung,Sirijanga Gaunpalika,524 1 01 4 003,10108,452,1047,16,23,31,52,12,28,168,267,10,27,23,48,9,11,45,391,59,113,79,87
Taplejung,Yangwarak Gaunpalika,524 1 01 4 007,10107,398,889,22,42,54,85,6,10,126,214,8,28,11,23,4,4,42,299,57,102,68,82
Terhathum,Aatharai Gaunpalika,524 1 08 4 003,10801,454,1477,37,116,60,103,7,36,172,282,13,27,34,66,13,61,63,582,16,61,39,143
Terhathum,Chhathar Gaunpalika,524 1 08 4 004,10806,464,1179,64,130,59,110,11,106,163,214,5,24,45,67,16,36,57,381,21,58,23,53
Terhathum,Laligurans Municipality,524 1 08 3 001,10805,650,1784,55,139,65,156,16,37,273,491,6,19,77,155,39,148,41,388,31,113,47,138
Terhathum,Menchhayayem Gaunpalika,524 1 08 4 001,10803,267,647,29,54,28,52,4,23,91,160,3,10,10,13,14,29,28,204,18,35,42,67
Terhathum,Myanglung Municipality,524 1 08 3 002,10804,1249,2982,40,121,273,519,19,84,582,883,8,189,152,294,35,160,42,443,21,138,77,151
Terhathum,Phedap Gaunpalika,524 1 08 4 002,10802,328,886,31,47,45,70,12,58,149,248,2,8,12,22,7,16,41,356,10,35,19,26
Udayapur,Belaka Municipality,524 1 14 3 004,11401,1453,3122,92,220,144,333,10,25,789,1286,1,5,74,140,45,122,72,686,14,42,212,263
Udayapur,Chaudandigadhi Municipality,524 1 14 3 003,11402,1602,3943,95,222,173,389,13,92,903,1527,5,21,171,325,27,121,70,921,25,98,120,227
Udayapur,Katari Municipality,524 1 14 3 001,11407,2216,4795,109,164,324,536,17,72,1193,2032,14,51,244,495,46,164,99,886,42,179,128,216
Udayapur,Rautamai Gaunpalika,524 1 14 4 004,11404,623,1371,20,26,68,113,20,86,268,404,5,16,40,74,7,22,70,459,41,75,84,96
Udayapur,Sunkoshi Gaunpalika,524 1 14 4 002,10407,267,609,13,22,44,57,2,3,113,199,5,16,1,1,0,0,38,228,21,46,30,37
Udayapur,Tapli Gaunpalika,524 1 14 4 001,11406,373,781,45,72,39,45,14,27,158,248,4,13,8,15,0,0,43,269,24,48,38,44
Udayapur,Triyuga Municipality,524 1 14 3 002,11403,4169,11690,169,401,457,1864,91,669,2170,3976,27,177,468,1011,97,399,134,1855,151,417,405,921
Udayapur,Udayapurgadhi Gaunpalika,524 1 14 4 003,11408,812,1582,65,88,123,175,7,7,326,507,2,13,36,69,9,17,67,486,66,97,111,123
