Districts,Palika,HLCIT_CODE,cbs code,Total_PE,Agriculture_PE,Manufacturing_PE,Construction_PE,Wholesales_PE,Transportations_PE,Accommodations_PE,Financial_PE,Education_PE,Social_Work_PE,Real_Eastate_PE
Achham,Bannigadhi Jayagadh Gaunpalika,524 7 69 4 003,70707,646,8,26,0,210,44,71,9,234,43,1
Achham,Chaurpati Gaunpalika,524 7 69 4 001,70705,791,21,46,2,283,7,44,8,300,75,5
Achham,Dhakari Gaunpalika,524 7 69 4 005,70709,785,45,25,0,296,9,57,1,301,42,9
Achham,Kamal bazar Municipality,524 7 69 3 003,70708,930,6,24,12,264,0,149,8,382,76,9
Achham,Mangalsen Municipality,524 7 69 3 002,70706,2350,34,155,13,624,122,287,187,439,272,217
Achham,Mellekh Gaunpalika,524 7 69 4 002,70703,647,8,26,8,175,2,42,3,325,56,2
Achham,Panchdebal Binayak Municipality,524 7 69 3 004,70701,1154,21,63,14,261,21,141,43,480,89,21
Achham,Ramaroshan Gaunpalika,524 7 69 4 004,70702,1002,21,53,17,398,14,48,5,378,55,13
Achham,Sanphebagar Municipality,524 7 69 3 001,70704,4540,16,173,31,835,27,248,2074,696,300,140
Achham,Turmakhand Gaunpalika,524 7 69 4 006,70710,835,37,20,0,253,8,65,16,383,48,5
Arghakhanchi,Bhumikasthan Municipality,524 5 50 3 001,50503,1681,78,189,3,567,24,128,26,513,87,66
Arghakhanchi,Chhatradev Gaunpalika,524 5 50 4 002,50501,1574,86,133,12,489,25,121,52,491,81,84
Arghakhanchi,Malarani Gaunpalika,524 5 50 4 001,50502,1666,80,153,1,508,18,98,73,563,75,97
Arghakhanchi,Panini Gaunpalika,524 5 50 4 003,50505,1525,100,128,1,421,16,147,35,510,67,100
Arghakhanchi,Sandhikharka Municipality,524 5 50 3 002,50504,5583,185,650,62,2036,106,683,192,922,240,507
Arghakhanchi,Shitaganga Municipality,524 5 50 3 003,50506,2584,255,316,31,675,28,311,59,741,73,95
Baglung,Badigad Gaunpalika,524 4 43 4 003,41107,2269,113,247,59,781,43,157,52,613,118,86
Baglung,Baglung Municipality,524 4 43 3 003,41101,9320,536,1078,162,3066,154,969,434,1780,375,766
Baglung,Bareng Gaunpalika,524 4 43 4 006,41109,662,6,35,23,242,4,49,37,217,34,15
Baglung,Dhorpatan Municipality,524 4 43 3 001,41105,2331,77,261,48,834,32,295,104,496,64,120
Baglung,Galkot Municipality,524 4 43 3 002,41108,4159,552,439,102,1004,32,282,296,915,214,323
Baglung,Jaimuni Municipality,524 4 43 3 004,41110,4796,797,320,55,771,39,126,639,730,584,735
Baglung,Kathekhola Gaunpalika,524 4 43 4 005,41102,3939,677,179,21,844,26,90,140,582,352,1028
Baglung,Nisikhola Gaunpalika,524 4 43 4 001,41106,1078,68,86,37,401,10,61,7,357,24,27
Baglung,Tamankhola Gaunpalika,524 4 43 4 002,41104,612,21,75,28,214,11,34,7,188,27,7
Baglung,Tarakhola Gaunpalika,524 4 43 4 004,41103,1206,39,122,249,356,9,65,17,265,38,46
Baitadi,Dasharathchand Municipality,524 7 74 3 001,70405,2521,65,216,78,820,60,170,160,643,119,190
Baitadi,Dilasaini Gaunpalika,524 7 74 4 001,70401,915,18,58,0,252,5,44,1,470,44,23
Baitadi,Dogada Kedar Gaunpalika,524 7 74 4 002,70402,1316,160,66,1,396,16,50,48,438,58,83
Baitadi,Melauli Municipality,524 7 74 3 003,70408,1039,43,54,1,263,0,47,29,411,83,108
Baitadi,Pancheshwor Gaunpalika,524 7 74 4 004,70406,650,33,40,0,111,0,10,3,323,56,74
Baitadi,Patam Municipality,524 7 74 3 004,70409,1843,133,152,3,481,32,132,67,614,101,128
Baitadi,Puchaundi Municipality,524 7 74 3 002,70403,1720,63,75,11,555,28,135,23,639,114,77
Baitadi,Shivanath Gaunpalika,524 7 74 4 005,70407,455,24,12,0,98,0,9,3,252,19,38
Baitadi,Sigas Gaunpalika,524 7 74 4 006,70410,706,51,16,0,80,5,21,12,422,35,64
Baitadi,Surnaya Gaunpalika,524 7 74 4 003,70404,1103,58,18,5,254,13,12,35,333,59,316
Bajhang,Bitthadchir Gaunpalika,524 7 67 4 004,70210,1439,82,199,11,362,5,72,44,324,209,131
Bajhang,Bungal Municipality,524 7 67 3 001,70202,1740,37,162,28,564,17,79,9,683,89,72
Bajhang,Chhabis Pathibhara Gaunpalika,524 7 67 4 007,70207,1114,29,144,31,346,7,57,7,393,79,21
Bajhang,Durgathali Gaunpalika,524 7 67 4 006,70208,917,9,180,37,284,2,55,3,264,63,20
Bajhang,Jayaprithbi Municipality,524 7 67 3 002,70206,3583,142,397,50,1072,67,398,91,584,296,486
Bajhang,Kanda Gaunpalika,524 7 67 4 001,70201,170,12,2,0,68,3,15,0,47,23,0
Bajhang,Kedarsyun Gaunpalika,524 7 67 4 005,70209,1745,85,210,8,593,10,124,8,477,138,92
Bajhang,Khaptad Chhanna Gaunpalika,524 7 67 4 010,70212,951,13,131,27,263,15,47,5,351,80,19
Bajhang,Masta Gaunpalika,524 7 67 4 008,70205,1087,136,116,19,367,11,9,14,272,129,14
Bajhang,Surma Gaunpalika,524 7 67 4 002,70203,713,37,64,31,361,7,13,0,149,47,4
Bajhang,Talkot Gaunpalika,524 7 67 4 003,70204,1094,139,163,17,315,7,64,7,243,95,44
Bajhang,Thalara Gaunpalika,524 7 67 4 009,70211,893,46,115,12,162,15,20,12,371,105,35
Bajura,Badimalika Municipality,524 7 68 3 002,70106,2156,230,190,6,627,39,310,144,371,145,94
Bajura,Budhiganga Municipality,524 7 68 3 003,11213,1121,74,78,3,448,4,86,24,343,28,33
Bajura,Budhinanda Municipality,524 7 68 3 001,70103,1390,3,241,0,600,8,191,15,293,22,17
Bajura,Chhededaha Gaunpalika,524 7 68 4 003,70107,1095,40,209,33,388,12,49,14,285,43,22
Bajura,Gaumul Gaunpalika,524 7 68 4 002,70102,605,24,113,19,215,6,11,9,178,23,7
Bajura,Himali Gaunpalika,524 7 68 4 001,70101,622,19,46,1,151,7,147,4,187,34,26
Bajura,Pandab Gufa Gaunpalika,524 7 68 4 004,70105,546,13,99,3,265,5,16,18,103,22,2
Bajura,Swami Kartik Gaunpalika,524 7 68 4 005,70104,473,0,37,0,199,4,14,0,196,19,4
Bajura,Tribeni Municipality,524 7 68 3 004,50206,851,16,98,0,281,6,13,15,373,36,13
Banke,Baijanath Gaunpalika,524 5 57 4 002,51103,4303,177,822,0,1695,13,302,48,1057,50,139
Banke,Duduwa Gaunpalika,524 5 57 4 004,51107,2070,74,327,0,986,7,76,10,380,84,126
Banke,Janaki Gaunpalika,524 5 57 4 003,70808,4372,20,2461,0,1176,55,205,5,270,53,127
Banke,Khajura Gaunpalika,524 5 57 4 001,51104,4478,122,1103,8,1575,29,347,99,876,125,194
Banke,Kohalpur Municipality,524 5 57 3 001,51102,14508,248,2564,92,5233,283,1760,395,2161,859,913
Banke,Narainapur Gaunpalika,524 5 57 4 006,51108,1444,53,238,0,741,18,52,6,206,66,64
Banke,Nepalganj Sub-Metropolitian City,524 5 57 2 001,51106,30470,81,7552,195,9429,843,3334,1388,3813,1780,2055
Banke,Rapti Sonari Gaunpalika,524 5 57 4 005,51101,3237,192,243,2,1320,11,374,71,791,89,144
Bara,Aadarsha Kotwal Gaunpalika,524 2 33 4 009,20711,719,0,50,0,337,3,51,15,187,37,39
Bara,Baragadhi Gaunpalika,524 2 33 4 006,20710,1421,10,681,0,430,0,53,0,171,29,47
Bara,Bishrampur Gaunpalika,524 2 33 4 004,20706,1313,20,446,0,491,13,136,10,143,22,32
Bara,Devtal Gaunpalika,524 2 33 4 007,20715,365,12,52,0,201,0,29,0,53,14,4
Bara,Jitpur Simara Sub-Metropolitian City,524 2 33 2 001,20703,18549,142,8227,54,4129,175,1402,1473,1134,113,1700
Bara,Kalaiya Sub-Metropolitian City,524 2 33 2 002,20708,7726,26,1356,152,2930,204,590,452,1248,181,587
Bara,Karaiyamai Gaunpalika,524 2 33 4 003,20709,628,9,4,0,370,2,20,0,175,27,21
Bara,Kolhabi Municipality,524 2 33 3 002,20702,2897,5,1116,2,957,13,107,86,451,66,94
Bara,Mahagadhimai Municipality,524 2 33 3 003,20714,3087,3,675,0,1165,19,209,122,634,24,236
Bara,Nijagadh Municipality,524 2 33 3 001,20701,2061,77,155,0,1045,12,238,97,316,47,74
Bara,Pacharauta Municipality,524 2 33 3 004,20713,1062,42,106,0,534,0,78,4,189,47,62
Bara,Parawanipur Gaunpalika,524 2 33 4 001,20704,3257,48,1524,6,632,81,97,280,375,138,76
Bara,Pheta Gaunpalika,524 2 33 4 005,20707,1776,33,981,5,464,3,81,2,136,16,55
Bara,Prasauni Gaunpalika,524 2 33 4 002,20705,1304,15,636,0,318,8,58,26,165,22,56
Bara,Simroungadh Municipality,524 2 33 3 005,20712,1898,99,215,22,812,17,141,61,319,56,156
Bara,Subarna Gaunpalika,524 2 33 4 008,20716,661,9,106,0,279,0,35,2,195,7,28
Bardiya,Badhaiyatal Gaunpalika,524 5 58 4 002,51208,5172,410,1013,6,1672,39,314,205,771,174,568
Bardiya,Bansgadhi Municipality,524 5 58 3 006,51201,5105,331,814,34,1965,28,484,132,848,153,316
Bardiya,Barbardiya Municipality,524 5 58 3 005,51202,6060,750,772,48,1843,18,335,134,860,291,1009
Bardiya,Geruwa Gaunpalika,524 5 58 4 001,51204,2084,87,218,2,861,8,159,35,453,94,167
Bardiya,Gulariya Municipality,524 5 58 3 004,51207,8299,415,2184,151,2787,61,545,199,876,216,865
Bardiya,Madhuwan Municipality,524 5 58 3 002,51206,4700,396,578,71,1956,27,350,148,627,170,377
Bardiya,Rajapur Municipality,524 5 58 3 001,51205,5350,148,609,46,2242,52,450,158,705,405,535
Bardiya,Thakurbaba Municipality,524 5 58 3 003,51203,3944,173,477,149,1397,28,446,179,695,96,304
Bhaktapur,Bhaktapur Municipality,524 3 26 3 003,30702,25159,56,4581,216,5980,508,2798,2011,5210,1560,2239
Bhaktapur,Changunarayan Municipality,524 3 26 3 002,30701,19414,470,10026,612,1877,19,1431,1331,1502,980,1166
Bhaktapur,Madhyapur Thimi Municipality,524 3 26 3 001,30703,22549,69,4199,309,5976,400,2227,2442,3507,1730,1690
Bhaktapur,Suryabinayak Municipality,524 3 26 3 004,30704,19174,220,5558,193,4599,164,1918,1710,2480,1455,877
Bhojpur,Aamchowk Gaunpalika,524 1 10 4 006,10609,727,17,63,6,183,21,33,18,275,102,9
Bhojpur,Arun Gaunpalika,524 1 10 4 003,10605,826,75,60,0,227,12,76,9,289,59,19
Bhojpur,Bhojpur Municipality,524 1 10 3 002,10604,3638,141,311,229,1051,59,461,238,716,209,223
Bhojpur,Hatuwagadhi Gaunpalika,524 1 10 4 007,10608,777,28,40,5,284,4,43,16,283,42,32
Bhojpur,Pauwa Dunma Gaunpalika,524 1 10 4 005,10606,857,96,50,1,239,14,70,36,255,69,27
Bhojpur,Ramprasad Rai Gaunpalika,524 1 10 4 004,10607,732,59,41,0,233,20,44,10,252,48,25
Bhojpur,Salpa Silichho Gaunpalika,524 1 10 4 001,10602,530,0,16,0,220,0,25,3,231,32,3
Bhojpur,Shadananda Municipality,524 1 10 3 001,10601,1405,36,101,2,547,6,165,24,435,58,31
Bhojpur,Tyamke Maiyum Gaunpalika,524 1 10 4 002,10603,870,32,68,1,184,6,40,22,344,128,45
Chitawan,Bharatpur Metropolitian City,524 3 35 1 001,30702,64812,1530,10086,627,22291,1172,8586,2791,7912,6429,3388
Chitawan,Ichchha Kamana Gaunpalika,524 3 35 4 001,31303,3649,536,97,20,994,8,885,73,432,348,256
Chitawan,Kalika Municipality,524 3 35 3 001,30304,3571,134,493,38,1429,34,408,132,621,107,175
Chitawan,Khairahani Municipality,524 3 35 3 003,31306,10770,574,3801,75,3418,44,763,304,1234,178,379
Chitawan,Madi Municipality,524 3 35 3 005,10209,2528,29,266,10,1045,5,314,53,603,91,112
Chitawan,Rapti Municipality,524 3 35 3 004,31301,5222,311,911,74,2058,20,471,162,892,70,253
Chitawan,Ratnanagar Municipality,524 3 35 3 002,31305,14075,579,2716,183,4779,104,2844,343,1510,261,756
Dadeldhura,Aalital Gaunpalika,524 7 73 4 004,70506,1079,195,170,14,158,12,66,25,298,71,70
Dadeldhura,Ajayameru Gaunpalika,524 7 73 4 002,70503,839,97,104,0,200,1,40,37,313,43,4
Dadeldhura,Amargadhi Municipality,524 7 73 3 002,70502,4329,239,409,97,1296,118,500,224,687,382,377
Dadeldhura,Bhageshwor Gaunpalika,524 7 73 4 001,70504,719,11,207,5,159,7,28,0,271,25,6
Dadeldhura,Ganyapdhura Gaunpalika,524 7 73 4 005,70507,1016,147,59,3,299,6,169,7,288,25,13
Dadeldhura,Nawadurga Gaunpalika,524 7 73 4 003,70501,1012,220,67,5,299,11,35,15,307,49,4
Dadeldhura,Parashuram Municipality,524 7 73 3 001,70505,2475,221,323,94,781,24,139,39,615,115,124
Dailekh,Aathbis Municipality,524 6 61 3 001,60801,1752,81,76,17,633,12,365,21,460,62,25
Dailekh,Bhagawatimai Gaunpalika,524 6 61 4 007,60609,885,44,94,0,322,10,58,9,268,58,22
Dailekh,Bhairabi Gaunpalika,524 6 61 4 002,60603,987,57,27,7,396,0,125,7,318,35,15
Dailekh,Chamunda Bindrasaini Municipality,524 6 61 3 002,60606,1154,24,47,1,352,20,204,4,433,36,33
Dailekh,Dullu Municipality,524 6 61 3 003,60607,2350,45,142,0,925,47,326,46,601,126,92
Dailekh,Dungeshwor Gaunpalika,524 6 61 4 006,60610,988,41,71,0,335,13,126,13,268,61,60
Dailekh,Gurans Gaunpalika,524 6 61 4 005,60611,1232,47,108,5,325,7,212,17,382,80,49
Dailekh,Mahabu Gaunpalika,524 6 61 4 003,60602,846,47,49,2,288,17,48,1,297,62,35
Dailekh,Narayan Municipality,524 6 61 3 004,60608,3012,78,228,64,923,53,464,113,597,146,346
Dailekh,Naumule Gaunpalika,524 6 61 4 004,60601,1016,15,79,21,329,3,133,24,317,69,26
Dailekh,Thantikandh Gaunpalika,524 6 61 4 001,60604,652,12,22,0,205,8,77,4,259,61,4
Dang,Babai Gaunpalika,524 5 56 4 001,51005,1288,16,149,0,540,5,93,52,376,28,29
Dang,Bangalachuli Gaunpalika,524 5 56 4 005,51001,1013,35,64,1,426,2,101,20,286,49,29
Dang,Dangisharan Gaunpalika,524 5 56 4 002,51006,983,49,65,4,390,6,39,28,295,79,28
Dang,Gadhawa Gaunpalika,524 5 56 4 006,51009,2513,35,242,246,874,23,282,115,508,71,117
Dang,Ghorahi Sub-Metropolitian City,524 5 56 2 002,51002,17846,240,2563,126,6800,209,2036,1597,2925,589,761
Dang,Lamahi Municipality,524 5 56 3 001,51007,5133,185,1183,87,1623,85,580,235,767,204,184
Dang,Rajpur Gaunpalika,524 5 56 4 004,20613,885,33,67,37,317,3,39,14,312,40,23
Dang,Rapti Gaunpalika,524 5 56 4 007,31301,4564,101,321,1564,1283,11,320,141,641,59,123
Dang,Shantinagar Gaunpalika,524 5 56 4 003,51004,1216,31,115,14,500,4,75,23,399,37,18
Dang,Tulsipur Sub-Metropolitian City,524 5 56 2 001,51003,12157,226,2501,74,5076,74,1084,195,2128,383,416
Darchula,Apihimal Gaunpalika,524 7 75 4 003,70305,416,14,29,7,96,0,9,14,105,59,83
Darchula,Byas Gaunpalika,524 7 75 4 001,40702,551,1,86,8,158,21,31,1,140,95,10
Darchula,Duhun Gaunpalika,524 7 75 4 002,70302,490,4,21,6,154,5,9,7,102,161,21
Darchula,Lekam Gaunpalika,524 7 75 4 006,70309,1224,117,104,33,172,41,10,37,341,176,193
Darchula,Mahakali Municipality,524 7 75 3 001,70303,3749,364,352,65,867,103,286,162,631,589,330
Darchula,Malikarjun Gaunpalika,524 7 75 4 004,70308,1192,178,223,15,208,21,37,49,241,184,36
Darchula,Marma Gaunpalika,524 7 75 4 007,70306,732,6,62,9,198,13,34,20,205,142,43
Darchula,Naugad  Gaunpalika,524 7 75 4 005,70304,973,3,71,3,517,8,43,0,180,125,23
Darchula,Shailyashikhar Municipality,524 7 75 3 002,70307,1510,2,187,117,414,21,92,120,338,191,28
Dhading,Benighat Rorang Gaunpalika,524 3 30 4 008,30409,3688,195,249,62,1483,0,770,77,508,140,204
Dhading,Dhunibenshi Municipality,524 3 30 3 002,30413,8057,173,5056,19,1023,0,744,197,544,72,229
Dhading,Gajuri Gaunpalika,524 3 30 4 009,30410,6487,2538,227,75,851,17,520,170,440,705,944
Dhading,Galchhi Gaunpalika,524 3 30 4 010,30411,4941,1403,295,123,846,9,355,166,406,758,580
Dhading,Ganga Jamuna Gaunpalika,524 3 30 4 002,30403,2009,151,281,24,643,41,101,152,376,72,168
Dhading,Jwalamukhi Gaunpalika,524 3 30 4 006,30407,2203,519,216,7,512,7,144,111,507,130,50
Dhading,Khaniyabas Gaunpalika,524 3 30 4 003,30402,2078,70,114,77,331,3,79,235,197,472,500
Dhading,Netrawati Gaunpalika,524 3 30 4 005,30405,991,52,138,7,250,3,76,67,198,78,122
Dhading,Nilkhantha Municipality,524 3 30 3 001,30406,8212,693,1202,197,2131,133,701,257,1313,275,1310
Dhading,Rubi Valley Gaunpalika,524 3 30 4 001,30401,1109,25,102,15,284,69,60,5,175,104,270
Dhading,Siddhalek Gaunpalika,524 3 30 4 007,30408,7010,2911,223,77,635,4,135,256,489,474,1806
Dhading,Thakre Gaunpalika,524 3 30 4 011,30412,5312,333,1095,236,885,3,445,32,402,663,1218
Dhading,Tripurasundari Gaunpalika,524 3 30 4 004,60105,3424,457,430,129,798,2,241,489,480,102,296
Dhankuta,Chaubise Gaunpalika,524 1 07 4 004,10707,1575,77,140,1,428,22,128,84,438,131,126
Dhankuta,Chhathar Jorpati Gaunpalika,524 1 07 4 002,10703,1549,101,267,3,478,6,225,79,341,30,19
Dhankuta,Dhankuta Municipality,524 1 07 3 003,10704,7103,485,1071,194,1915,168,1117,335,1186,241,391
Dhankuta,Khalsa Chhintang Sahidbhumi Gaunpalika,524 1 07 4 001,10705,902,16,67,38,248,12,78,24,335,54,30
Dhankuta,Mahalaxmi Municipality,524 1 07 3 001,10701,1561,199,148,12,427,4,149,40,492,51,39
Dhankuta,Pakhribas Municipality,524 1 07 3 002,10702,1736,26,177,6,648,26,160,37,571,49,36
Dhankuta,Sangurigadhi Gaunpalika,524 1 07 4 003,10706,1394,80,49,12,325,38,349,48,374,78,41
Dhanusa,Aurahi Gaunpalika,524 2 17 4 003,20404,1053,0,146,21,468,9,79,3,215,38,74
Dhanusa,Bateshwor Gaunpalika,524 2 17 4 001,20304,833,0,159,0,374,0,55,6,145,16,78
Dhanusa,Bideha Municipality,524 2 17 3 010,20313,991,6,145,0,409,8,59,5,271,23,65
Dhanusa,Chhireshwornath Municipality,524 2 17 3 003,20305,4524,44,1259,54,1635,19,238,87,420,595,173
Dhanusa,Dhanauji Gaunpalika,524 2 17 4 004,20316,1438,3,263,0,666,16,147,5,190,41,107
Dhanusa,Dhanushadham Municipality,524 2 17 3 004,20302,2349,17,345,66,1152,2,171,34,401,48,113
Dhanusa,Ganeshman Charnath Municipality,524 2 17 3 002,20301,1525,9,140,11,713,1,127,41,353,40,90
Dhanusa,Hansapur Municipality,524 2 17 3 007,20308,1125,2,154,1,541,0,78,15,211,43,80
Dhanusa,Janak Nandini Gaunpalika,524 2 17 4 006,20312,879,0,128,0,405,8,62,5,198,30,43
Dhanusa,Janakpur Sub-Metropolitian City,524 2 17 2 001,20315,25345,45,4511,293,9516,362,2173,661,4346,1376,2062
Dhanusa,Kamala Municipality,524 2 17 3 011,20311,1152,0,110,0,701,0,94,6,193,17,31
Dhanusa,Laxminiya Gaunpalika,524 2 17 4 002,20306,1834,40,711,0,566,0,63,2,331,50,71
Dhanusa,Mithila Bihari Municipality,524 2 17 3 005,20307,1560,8,343,0,627,6,110,23,288,41,114
Dhanusa,Mithila Municipality,524 2 17 3 001,20303,7283,43,560,36,1372,13,615,3646,649,211,138
Dhanusa,Mukhiyapatti Musaharmiya Gaunpalika,524 2 17 4 005,20318,460,1,55,0,180,0,51,0,159,0,14
Dhanusa,Nagarain Municipality,524 2 17 3 009,20317,1288,4,251,0,518,10,91,21,286,40,67
Dhanusa,Sabaila Municipality,524 2 17 3 006,20309,1197,0,144,2,637,0,85,17,216,0,96
Dhanusa,Shahidnagar Municipality,524 2 17 3 008,20310,1639,10,323,4,825,7,101,12,254,32,71
Dolakha,Baitedhar Gaunpalika,524 3 22 4 004,20304,1657,142,256,11,447,3,142,132,380,71,73
Dolakha,Bhimeshwor Municipality,524 3 22 3 001,30109,6786,514,805,245,1685,162,888,422,933,663,469
Dolakha,Bigu Gaunpalika,524 3 22 4 001,30102,3019,60,81,1736,435,8,139,44,289,67,160
Dolakha,Gaurishankar Gaunpalika,524 3 22 4 002,30101,2077,332,53,57,410,9,111,93,303,321,388
Dolakha,Jiri Municipality,524 3 22 3 002,30105,1659,178,95,42,453,12,210,94,350,68,157
Dolakha,Kalinchowk Gaunpalika,524 3 22 4 003,30103,2740,306,260,72,669,22,340,93,447,335,196
Dolakha,Melung Gaunpalika,524 3 22 4 006,30107,1588,229,178,0,328,12,65,93,313,249,121
Dolakha,Shailung Gaunpalika,524 3 22 4 005,30108,1590,355,72,2,397,3,91,54,278,165,173
Dolakha,Tamakoshi Gaunpalika,524 3 22 4 007,30106,1215,68,98,60,331,10,63,72,381,110,22
Dolpa,Chharka Tangsong Gaunpalika,524 6 62 4 006,60108,82,1,0,0,10,0,36,0,21,4,10
Dolpa,Dolpo Buddha Gaunpalika,524 6 62 4 003,60101,196,0,0,0,30,7,118,0,41,0,0
Dolpa,Jagadulla Gaunpalika,524 6 62 4 002,60103,147,4,0,0,74,0,2,0,48,12,7
Dolpa,Kaike Gaunpalika,524 6 62 4 005,60107,179,41,0,0,2,0,58,0,56,16,6
Dolpa,Mudkechula Gaunpalika,524 6 62 4 004,60104,158,2,2,0,102,0,0,0,24,23,5
Dolpa,Shey Phoksundo Gaunpalika,524 6 62 4 001,60102,595,0,3,0,38,0,75,0,62,14,403
Dolpa,Thulibheri Municipality,524 6 62 3 002,60106,1327,422,34,4,300,66,109,36,197,39,120
Dolpa,Tripurasundari Municipality,524 6 62 3 001,30210,541,12,12,0,140,9,107,0,218,36,7
Doti,Aadarsha Gaunpalika,524 7 70 4 001,70603,751,22,27,13,234,2,29,2,361,58,3
Doti,Badi Kedar Gaunpalika,524 7 70 4 006,70608,726,4,37,1,213,8,99,2,326,23,13
Doti,Bogatan Gaunpalika,524 7 70 4 007,70607,704,19,20,12,204,14,35,12,294,82,12
Doti,Dipayal Silgadhi Municipality,524 7 70 3 002,70605,3479,66,241,321,999,134,448,94,653,269,254
Doti,Jorayal Gaunpalika,524 7 70 4 004,70609,959,48,62,20,274,2,168,17,257,55,56
Doti,K.I. Singh Gaunpalika,524 7 70 4 005,70606,818,27,49,4,252,0,78,10,356,39,3
Doti,Purbichouki Gaunpalika,524 7 70 4 003,70601,801,9,39,17,208,18,119,1,328,49,13
Doti,Sayal Gaunpalika,524 7 70 4 002,70602,509,20,17,5,161,1,14,5,250,29,7
Doti,Shikhar Municipality,524 7 70 3 001,70604,1079,38,80,6,420,0,61,6,395,68,5
Gorkha,Aarughat Gaunpalika,524 4 36 4 006,40105,2290,101,265,65,949,32,210,99,414,78,77
Gorkha,Ajirkot Gaunpalika,524 4 36 4 002,40102,1579,152,195,101,476,19,124,33,308,100,71
Gorkha,Bhimsen Gaunpalika,524 4 36 4 007,40106,1738,130,172,15,566,16,112,50,436,147,94
Gorkha,Chumanubri Gaunpalika,524 4 36 4 001,40101,965,0,4,7,159,4,485,2,96,80,128
Gorkha,Dharche Gaunpalika,524 4 36 4 004,40104,969,49,55,17,296,11,165,9,205,82,80
Gorkha,Gandaki Gaunpalika,524 4 36 4 009,40111,2596,557,144,38,731,14,163,100,406,218,225
Gorkha,Gorkha Municipality,524 4 36 3 002,40109,10225,453,1842,163,2850,120,1067,419,1451,658,1202
Gorkha,Palungtar Municipality,524 4 36 3 001,40108,4029,481,496,73,1291,23,310,140,710,239,266
Gorkha,Shahid Lakhan Gaunpalika,524 4 36 4 008,40110,2560,145,104,9,870,26,544,129,390,117,226
Gorkha,Siranchowk Gaunpalika,524 4 36 4 005,40107,1832,110,216,27,549,18,196,52,476,109,79
Gorkha,Sulikot Gaunpalika,524 4 36 4 003,40103,1640,109,142,52,529,19,126,17,408,115,123
Gulmi,Chandrakot Gaunpalika,524 5 51 4 006,50403,1886,5,218,16,676,13,199,68,490,118,83
Gulmi,Chhatrakot Gaunpalika,524 5 51 4 007,50411,1544,80,197,2,448,41,150,34,436,73,83
Gulmi,Dhurkot Gaunpalika,524 5 51 4 003,50408,1254,76,88,15,369,16,85,25,427,73,80
Gulmi,Gulmi Durbar Gaunpaika,524 5 51 4 005,50410,1460,67,130,5,503,22,143,30,428,66,66
Gulmi,Isma Gaunpalika,524 5 51 4 004,50405,1307,58,99,17,431,15,113,8,395,63,108
Gulmi,Kali Gandaki Gaunpalika,524 5 51 4 010,40911,1138,70,85,6,316,20,103,22,332,84,100
Gulmi,Madane Gaunpalika,524 5 51 4 001,50407,1415,119,107,13,382,5,100,15,388,161,125
Gulmi,Malika Gaunpalika,524 5 51 4 002,40404,1489,61,128,31,522,23,100,21,450,60,93
Gulmi,Musikot Municipality,524 5 51 3 001,50404,2472,143,251,60,667,25,211,50,738,115,212
Gulmi,Resunga Municipality,524 5 51 3 002,50409,5060,110,500,102,1561,102,635,302,832,207,709
Gulmi,Ruru Gaunpalika,524 5 51 4 008,50412,2299,124,285,29,627,29,300,96,497,96,216
Gulmi,Satyawoti Gaunpalika,524 5 51 4 009,50402,1552,33,180,0,468,5,195,17,476,81,97
Humla,Adanchuli Gaunpalika,524 6 66 4 007,60306,1311,70,148,8,244,18,66,183,164,335,75
Humla,Chankheli Gaunpalika,524 6 66 4 005,60301,586,16,142,0,176,0,57,2,145,39,9
Humla,Kharpunath Gaunpalika,524 6 66 4 003,60302,607,8,215,4,107,0,82,1,133,44,13
Humla,Namkha Gaunpalika,524 6 66 4 001,60304,426,0,33,6,40,3,214,1,73,23,33
Humla,Sarkegad Gaunpalika,524 6 66 4 004,60305,712,0,221,4,130,3,74,10,194,72,4
Humla,Simkot Gaunpalika,524 6 66 4 002,60303,1575,16,194,80,343,111,236,44,233,79,239
Humla,Tanjakot Gaunpalika,524 6 66 4 006,60307,522,60,66,1,178,0,44,1,142,19,11
Ilam,Chulachuli Gaunpalika,524 1 03 4 004,11007,1198,83,63,22,505,5,109,26,300,39,46
Ilam,Deumai Municipality,524 1 03 3 001,11004,2742,108,500,0,981,19,237,64,631,85,117
Ilam,Fakfokathum Gaunpalika,524 1 03 4 001,11005,1579,51,299,21,446,7,84,25,434,44,168
Ilam,Illam Municipality,524 1 03 3 002,11003,7790,120,973,499,2208,80,1113,337,1485,334,641
Ilam,Mai Jogmai Gaunpalika,524 1 03 4 003,11001,1417,285,222,41,303,7,87,38,332,39,63
Ilam,Mai Municipality,524 1 03 3 004,11008,2156,420,150,60,648,6,132,37,472,37,194
Ilam,Mangsebung Gaunpalika,524 1 03 4 005,11006,1314,146,96,4,431,23,112,5,295,26,176
Ilam,Rong Gaunpalika,524 1 03 4 006,11010,926,44,28,0,327,15,156,6,284,32,34
Ilam,Sandakpur Gaunpalika,524 1 03 4 002,11002,1122,48,195,56,340,10,147,7,234,36,49
Ilam,Suryodaya Municipality,524 1 03 3 003,11009,6560,223,1450,36,2116,87,835,180,1067,137,429
Jajarkot,Barekot Gaunpalika,524 6 60 4 003,60701,764,21,32,18,237,9,38,0,351,54,4
Jajarkot,Bheri Malika Municipality,524 6 60 3 002,60706,2736,84,203,45,885,46,288,158,582,81,364
Jajarkot,Chhedagad Municipality,524 6 60 3 001,60704,1760,57,63,0,727,6,180,6,626,58,37
Jajarkot,Junichande Gaunpalika,524 6 60 4 001,60703,710,39,17,0,268,6,16,0,321,34,9
Jajarkot,Kuse Gaunpalika,524 6 60 4 002,60702,697,24,23,15,237,7,17,9,306,40,19
Jajarkot,Shivalaya Gaunpalika,524 6 60 4 004,60705,740,46,35,0,263,8,75,6,271,26,10
Jajarkot,Tribeni Nalagad Municipality,524 6 60 3 003,60707,1087,38,49,14,376,3,168,0,367,50,22
Jhapa,Arjundhara Municipality,524 1 04 3 004,11103,6521,126,932,103,2654,23,885,72,1074,172,480
Jhapa,Barhadashi Gaunpalika,524 1 04 4 005,11111,3682,150,798,24,862,15,259,69,534,43,928
Jhapa,Bhadrapur Municipality,524 1 04 3 008,11114,11538,150,1798,202,3092,275,1356,1878,1715,409,663
Jhapa,Birtamod Municipality,524 1 04 3 007,11112,22902,280,4119,311,8554,299,2714,811,2595,1966,1253
Jhapa,Buddhashanti Gaunpalika,524 1 04 4 002,11102,4403,85,752,61,1735,17,449,149,787,102,266
Jhapa,Damak Municipality,524 1 04 3 001,11107,19402,295,2582,201,7295,819,2430,963,2367,1084,1366
Jhapa,Gauradaha Municipality,524 1 04 3 006,11108,4687,104,805,39,1886,24,452,137,900,89,251
Jhapa,Gauriganj Gaunpalika,524 1 04 4 003,11109,2461,29,299,4,1075,0,309,41,481,49,174
Jhapa,Haldibari Gaunpalika,524 1 04 4 006,11113,3338,325,930,0,986,13,278,61,588,36,121
Jhapa,Jhapa Gaunpalika,524 1 04 4 004,11110,1963,62,314,0,740,9,214,47,400,54,123
Jhapa,Kachanakawal Gaunpalika,524 1 04 4 007,11115,4164,996,999,9,962,18,218,68,655,64,175
Jhapa,Kamal Gaunpalika,524 1 04 4 001,11106,3547,138,611,4,1255,19,403,103,748,49,217
Jhapa,Kankai Municipality,524 1 04 3 003,11104,5645,130,796,42,2247,34,683,194,935,123,461
Jhapa,Mechinagar Municipality,524 1 04 3 005,11101,17023,1093,4028,118,5716,230,2085,380,2104,310,959
Jhapa,Shivasatakshi Municipality,524 1 04 3 002,11105,5561,116,688,15,2186,40,643,183,1271,104,315
Jumla,Chandannath Municipality,524 6 63 3 001,60404,3147,75,156,41,1142,85,401,150,533,232,332
Jumla,Guthichaur Gaunpalika,524 6 63 4 007,60405,501,17,13,0,263,0,48,6,114,32,8
Jumla,Hima Gaunpalika,524 6 63 4 004,60408,571,7,7,3,240,1,90,2,185,33,3
Jumla,Kanaka Sundari Gaun Palika,524 6 63 4 001,60402,874,40,31,0,278,7,167,8,221,82,40
Jumla,Patarasi Gaunpalika,524 6 63 4 003,60401,821,48,14,24,371,4,48,4,243,42,23
Jumla,Sinja Gaunpalika,524 6 63 4 002,60403,810,30,32,4,300,7,88,31,236,26,56
Jumla,Tatopani Gaunpalika,524 6 63 4 006,60406,813,6,16,3,411,0,40,2,273,40,22
Jumla,Tila Gaunpalika,524 6 63 4 005,60407,926,3,37,0,427,0,94,17,254,50,44
Kailali,Bardagoriya Gaunpalika,524 7 71 4 005,70806,1509,7,146,2,729,4,180,51,270,33,87
Kailali,Bhajani Municipality,524 7 71 3 004,70811,1863,14,191,5,813,17,212,52,416,37,106
Kailali,Chure Gaunpalika,524 7 71 4 001,70802,1204,43,76,1,393,9,340,2,266,42,32
Kailali,Dhangadhi Sub-Metropolitian City,524 7 71 2 001,70813,22909,159,3585,389,8507,311,2640,1316,3493,842,1667
Kailali,Gauriganga Municipality,524 7 71 3 002,70804,2578,14,330,15,1116,4,245,43,567,69,175
Kailali,Ghodaghodi Municipality,524 7 71 3 003,70805,4081,55,331,51,1612,37,395,119,1146,123,212
Kailali,Godawari Municipality,524 7 71 3 001,30803,8531,319,1729,71,2997,130,1045,214,1188,335,503
Kailali,Janaki Gaunpalika,524 7 71 4 006,51105,2516,36,622,43,846,3,205,25,560,61,115
Kailali,Joshipur Gaunpalika,524 7 71 4 004,70809,2535,28,616,14,982,3,164,50,526,63,89
Kailali,Kailari Gaunpalika,524 7 71 4 002,70812,2542,63,623,0,816,5,204,50,486,102,193
Kailali,Lamki Chuha Municipality,524 7 71 3 006,70807,6476,57,1458,135,2387,38,784,301,886,137,293
Kailali,Mohanyal Gaunpalika,524 7 71 4 003,70801,802,19,41,0,322,0,82,4,297,29,8
Kailali,Tikapur Municipality,524 7 71 3 005,70810,9207,194,1418,112,3468,73,823,424,1594,497,604
Kalikot,Kalika Gaunpalika,524 6 64 4 005,30304,817,54,179,10,262,0,51,4,209,41,7
Kalikot,Khandachakra Municipality,524 6 64 3 002,60506,2347,51,165,83,735,45,433,63,391,51,330
Kalikot,Mahawai Gaunpalika,524 6 64 4 006,60508,454,19,63,5,134,0,49,0,144,36,4
Kalikot,Naraharinath Gaunpalika,524 6 64 4 001,60505,1028,38,75,43,384,4,55,0,367,50,12
Kalikot,Pachal Jharana Gaunpalika,524 6 64 4 003,60502,788,43,128,16,258,0,60,0,216,48,19
Kalikot,Palata Gaunpalika,524 6 64 4 004,60501,905,104,156,20,330,5,9,5,208,40,28
Kalikot,Raskot Municipality,524 6 64 3 001,60503,968,63,132,11,410,3,43,9,230,38,29
Kalikot,Sanni Tribeni Gaunpalika,524 6 64 4 002,60504,846,68,137,37,305,0,26,0,238,26,9
Kalikot,Tilagupha Municipality,524 6 64 3 003,60507,1047,48,82,41,312,3,174,16,296,45,30
Kanchanpur,Bedkot Municipality,524 7 72 3 003,70903,3211,82,875,56,1132,8,200,18,679,24,137
Kanchanpur,Beldandi Gaunpalika,524 7 72 3 006,70908,933,0,107,0,353,0,52,31,325,16,49
Kanchanpur,Belouri Municipality,524 7 72 4 001,70909,3964,13,1659,15,905,19,217,98,832,44,162
Kanchanpur,Bhimdatta Municipality,524 7 72 3 002,70904,14114,140,1959,491,4542,290,1625,692,2939,361,1075
Kanchanpur,Krishnapur Municipality,524 7 72 3 005,70901,2253,27,417,0,816,4,181,89,581,31,107
Kanchanpur,Laljhadi Gaunpalika,524 7 72 4 002,70906,1135,10,233,6,450,0,89,5,267,35,40
Kanchanpur,Mahakali Municipality,524 7 72 3 001,70303,2468,95,303,25,1021,0,237,45,571,40,131
Kanchanpur,Punarbas Municipality,524 7 72 3 007,70907,5071,5,1979,0,1395,32,426,69,811,55,299
Kanchanpur,Shuklaphanta Municipality,524 7 72 3 004,70902,2913,73,628,9,879,3,210,84,839,84,104
Kapilbastu,Banganga Municipality,524 5 49 3 003,50901,5954,122,733,44,2725,39,742,191,855,143,360
Kapilbastu,Bijayanagar Gaunpalika,524 5 49 4 001,50904,1046,54,247,0,359,0,95,8,204,42,37
Kapilbastu,Buddhabhumi Municipality,524 5 49 3 002,50902,5992,74,2554,35,1442,104,519,140,809,85,230
Kapilbastu,Kapilbastu Municipality,524 5 49 3 006,50907,5144,9,810,75,1922,73,514,116,922,178,525
Kapilbastu,Krishnanagar Municipality,524 5 49 3 004,50905,4481,42,1313,116,1462,32,454,76,572,177,237
Kapilbastu,Maharajganj Municipality,524 5 49 3 005,50906,3957,15,2236,0,866,4,145,15,487,61,128
Kapilbastu,Mayadevi Gaunpalika,524 5 49 4 003,50812,3034,71,902,8,1107,4,226,32,445,84,155
Kapilbastu,Shivaraj Municipality,524 5 49 3 001,50903,8612,76,3236,538,2471,81,666,151,1026,97,270
Kapilbastu,Shuddhodhan Gaunpalika,524 5 49 4 004,50806,1350,19,349,2,477,2,130,7,258,37,69
Kapilbastu,Yasodhara Gaunpalika,524 5 49 4 002,50908,1040,12,75,0,482,0,107,16,230,27,91
Kaski,Annapurna Gaunpalika,524 4 39 4 001,40401,3610,134,234,44,633,15,1682,104,531,70,163
Kaski,Machhapuchchhre Gaunpalika,524 4 39 4 002,40502,1816,167,134,2,437,7,383,48,520,58,60
Kaski,Madi Gaunpalika,524 4 39 4 003,10209,1053,25,54,4,306,6,150,25,375,72,36
Kaski,Pokhara Lekhnath Metropolitian City,524 4 39 1 001,40504,104469,1515,11143,1130,33146,1620,19489,5898,16958,6031,7539
Kaski,Rupa Gaunpalika,524 4 39 4 004,40505,870,60,53,3,179,14,133,15,346,47,20
Kathmandu,Budhanilkhantha Municipality,524 3 27 3 003,30604,21152,435,2969,229,6947,268,2751,753,4728,665,1407
Kathmandu,Chandragiri Municipality,524 3 27 3 008,30610,26043,429,7762,408,8338,385,2988,1024,2537,685,1487
Kathmandu,Dakshinkali Municipality,524 3 27 3 010,30611,5618,172,1132,323,1309,36,902,240,780,174,550
Kathmandu,Gokarneshwor Municipality,524 3 27 3 004,30603,19968,64,3025,120,6787,106,3036,826,2989,1869,1146
Kathmandu,Kageshwori Manahara Municipality,524 3 27 3 006,30602,10274,107,2129,117,3876,37,1304,306,1678,103,617
Kathmandu,Kathmandu Metropolitian City,524 3 27 1 001,30601,440604,916,29658,9248,119917,20800,57544,56810,48446,23280,73985
Kathmandu,Kirtipur Municipality,524 3 27 3 009,30609,15013,179,2076,334,4066,351,2040,593,3232,628,1514
Kathmandu,Nagarjun Municipality,524 3 27 3 005,30607,11164,134,1801,211,4076,111,1414,296,2347,129,645
Kathmandu,Shankharapur Municipality,524 3 27 3 007,30601,3459,0,280,102,935,12,757,650,428,94,201
Kathmandu,Tarakeshwor Municipality,524 3 27 3 001,30507,12429,89,2317,173,4297,13,1620,1028,1950,121,821
Kathmandu,Tokha Municipality,524 3 27 3 002,30605,24278,245,2319,309,7317,78,3897,1553,3248,2297,3015
Kavrepalanchok,Banepa Municipality,524 3 24 3 002,30904,21356,411,2661,347,5035,393,1754,6082,2523,1074,1076
Kavrepalanchok,Bethanchowk Gaunpalika,524 3 24 4 003,30910,1285,168,164,98,233,8,135,56,325,50,48
Kavrepalanchok,Bhumlu Gaunpalika,524 3 24 4 001,30902,983,40,51,7,244,3,188,50,302,66,32
Kavrepalanchok,Chauri Deurali Gaunpalika,524 3 24 4 002,30901,1204,65,88,26,236,1,107,12,450,116,103
Kavrepalanchok,Dhulikhel Municipality,524 3 24 3 003,30905,6393,196,392,18,1176,61,1529,166,1167,1246,442
Kavrepalanchok,Khanikhola Gaunpalika,524 3 24 4 006,30913,572,21,33,8,132,19,26,18,240,35,40
Kavrepalanchok,Mahabharat Gaunpalika,524 3 24 4 007,30912,709,61,43,14,182,16,33,2,299,33,26
Kavrepalanchok,Mandan Deupur Municipality,524 3 24 3 001,30903,3505,180,737,98,714,6,760,109,576,114,211
Kavrepalanchok,Namobuddha Municipality,524 3 24 3 006,30908,3134,173,872,85,681,12,492,106,503,98,112
Kavrepalanchok,Panauti Municipality,524 3 24 3 005,30909,6495,244,1246,254,1560,38,830,418,1283,204,418
Kavrepalanchok,Panchkhal Municipality,524 3 24 3 004,30906,5396,416,1725,75,1155,48,753,175,754,127,168
Kavrepalanchok,Roshi Gaunpalika,524 3 24 4 004,30911,2265,160,154,237,435,15,218,75,569,190,212
Kavrepalanchok,Temal Gaunpalika,524 3 24 4 005,30907,1278,113,110,4,395,0,110,17,364,124,41
Khotang,Aiselukharka Gaunpalika,524 1 12 4 001,10502,990,115,40,20,274,27,45,42,330,56,41
Khotang,Baraha Pokhari Gaunpalika,524 1 12 4 007,10510,531,71,34,2,140,21,6,0,195,43,19
Khotang,Diprung Gaunpalika,524 1 12 4 004,10507,1074,116,63,8,337,21,44,8,378,64,35
Khotang,Halesi Tuwachung Municipality,524 1 12 3 001,10504,1514,72,72,0,403,43,231,35,525,87,46
Khotang,Jante Dhunga Gaunpalika,524 1 12 4 008,10509,613,65,29,0,129,29,43,8,241,46,23
Khotang,Kepilasgadhi Gaunpalika,524 1 12 4 002,10501,669,65,37,30,113,28,35,18,274,55,14
Khotang,Khotehang Gaunpalika,524 1 12 4 006,10508,1056,117,87,20,195,34,72,22,401,68,40
Khotang,Lamidanda Gaunpalika,524 1 12 4 003,10503,588,61,30,4,126,19,34,4,226,48,36
Khotang,Rupakot Majhuwagadhi Municipality,524 1 12 3 002,10505,3714,149,283,224,994,122,361,181,967,187,246
Khotang,Sakela Gaunpalika,524 1 12 4 005,10506,565,121,54,22,101,10,7,5,201,24,20
Lalitpur,Bagmati Gaunpalika,524 3 25 4 001,20503,1684,97,556,21,295,3,91,65,378,29,149
Lalitpur,Godawari Municipality,524 3 25 3 001,30803,15555,704,5385,266,3476,65,1609,637,2270,386,757
Lalitpur,Konjyosom Gaunpalika,524 3 25 4 002,30804,1604,171,57,78,209,6,141,45,184,203,510
Lalitpur,Lalitpur Metropolitian City,524 3 25 1 001,30801,97588,374,13314,3245,24226,6789,11052,4934,14671,7190,11793
Lalitpur,Mahalaxmi Municipality,524 3 25 3 002,10701,12633,108,2587,81,4373,84,1521,423,2100,574,782
Lalitpur,Mahankal Gaunpalika,524 3 25 4 003,30805,5344,187,113,22,211,15,67,35,252,155,4287
Lamjung,Bensi Shahar Municipality,524 4 37 3 002,40605,12466,213,559,160,1689,129,771,7157,1003,350,435
Lamjung,Dordi Gaunpalika,524 4 37 4 003,40601,1186,39,38,58,356,30,71,20,421,114,39
Lamjung,Dudhapokhari Gaunpalika,524 4 37 4 004,40608,802,60,21,12,213,17,74,29,224,100,52
Lamjung,Kwhola Sothar Gaunpalika,524 4 37 4 001,40603,868,75,43,44,173,8,169,16,229,64,47
Lamjung,Madhya Nepal Municipality,524 4 37 3 001,40604,2945,142,460,43,934,38,260,131,657,177,103
Lamjung,Marshyangdi Gaunpalika,524 4 37 4 002,40602,1689,16,99,163,352,12,341,82,459,113,52
Lamjung,Rainas Municipality,524 4 37 3 004,40607,1571,45,169,6,569,4,143,57,438,82,58
Lamjung,Sundarbazar Municipality,524 4 37 3 003,40606,7868,212,445,125,1052,59,303,4344,915,186,227
Mahottari,Aurahi Municipality,524 2 18 3 003,20216,1335,11,105,0,902,0,65,35,153,8,56
Mahottari,Balawa Municipality,524 2 18 3 007,20407,2189,2,195,0,1358,0,255,63,155,43,118
Mahottari,Bardibas Municipality,524 2 18 3 001,20401,6750,79,549,339,2827,112,785,826,834,221,178
Mahottari,Bhangaha Municipality,524 2 18 3 004,20405,1809,28,238,0,999,0,150,11,232,37,114
Mahottari,Ekadara Gaunpalika,524 2 18 4 003,20411,2656,204,186,4,704,7,107,344,587,8,505
Mahottari,Gaushala Municipality,524 2 18 3 002,20402,3790,89,1013,14,1489,20,235,0,605,92,233
Mahottari,Jaleshwor Municipality,524 2 18 3 009,20415,4261,14,687,71,1545,20,397,131,825,144,427
Mahottari,Loharpatti Municipality,524 2 18 3 008,20406,2043,2,220,0,1090,1,188,64,255,41,182
Mahottari,Mahottari Gaunpalika,524 2 18 4 004,20412,461,0,35,0,222,0,16,2,159,0,27
Mahottari,Manara Shisawa Municipality,524 2 18 3 006,20410,2267,116,610,1,799,2,165,13,282,67,212
Mahottari,Matihani Municipality,524 2 18 3 010,20414,2098,0,475,0,833,3,141,113,377,23,133
Mahottari,Pipara Gaunpalika,524 2 18 4 005,20413,1382,11,111,0,701,0,125,30,216,22,166
Mahottari,Ram Gopalpur Municipality,524 2 18 3 005,20408,3056,30,1230,1,1125,4,164,44,309,50,99
Mahottari,Samsi Gaunpalika,524 2 18 4 002,20409,1284,5,156,0,606,0,137,45,126,112,97
Mahottari,Sonama Gaunpalika,524 2 18 4 001,20403,1617,6,466,0,843,2,45,28,139,40,48
Makwanpur,Bagmati Gaunpalika,524 3 31 4 008,20503,1333,23,185,13,517,6,115,31,365,32,46
Makwanpur,Bakaiya Gaunpalika,524 3 31 4 007,31209,1903,142,233,37,661,12,111,29,533,56,89
Makwanpur,Bhimphedi Gaunpalika,524 3 31 4 004,31207,1419,36,72,152,354,3,239,61,380,53,69
Makwanpur,Hetauda Sub-Metropolitian City,524 3 31 2 001,31206,31588,481,7959,1242,9634,690,3347,1114,3572,1165,2384
Makwanpur,Indrasarowar Gaunpalika,524 3 31 4 005,31201,1066,28,57,68,297,5,340,35,180,31,25
Makwanpur,Kailash Gaunpalika,524 3 31 4 003,31203,855,25,85,16,259,0,82,26,262,27,73
Makwanpur,Makawanpurgadhi Gaunpalika,524 3 31 4 006,31208,1456,176,197,136,352,5,103,34,362,39,52
Makwanpur,Manahari Gaunpalika,524 3 31 4 001,31205,2968,162,315,112,1259,6,420,94,468,50,82
Makwanpur,Raksirang Gaunpalika,524 3 31 4 002,31204,740,34,74,0,222,0,64,5,279,23,39
Makwanpur,Thaha Municipality,524 3 31 3 001,31202,3254,95,441,143,786,38,666,212,637,65,171
Manang,Chame Gaunpalika,524 4 38 4 003,40203,450,12,7,18,55,13,180,46,61,23,35
Manang,Naraphu Gaunpalika,524 4 38 4 002,40201,104,0,4,10,0,0,58,0,11,13,8
Manang,Nashong Gaunpalika,524 4 38 4 004,40204,473,27,1,12,25,0,276,0,106,20,6
Manang,Neshang Gaunpalika,524 4 38 4 001,40202,668,71,3,5,19,12,425,4,69,39,21
Morang,Belbari Municipality,524 1 05 3 003,11205,6196,59,600,10,2825,19,741,209,1237,218,278
Morang,Biratnagar Metropolitian City,524 1 05 1 001,11214,46796,97,10005,495,13022,1062,4991,2043,6732,5254,3095
Morang,Budhiganga Gaunpalika,524 1 05 4 004,11213,12773,164,8979,244,1574,65,477,168,617,338,147
Morang,Dhanapalthan Gaunpalika,524 1 05 4 008,11216,5779,154,3759,0,920,11,262,49,453,72,99
Morang,Gramthan Gaunpalika,524 1 05 4 005,11212,3564,43,815,21,1112,24,266,183,792,112,196
Morang,Jahada Gaunpalika,524 1 05 4 007,11217,1618,35,180,0,747,0,138,18,371,51,78
Morang,Kanepokhari Gaunpalika,524 1 05 4 003,11206,2970,40,389,0,1369,4,367,79,565,33,124
Morang,Katahari Gaunpalika,524 1 05 4 006,11215,6004,67,3551,147,1096,1,231,379,382,25,125
Morang,Kerabari Gaunpalika,524 1 05 4 001,11203,2200,19,198,97,879,24,184,121,547,61,70
Morang,Letang Municipality,524 1 05 3 001,11202,3146,60,339,140,1204,11,432,110,650,57,143
Morang,Miklajung Gaunpalika,524 1 05 4 002,10908,2009,31,182,22,836,0,210,30,589,45,64
Morang,Pathari Shanishchare Municipality,524 1 05 3 004,11207,6122,74,894,0,2778,46,769,173,884,212,292
Morang,Rangeli Municipality,524 1 05 3 006,11211,6049,315,2712,84,1492,8,392,131,568,149,198
Morang,Ratuwamai Municipality,524 1 05 3 008,11209,4036,21,796,12,1512,14,470,117,792,50,252
Morang,Sundarharaicha Municipality,524 1 05 3 002,11204,9016,138,1712,141,3375,54,1129,262,1626,170,409
Morang,Sunwarshi Municipality,524 1 05 3 007,11210,2130,18,268,7,954,9,318,29,367,36,124
Morang,Urlabari Municipality,524 1 05 3 005,11208,7479,152,1120,20,3282,58,909,283,1040,250,365
Mugu,Chhayanath Rara Municipality,524 6 65 3 001,60202,2725,67,101,27,719,48,536,364,342,128,393
Mugu,Khatyad Gaunpalika,524 6 65 4 001,60204,1882,50,41,7,252,5,153,576,318,344,136
Mugu,Mugumakarmarog Gaunpalika,524 6 65 4 003,60201,372,2,18,2,31,1,136,0,90,29,63
Mugu,Soru Gaunpalika,524 6 65 4 002,60203,870,2,41,7,359,5,86,5,244,41,80
Mustang,Bahragaun Muktikshetra Gaunpalika,524 4 45 4 003,40303,563,2,8,0,28,9,358,6,85,22,45
Mustang,Dalome Gaunpalika,524 4 45 4 002,40301,234,18,11,0,34,10,112,0,32,15,2
Mustang,Gharpajhong Gaunpalika,524 4 45 4 004,40302,1354,0,90,510,130,10,295,94,131,48,46
Mustang,Lomanthang Gaunpalika,524 4 45 4 001,40304,266,0,20,0,50,5,140,0,33,9,9
Mustang,Thasang Gaunpalika,524 4 45 4 005,40305,689,4,28,0,155,8,254,4,189,22,25
Myagdi,Annapurna Gaunpalika,524 4 44 4 003,40401,2296,127,147,401,480,29,508,59,342,147,56
Myagdi,Beni Municipality,524 4 44 3 001,40406,7261,722,693,75,2125,292,588,366,1046,651,703
Myagdi,Dhawalagiri Gaunpalika,524 4 44 4 001,40403,2044,228,373,124,489,73,161,88,273,92,143
Myagdi,Malika Gaunpalika,524 4 44 4 004,40404,1917,99,266,46,588,12,120,248,358,124,56
Myagdi,Mangala Gaunpalika,524 4 44 4 005,40405,1559,166,218,12,459,13,54,80,386,115,56
Myagdi,Raghuganga Gaunpalika,524 4 44 4 002,40402,1575,253,165,20,406,15,93,38,293,201,91
Nawalparasi West,Bardaghat Municipality,524 5 76 3 002,50701,15256,201,1860,76,2583,67,666,6674,993,1505,631
Nawalparasi East,Binayi Tribeni Gaunpalika,524 4 47 4 004,40808,3127,50,389,151,1078,21,673,61,555,71,78
Nawalparasi East,Bulingtar Gaunpalika,524 4 47 4 002,40802,1135,10,52,38,461,25,39,32,328,89,61
Nawalparasi East,Bungdikali Gaunpalika,524 4 47 4 001,40803,1153,47,80,58,368,8,54,66,331,79,62
Nawalparasi East,Devchuli Municipality,524 4 47 3 003,40805,6553,107,1904,162,2182,28,671,163,1010,164,162
Nawalparasi East,Gaidakot Municipality,524 4 47 3 004,40801,9937,507,2339,96,2805,106,1170,614,1701,172,427
Nawalparasi East,Hupsekot Gaunpalika,524 4 47 4 003,40804,1832,140,171,25,685,7,121,56,521,49,57
Nawalparasi East,Kawasoti Municipality,524 4 47 3 002,40806,10207,224,2212,150,3640,70,1186,317,1367,439,602
Nawalparasi East,Madhya Bindu Municipality,524 4 47 3 001,40807,4452,128,1162,32,1536,28,419,118,859,67,103
Nawalparasi West,Palhinandan Gaunpalika,524 5 76 4 001,50704,1776,11,190,13,778,2,212,14,390,40,126
Nawalparasi West,Pratapapur Gaunpalika,524 5 76 4 003,50706,3225,68,510,67,1458,6,277,80,555,74,130
Nawalparasi West,Ramgram Municipality,524 5 76 3 003,50703,8105,118,2374,118,2689,519,631,190,883,178,405
Nawalparasi West,Sarawal Gaunpalika,524 5 76 4 002,50705,3242,38,1572,0,895,1,216,14,322,72,112
Nawalparasi West,Sunawal Municipality,524 5 76 3 001,50702,8736,200,2463,149,2765,134,890,301,1449,61,324
Nawalparasi West,Susta Gaunpalika,524 5 76 4 004,50707,3526,34,951,8,885,9,176,911,417,42,93
Nuwakot,Belkotgadhi Municipality,524 3 28 3 002,30508,5069,357,2106,265,815,43,227,200,667,151,238
Nuwakot,Bidur Municipality,524 3 28 3 001,30504,10480,397,1460,296,3089,171,1430,755,1650,229,1003
Nuwakot,Dupcheshwor Gaunpalika,524 3 28 4 008,30501,1994,146,219,38,427,3,195,53,341,260,312
Nuwakot,Kakani Gaunpalika,524 3 28 4 009,30512,1958,379,160,21,392,8,240,105,424,69,160
Nuwakot,Kispang Gaunpalika,524 3 28 4 002,30505,1090,169,111,0,247,0,103,16,242,67,135
Nuwakot,Likhu Gaunpalika,524 3 28 4 006,10405,1833,237,229,70,627,2,150,62,288,54,114
Nuwakot,Meghang Gaunpalika,524 3 28 4 001,30506,1404,176,127,14,270,2,96,32,247,49,391
Nuwakot,Panchakanya Gaunpalika,524 3 28 4 007,30510,1012,64,207,54,283,4,39,29,235,36,61
Nuwakot,Shivapuri Gaunpalika,524 3 28 4 010,30511,1134,203,65,7,218,31,113,27,349,76,45
Nuwakot,Suryagadhi Gaunpalika,524 3 28 4 004,30503,1425,285,102,33,329,0,76,113,297,39,151
Nuwakot,Tadi Gaunpalika,524 3 28 4 005,30502,1614,153,172,81,394,1,134,68,332,81,198
Nuwakot,Tarakeshwor Gaunpalika,524 3 28 4 003,30507,1116,92,138,0,285,14,75,34,280,74,124
Okhaldhunga,Champadevi Gaunpalika,524 1 13 4 004,10406,734,5,16,0,247,21,63,4,316,60,2
Okhaldhunga,Chishankhu Gadhi Gaunpalika,524 1 13 4 006,10401,4163,1975,78,0,454,24,48,4,326,605,649
Okhaldhunga,Khiji Demba Gaunpalika,524 1 13 4 001,10404,4470,1044,72,125,419,23,138,117,275,870,1387
Okhaldhunga,Likhu Gaunpalika,524 1 13 4 002,10405,1154,19,61,35,331,12,34,60,238,146,218
Okhaldhunga,Manebhanjyang Gaunpalika,524 1 13 4 007,10408,1634,189,81,12,521,15,138,78,392,81,127
Okhaldhunga,Molung Gaunpalika,524 1 13 4 003,10403,2914,123,183,125,435,10,130,597,350,490,471
Okhaldhunga,Siddhicharan Municipality,524 1 13 3 001,10402,5622,267,252,131,1389,104,433,867,702,450,1027
Okhaldhunga,Sunkoshi Gaunpalika,524 1 13 4 005,10407,1340,133,51,3,405,16,76,78,347,145,86
Palpa,Baganaskali Gaunpalika,524 5 46 4 005,50604,1812,99,147,12,560,8,215,41,465,138,127
Palpa,Mathagadhi Gaunpalika,524 5 46 4 004,50609,1499,30,205,19,596,3,117,35,420,46,28
Palpa,Nisdi Gaunpalika,524 5 46 4 008,50610,1464,122,65,12,531,10,159,6,503,40,16
Palpa,Purbakhola Gaunpalika,524 5 46 4 006,50602,1325,44,107,4,477,5,151,13,439,62,23
Palpa,Rainadevi Chhahara Gaunpalika,524 5 46 4 001,50607,1215,42,90,0,471,3,125,21,434,21,8
Palpa,Rambha Gaunpalika,524 5 46 4 007,50603,1560,62,134,16,568,8,165,67,407,83,50
Palpa,Rampur Municipality,524 5 46 3 002,50601,4020,65,590,14,1539,53,420,189,903,151,96
Palpa,Ribdikot Gaunpalika,524 5 46 4 003,50606,1696,110,108,12,615,8,214,55,434,72,68
Palpa,Tansen Municipality,524 5 46 3 001,50605,8891,153,738,172,2678,174,1369,347,1580,1303,377
Palpa,Tinau Gaunpalika,524 5 46 4 002,50608,1420,104,55,0,428,6,324,27,368,74,34
Panchthar,Falelung Gaunpalika,524 1 02 4 003,10903,1583,51,169,94,485,12,23,37,406,55,251
Panchthar,Falgunanda Gaunpalika,524 1 02 4 005,10905,1264,14,124,7,420,14,118,34,453,48,32
Panchthar,Hilihan Gaunpalika,524 1 02 4 001,10902,1222,16,145,32,373,3,131,22,375,51,74
Panchthar,Kummayak Gaunpalika,524 1 02 4 004,10906,929,56,66,11,268,14,68,49,314,46,37
Panchthar,Miklajung Gaunpalika,524 1 02 4 007,10908,1777,29,179,4,632,29,163,51,536,63,91
Panchthar,Phidim Municipality,524 1 02 3 001,10904,4841,184,548,229,1513,200,601,251,883,170,262
Panchthar,Tumbewa Gaunpalika,524 1 02 4 006,10907,634,14,57,1,183,2,29,3,281,36,28
Panchthar,Yangbarak Gaunpalika,524 1 02 4 002,10107,1284,15,124,56,511,21,51,60,366,41,39
Parbat,Bihadi Gaunpalika,524 4 42 4 003,41006,863,12,46,3,267,32,106,6,336,37,18
Parbat,Jaljala Gaunpalika,524 4 42 4 001,41002,2457,211,342,89,889,18,226,29,466,95,92
Parbat,Kushma Municipality,524 4 42 3 001,41003,4046,146,484,42,1323,64,486,316,903,135,147
Parbat,Mahashila Gaunpalika,524 4 42 4 004,41005,606,12,18,9,171,8,61,10,251,51,15
Parbat,Modi Gaunpalika,524 4 42 4 002,41001,1803,78,191,18,592,23,145,45,559,74,78
Parbat,Paiyu Gaunpalika,524 4 42 4 005,41007,1416,68,146,4,488,14,135,53,413,47,48
Parbat,Phalebas Municipality,524 4 42 3 002,41004,1792,62,174,31,490,42,169,66,606,94,58
Parsa,Bahudarmai Municipality,524 2 34 3 002,20808,2010,45,282,0,728,9,85,60,319,314,168
Parsa,Bindabasini Gaunpalika,524 2 34 4 010,20814,1054,48,154,0,497,5,70,20,201,19,40
Parsa,Birgunj Metropolitian City,524 2 34 1 001,20807,32910,31,6408,221,12043,636,2657,1413,4146,3061,2294
Parsa,Chhipaharmai Gaunpalika,524 2 34 4 007,20812,884,4,82,0,452,14,54,7,164,44,63
Parsa,Dhobini Gaunpalika,524 2 34 4 006,20811,717,28,121,22,305,6,30,23,127,31,24
Parsa,Jagarnathpur Gaunpalika,524 2 34 4 005,20803,1325,24,637,4,437,5,48,1,119,33,17
Parsa,Jirabhawani Gaunpalika,524 2 34 4 002,20802,949,3,127,0,461,10,71,40,155,36,46
Parsa,Kalikamai Gaunpalika,524 2 34 4 008,20810,456,36,22,6,192,5,14,5,115,17,44
Parsa,Pakaha Mainpur Gaunpalika,524 2 34 4 009,20813,780,47,96,0,344,15,31,5,146,27,69
Parsa,Parsagadhi Municipality,524 2 34 3 003,20806,2728,19,593,349,925,54,153,116,334,92,93
Parsa,Paterwa Sugauli Gaunpalika,524 2 34 4 003,20804,797,0,104,0,458,3,46,16,125,12,33
Parsa,Pokhariya Municipality,524 2 34 3 001,20809,2086,9,449,5,852,10,111,89,262,100,199
Parsa,Sakhuwa Prasauni Gaunpalika,524 2 34 4 004,20805,2029,37,381,0,1055,1,163,18,231,29,114
Parsa,Thori Gaunpalika,524 2 34 4 001,20801,1385,24,156,6,575,11,188,59,289,30,47
Pyuthan,Aairawati Gaunpalika,524 5 55 4 007,50308,2621,546,255,138,899,16,167,32,357,50,161
Pyuthan,Gaumukhi Gaunpalika,524 5 55 4 002,50301,1680,471,71,94,368,18,75,45,360,47,131
Pyuthan,Jhimaruk Gaunpalika,524 5 55 4 003,50303,2392,491,110,128,636,8,92,150,484,37,256
Pyuthan,Mallarani Gaunpalika,524 5 55 4 005,50307,2228,290,99,128,496,229,125,101,472,47,241
Pyuthan,Mandavi Gaunpalika,524 5 55 4 004,50306,1518,271,54,107,386,20,154,137,262,50,77
Pyuthan,Naubahini Gaunpalika,524 5 55 4 001,50302,1738,337,79,23,597,11,95,28,409,64,95
Pyuthan,Pyuthan Municipality,524 5 55 3 002,50304,4771,532,288,168,1404,48,484,286,740,148,673
Pyuthan,Sarumarani Gaunpalika,524 5 55 4 006,50309,1620,471,137,59,413,7,128,27,253,21,104
Pyuthan,Sworgadwari Municipality,524 5 55 3 001,50305,2805,572,200,113,720,20,177,69,577,66,291
Ramechhap,Doramba Gaunpalika,524 3 21 4 002,31007,3692,1103,150,27,422,11,102,628,391,124,734
Ramechhap,Gokulganga Gaunpalika,524 3 21 4 003,31002,1705,268,149,53,377,3,208,190,354,46,57
Ramechhap,Khandadevi Gaunpalika,524 3 21 4 005,31006,2881,673,48,60,402,4,96,103,422,548,525
Ramechhap,Likhu Gaunpalika,524 3 21 4 006,10405,2597,529,119,43,510,10,147,281,367,98,493
Ramechhap,Manthali  Municipality,524 3 21 3 001,31005,4772,546,460,129,1227,31,461,587,769,235,327
Ramechhap,Ramechhap Municipality,524 3 21 3 002,31004,2716,566,119,38,510,17,170,377,485,272,162
Ramechhap,Sunapati Gaunpalika,524 3 21 4 001,31008,1981,635,283,18,304,16,55,134,314,67,155
Ramechhap,Umakunda Gaunpalika,524 3 21 4 004,31001,2474,225,116,380,423,14,188,421,284,129,294
Rasuwa,Gosaikunda Gaunpalika,524 3 29 4 002,30301,1419,3,46,106,207,26,759,89,90,47,46
Rasuwa,Kalika Gaunpalika,524 3 29 4 004,30304,948,50,75,10,325,9,182,25,185,22,65
Rasuwa,Naukunda Gaunpalika,524 3 29 4 005,30305,552,39,37,0,224,0,24,0,190,25,13
Rasuwa,Parbatikunda Gaunpalika,524 3 29 4 001,30302,598,32,3,172,97,6,65,2,105,34,82
Rasuwa,Uttargaya Gaunpalika,524 3 29 4 003,30303,657,32,68,12,201,4,65,49,183,21,22
Rautahat,Boudhimai Municipality,524 2 32 3 010,20611,1455,20,405,8,524,31,80,28,226,32,101
Rautahat,Brindaban Municipality,524 2 32 3 005,20605,2947,33,1801,1,649,21,42,9,179,39,173
Rautahat,Chandrapur Municipality,524 2 32 3 002,20601,9285,216,2355,136,3441,104,881,267,1119,246,520
Rautahat,Dewahi Gonahi Municipality,524 2 32 3 007,20609,559,0,46,0,295,4,15,0,145,25,29
Rautahat,Durga Bhagawati Gaunpalika,524 2 32 4 002,20615,736,0,68,2,350,9,44,10,171,39,43
Rautahat,Gadhimai Municipality,524 2 32 3 009,20606,1227,0,252,0,575,11,50,10,215,48,66
Rautahat,Garuda Municipality,524 2 32 3 008,20608,5377,100,1669,62,1972,62,258,146,564,170,374
Rautahat,Gaur Municipality,524 2 32 3 015,20617,3915,0,347,3,1475,372,338,177,598,273,332
Rautahat,Gujara Municipality,524 2 32 3 001,20602,3799,8,1181,27,846,13,89,7,383,41,1204
Rautahat,Ishanath Municipality,524 2 32 3 013,20618,1172,8,213,0,442,7,156,5,223,34,84
Rautahat,Katahariya Municipality,524 2 32 3 004,20604,3001,235,1338,8,756,17,100,88,261,69,129
Rautahat,Madhav Narayan Municipality,524 2 32 3 011,20607,1878,8,1074,0,403,12,52,2,229,54,44
Rautahat,Maulapur Municipality,524 2 32 3 006,20610,783,28,103,3,386,0,70,2,118,3,70
Rautahat,Paroha Municipality,524 2 32 3 012,20612,801,17,104,17,361,1,48,2,134,48,69
Rautahat,Phatuwa Bijayapur Municipality,524 2 32 3 003,20603,1603,33,118,0,625,6,80,10,168,114,449
Rautahat,Rajdevi Municipality,524 2 32 3 016,20616,703,20,52,0,311,0,19,0,227,25,49
Rautahat,Rajpur Municipality,524 2 32 3 014,20613,1386,15,220,1,619,1,150,6,139,48,187
Rautahat,Yamunamai Gaunpalika,524 2 32 4 001,20614,638,2,123,2,339,3,44,3,43,29,50
Rolpa,Duikholi Gaunpalika,524 5 54 4 002,50203,1144,171,37,0,328,25,70,2,347,18,146
Rolpa,Lungri Gaunpalika,524 5 54 4 008,50210,638,0,88,4,162,9,12,0,238,118,7
Rolpa,Madi Gaunpalika,524 5 54 4 004,10209,920,51,91,8,238,15,141,21,248,36,71
Rolpa,Rolpa Municipality,524 5 54 3 001,50207,3352,49,367,34,849,326,410,87,648,137,445
Rolpa,Runtigadhi Gaunpalika,524 5 54 4 009,50208,2561,9,148,0,370,43,135,702,434,690,30
Rolpa,Subarnabati Gaunpalika,524 5 54 4 001,50204,2079,38,353,2,661,14,239,79,399,194,100
Rolpa,Sukidaha Gaunpalika,524 5 54 4 005,50201,986,3,86,23,338,7,112,4,341,38,34
Rolpa,Sunchhahari Gaunpalika,524 5 54 4 007,50209,1930,333,137,5,266,5,57,14,219,619,275
Rolpa,Thawang Gaunpalika,524 5 54 4 003,50202,716,79,87,3,198,4,35,23,179,27,81
Rolpa,Tribeni Gaunpalika,524 5 54 4 006,50206,1130,10,69,2,326,1,114,5,369,195,39
Rukum West,Aathabisakot Municipality,524 6 52 3 001,60605,1395,29,86,5,565,6,173,27,409,42,53
Rukum West,Banphikot Gaunpalika,524 6 52 4 002,60803,876,24,36,13,269,10,60,3,389,48,24
Rukum East,Bhoome Gaunpalika,524 5 77 4 003,50103,745,6,17,7,283,11,62,3,291,46,19
Rukum West,Chaurjahari Municipality,524 6 52 3 002,60806,1642,6,164,16,527,16,184,60,491,139,39
Rukum West,Musikot Municipality,524 6 52 3 003,50404,4105,54,415,76,1221,113,472,198,864,177,515
Rukum East,Putha Uttanganga Gaunpalika,524 5 77 4 002,50101,712,0,13,15,244,8,39,2,317,46,28
Rukum West,Sanibheri Gaunpalika,524 6 52 4 001,60802,1018,43,81,14,302,7,64,31,400,50,26
Rukum East,Sisne Gaunpalika,524 5 77 4 001,50102,1145,2,75,0,523,7,103,30,320,42,43
Rukum West,Tribeni Gaunpalika,524 6 52 4 003,50206,1144,24,81,8,453,3,111,10,387,36,31
Rupandehi,Butwal Sub-Metropolitian City,524 5 48 2 001,50802,38156,143,6037,379,16011,608,5067,1332,4527,2020,2032
Rupandehi,Devdaha Municipality,524 5 48 3 002,50801,7471,78,1821,31,2895,36,659,180,1180,284,307
Rupandehi,Gaidahawa Gaunpalika,524 5 48 4 003,50805,2558,20,242,17,1256,4,295,65,457,27,175
Rupandehi,Kanchan Gaunpalika,524 5 48 4 001,50804,2992,44,514,1,1307,7,338,56,580,4,141
Rupandehi,Kotahimai Gaunpalika,524 5 48 4 008,50814,2410,21,719,0,921,5,212,48,352,24,108
Rupandehi,Lumbini Sanskritik Municipality,524 5 48 3 004,50813,4868,19,675,15,2013,15,953,63,745,68,302
Rupandehi,Marchawari Gaunpalika,524 5 48 4 010,50816,1468,27,147,0,811,3,149,7,237,6,81
Rupandehi,Mayadevi Gaunpalika,524 5 48 4 005,50812,10740,14,7212,46,1993,49,432,21,712,12,249
Rupandehi,Om Satiya Gaunpalika,524 5 48 4 006,50809,5131,130,1908,9,1930,85,491,27,321,46,184
Rupandehi,Rohini Gaunpalika,524 5 48 4 007,50810,4260,85,1587,18,1547,12,287,38,465,41,180
Rupandehi,Sainamaina Municipality,524 5 48 3 001,50803,6760,84,1374,87,2816,48,755,144,1099,62,291
Rupandehi,Sammarimai Gaunpalika,524 5 48 4 009,50815,2043,56,223,30,1006,9,201,12,296,55,155
Rupandehi,Siddharthanagar Municipality,524 5 48 3 005,50811,16817,87,2431,265,6255,291,2482,815,1719,780,1692
Rupandehi,Siyari Gaunpalika,524 5 48 4 004,50807,4645,785,1133,131,1350,11,356,90,576,32,181
Rupandehi,Suddhodhan Gaunpalika,524 5 48 4 002,50806,4371,204,1412,2,1595,18,331,84,551,10,164
Rupandehi,Tilottama Municipality,524 5 48 3 003,50808,20082,486,5714,434,6200,115,1818,639,3077,429,1170
Salyan,Bagachour Municipality,524 6 53 3 002,60905,3713,511,457,66,1118,28,350,137,691,174,181
Salyan,Banagad Kupinde Municipality,524 6 53 3 001,60903,1636,54,123,0,699,13,177,40,467,49,14
Salyan,Chhatreshwori Gaunpalika,524 6 53 4 005,60906,1124,173,82,5,341,9,63,7,356,55,33
Salyan,Darma Gaunpalika,524 6 53 4 002,60901,957,15,38,0,413,6,60,24,333,38,30
Salyan,Dhorchaur Gaunpalika,524 6 53 4 003,60904,1776,212,58,80,459,11,48,64,396,372,76
Salyan,Kalimati Gaunpalika,524 6 53 4 004,60908,1058,35,78,1,402,32,72,14,322,37,65
Salyan,Kapurkot Gaunpalika,524 6 53 4 007,60910,804,9,50,0,303,18,88,25,244,53,14
Salyan,Kumakh Malika Gaunpalika,524 6 53 4 001,60902,744,53,44,0,265,0,63,41,217,19,42
Salyan,Sharada Municipality,524 6 53 3 003,60907,4184,210,389,84,1239,329,404,182,753,194,400
Salyan,Tribeni Gaunpalika,524 6 53 4 006,50206,1023,28,107,7,365,5,104,47,292,44,24
Sankhuwasabha,Bhotkhola Gaunpalika,524 1 09 4 002,10201,1434,311,8,86,166,7,19,0,150,321,366
Sankhuwasabha,Chainapur Municipality,524 1 09 3 003,10208,2434,127,187,49,941,43,222,62,550,105,148
Sankhuwasabha,Chichila Gaunpalika,524 1 09 4 004,10204,479,42,27,11,172,0,31,3,126,32,35
Sankhuwasabha,Dharmadevi Municipality,524 1 09 3 004,10210,1972,337,185,113,519,20,87,57,344,71,239
Sankhuwasabha,Khandabari Municipality,524 1 09 3 001,10206,6597,344,727,611,1987,96,766,201,918,506,441
Sankhuwasabha,Madi Municipality,524 1 09 3 005,10209,1181,67,93,24,340,5,64,43,282,164,99
Sankhuwasabha,Makalu Gaunpalika,524 1 09 4 001,10202,1148,93,24,0,428,11,107,16,265,88,116
Sankhuwasabha,Panchakhapan Municipality,524 1 09 3 002,10207,1331,79,147,43,516,5,50,27,336,81,47
Sankhuwasabha,Sabhapokhari Gaunpalika,524 1 09 4 005,10205,547,21,36,17,228,0,30,5,177,25,8
Sankhuwasabha,Silichong Gaunpalika,524 1 09 4 003,10203,2104,341,131,111,239,8,30,313,246,254,431
Saptari,Agmisair Krishna Sabaran Gaunpalika,524 2 15 4 002,20103,1612,37,143,7,732,1,122,59,354,51,106
Saptari,Balan-Bihul Gaunpalika,524 2 15 4 004,20108,1019,11,127,0,446,7,69,2,181,47,129
Saptari,Belhi Chapena Gaunpalika,524 2 15 4 006,20111,1624,19,272,4,515,6,70,0,200,382,156
Saptari,Bishnupur Gaunpalika,524 2 15 4 007,20112,952,17,136,0,461,0,41,2,177,19,99
Saptari,Bode Barsain Municipality,524 2 15 3 006,20109,2305,47,534,29,853,30,184,29,399,99,101
Saptari,Chhinnamasta Gaunpalika,524 2 15 4 008,20118,1481,79,187,6,609,7,55,6,208,20,304
Saptari,Dakneshwori Municipality,524 2 15 3 007,20110,2480,31,690,0,1074,0,83,23,331,71,177
Saptari,Hanumannagar Kankalini Municipality,524 2 15 3 009,20116,2758,42,313,68,1191,17,237,30,418,123,319
Saptari,Kanchanrup Municipality,524 2 15 3 005,20102,3097,37,425,14,1290,42,363,16,630,105,175
Saptari,Khadak Municipality,524 2 15 3 002,20106,4052,78,1676,41,1252,8,167,94,510,102,124
Saptari,Mahadewa Gaunpalika,524 2 15 4 005,20114,1219,13,185,0,468,9,74,1,190,50,229
Saptari,Rajbiraj Municipality,524 2 15 3 008,20113,7227,28,1592,23,2551,566,445,116,1023,298,585
Saptari,Rupani Gaunpalika,524 2 15 4 001,20104,2081,7,890,0,641,15,76,29,209,106,108
Saptari,Saptakoshi Municipality,524 2 15 3 004,20101,1973,33,187,1,1058,3,182,49,248,90,122
Saptari,Shambhunath Municipality,524 2 15 3 003,20105,2186,74,361,6,974,2,119,30,386,61,173
Saptari,Surunga Municipality,524 2 15 3 001,20107,3399,19,1078,0,1128,23,176,66,388,102,419
Saptari,Tilathi Koiladi Gaunpalika,524 2 15 4 009,20117,1412,2,116,8,635,3,123,12,292,53,168
Saptari,Tirahut Gaunpalika,524 2 15 4 003,20115,1375,243,66,0,640,6,56,8,234,32,90
Sarlahi,Bagmati Municipality,524 2 19 3 001,20503,2664,121,188,22,1107,24,138,166,438,153,307
Sarlahi,Balara Municipality,524 2 19 3 011,20516,1291,77,286,7,459,10,78,11,278,46,39
Sarlahi,Barahathawa Municipality,524 2 19 3 004,20504,3595,35,403,11,1763,19,279,83,706,68,228
Sarlahi,Basbariya Gaunpalika,524 2 19 4 001,20513,639,6,74,0,283,4,29,13,187,26,17
Sarlahi,Bishnu Gaunpalika,524 2 19 4 008,20518,518,3,79,0,248,4,29,0,108,25,22
Sarlahi,Brahmapuri Gaunpalika,524 2 19 4 007,20509,666,18,46,2,270,7,57,0,218,25,23
Sarlahi,Chakraghatta Gaunpalika,524 2 19 4 004,20512,904,24,238,0,343,0,58,40,105,22,74
Sarlahi,Chandranagar Gaunpalika,524 2 19 4 002,20510,947,42,212,0,323,0,70,8,250,6,36
Sarlahi,Dhanakaul Gaunpalika,524 2 19 4 003,20514,528,3,54,0,287,3,31,4,93,21,32
Sarlahi,Godaita Municipality,524 2 19 3 008,20517,1756,16,258,1,878,8,97,35,335,47,81
Sarlahi,Haripur Municipality,524 2 19 3 005,20505,1868,40,720,0,588,8,121,35,252,30,74
Sarlahi,Haripurwa Municipality,524 2 19 3 010,20507,1214,0,446,0,413,0,85,14,190,19,47
Sarlahi,Hariwan Municipality,524 2 19 3 002,20502,5527,27,2002,5,1740,20,380,278,669,117,289
Sarlahi,Ishworpur Municipality,524 2 19 3 006,20506,4228,226,539,20,2017,1,362,107,719,47,190
Sarlahi,Kabilashi Municipality,524 2 19 3 007,20511,1288,8,401,0,422,3,70,5,298,27,54
Sarlahi,Kaudena Gaunpalika,524 2 19 4 006,20519,338,0,21,0,192,0,32,0,81,7,5
Sarlahi,Lalbandi Municipality,524 2 19 3 003,20501,6392,206,843,26,2127,70,558,1032,1189,151,190
Sarlahi,Malangawa Municipality,524 2 19 3 009,20520,2845,6,486,3,1325,22,259,78,332,113,221
Sarlahi,Parsa Gaunpalika,524 2 19 4 009,20508,508,12,80,0,217,0,51,0,112,20,16
Sarlahi,Ramnagar Gaunpalika,524 2 19 4 005,20515,941,16,91,0,240,1,24,429,91,15,34
Sindhuli,Dudhouli Municipality,524 3 20 3 002,31101,4823,1167,400,28,1401,20,225,240,895,169,278
Sindhuli,Ghyanglekha Gaunpalika,524 3 20 4 003,31107,1229,557,47,0,157,14,39,141,210,40,24
Sindhuli,Golanjor Gaunpalika,524 3 20 4 005,31104,3156,817,141,79,478,32,389,231,435,394,160
Sindhuli,Hariharpurgaghi Gaunpalika,524 3 20 4 001,31109,3405,1915,148,46,472,4,85,0,342,178,215
Sindhuli,Kamalamai Municipality,524 3 20 3 001,31105,11128,1650,1071,323,2672,180,1128,647,1554,424,1479
Sindhuli,Marin Gaunpalika,524 3 20 4 002,31108,1986,552,132,47,522,1,175,64,389,52,52
Sindhuli,Phikkal Gaunpalika,524 3 20 4 007,31102,1650,417,41,87,261,22,46,153,363,71,189
Sindhuli,Sunkoshi Gaunpalika,524 3 20 4 004,10407,2798,824,99,291,396,10,527,45,430,82,94
Sindhuli,Tinpatan Gaunpalika,524 3 20 4 006,31103,3910,1323,184,247,717,18,100,146,717,132,326
Sindhupalchok,Bahrabise Municipality,524 3 23 3 003,30209,2984,184,181,26,952,16,250,228,452,285,410
Sindhupalchok,Balephi Gaunpalika,524 3 23 4 006,30208,1657,60,189,8,723,22,189,76,279,59,52
Sindhupalchok,Bhotekoshi Gaunpalika,524 3 23 4 004,30201,1076,0,31,0,311,0,100,1,213,134,286
Sindhupalchok,Choutara Sangachowkgadhi Municipality,524 3 23 3 002,30207,7501,535,607,382,1600,122,733,593,1004,1100,825
Sindhupalchok,Helambu Gaunpalika,524 3 23 4 001,30204,1720,70,106,48,415,1,271,60,349,98,302
Sindhupalchok,Indrawoti Gaunpalika,524 3 23 4 005,30206,4336,430,346,320,737,21,184,209,458,614,1017
Sindhupalchok,Jugal Gaunpalika,524 3 23 4 003,30202,1640,66,178,206,612,11,66,13,288,135,65
Sindhupalchok,Lisankhu Pakhar Gaunpalika,524 3 23 4 009,30211,1875,267,69,6,584,14,179,116,259,186,195
Sindhupalchok,Melanchi Municipality,524 3 23 3 001,30205,5434,697,380,532,1167,29,508,277,749,572,523
Sindhupalchok,Panchpokhari Thangpal Gaunpalika,524 3 23 4 002,30203,2311,199,201,36,385,36,172,211,278,165,628
Sindhupalchok,Sunkoshi Gaunpalika,524 3 23 4 007,10407,1524,133,134,139,374,15,71,37,369,113,139
Sindhupalchok,Tripurasundari Gaunpalika,524 3 23 4 008,30210,891,38,107,58,304,10,32,22,211,75,34
Siraha,Arnama Gaunpalika,524 2 16 4 003,20209,888,0,387,0,284,0,34,18,118,29,18
Siraha,Aurahi Gaunpalika,524 2 16 4 004,20216,1389,25,742,0,412,0,45,2,102,30,31
Siraha,Bariyarpatti Gaunpalika,524 2 16 4 005,20215,1565,15,560,0,583,3,80,14,177,31,102
Siraha,Bhagawanpur Gaunpalika,524 2 16 4 009,20213,629,4,61,4,232,1,71,33,159,26,38
Siraha,Bishnupur Gaunpalika,524 2 16 4 002,20112,1196,5,185,8,550,2,83,15,242,37,69
Siraha,Dhangadhimai Municipality,524 2 16 3 004,20202,2360,94,277,19,1067,1,172,49,407,149,125
Siraha,Golbazar Municipality,524 2 16 3 003,20203,5732,33,2780,1,1686,8,268,207,516,95,138
Siraha,Kalyanpur Municipality,524 2 16 3 006,20206,1766,1,166,0,1086,2,100,3,300,34,74
Siraha,Karjanha Municipality,524 2 16 3 001,20205,1227,18,163,3,652,0,105,3,170,76,37
Siraha,Lahan Municipality,524 2 16 3 005,20201,6196,45,626,2,3143,49,709,125,974,209,314
Siraha,Laxmipur Patari Gaunpalika,524 2 16 4 006,20211,2570,23,1076,0,526,3,72,463,263,37,107
Siraha,Mirchaiya Municipality,524 2 16 3 002,20204,4972,16,463,94,2479,26,297,461,764,154,218
Siraha,Naraha Gaunpalika,524 2 16 4 001,20207,1334,3,501,6,400,3,78,15,205,37,86
Siraha,Nawarajpur Gaunpalika,524 2 16 4 007,20214,393,0,44,0,148,9,12,0,153,22,5
Siraha,Sakhuwa Nankarkatti Gaunpalika,524 2 16 4 008,20212,458,0,39,0,153,0,30,10,173,44,9
Siraha,Siraha Municipality,524 2 16 3 008,20217,5023,21,673,55,2474,60,384,70,868,144,274
Siraha,Sukhipur Municipality,524 2 16 3 007,20210,2815,25,1156,0,933,0,134,82,335,47,103
Solukhumbu,Dhudha Koushika Gaunpalika,524 1 11 4 006,10305,4334,339,54,47,387,29,149,152,421,235,2521
Solukhumbu,Dhudhakoshi Gaunpalika,524 1 11 4 004,10304,898,21,25,20,204,7,155,8,287,87,84
Solukhumbu,Khumbu Pasanglhamu Gaunpalika,524 1 11 4 001,10301,2216,6,57,5,264,40,1517,88,71,62,106
Solukhumbu,Likhu Pike Gaunpalika,524 1 11 4 003,10308,2760,223,54,46,87,5,103,773,135,634,700
Solukhumbu,Mahakulung Gaunpalika,524 1 11 4 002,10302,1466,42,94,4,374,7,132,48,148,35,582
Solukhumbu,Necha Salyan Gaunpalika,524 1 11 4 005,10306,2981,485,88,5,302,11,123,577,336,356,698
Solukhumbu,Solu Dhudhakunda Municipality,524 1 11 3 001,10307,3333,330,208,10,616,61,762,305,408,192,441
Solukhumbu,Sotang Gaunpalika,524 1 11 4 007,10303,1146,108,38,0,210,11,104,38,196,94,347
Sunsari,Baraha Municipality,524 1 06 3 001,11302,5396,73,717,7,2083,40,694,243,1098,118,323
Sunsari,Barju Gaunpalika,524 1 06 4 006,11312,3195,67,650,22,1086,14,278,108,452,52,466
Sunsari,Bhokraha Gaunpalika,524 1 06 4 002,11304,1540,66,199,0,572,3,115,16,349,57,163
Sunsari,Dewangunj Gaunpalika,524 1 06 4 005,11311,1928,106,354,8,598,10,133,37,398,57,227
Sunsari,Dharan Sub-Metropolitian City,524 1 06 2 001,11301,30169,271,3679,199,10651,378,4488,1484,4621,2239,2159
Sunsari,Duhabi Municipality,524 1 06 3 004,11307,13374,67,8050,81,2874,33,543,275,836,153,462
Sunsari,Gadhi Gaunpalika,524 1 06 4 003,11308,1687,21,222,0,719,13,131,64,384,62,71
Sunsari,Harinagara Gaunpalika,524 1 06 4 004,11310,2345,8,289,2,913,13,138,66,565,94,257
Sunsari,Inaruwa Municipality,524 1 06 3 003,11309,7406,100,1236,165,2669,54,721,273,1258,183,747
Sunsari,Itahari Sub-Metropolitian City,524 1 06 2 002,11306,37440,182,10085,132,12006,472,3478,4434,4525,529,1597
Sunsari,Koshi Gaunpalika,524 1 06 4 001,11303,2128,24,186,4,907,6,360,45,394,63,139
Sunsari,Ramdhuni Municipality,524 1 06 3 002,11305,6100,91,1593,7,2342,27,512,187,963,135,243
Surkhet,Barahatal Gaunpalika,524 6 59 4 002,61007,1323,42,88,0,477,10,161,7,417,85,36
Surkhet,Bheriganga Municipality,524 6 59 3 002,61005,3468,100,290,23,1653,48,368,110,664,82,130
Surkhet,Birendranagar Municipality,524 6 59 3 003,61006,20750,191,2210,213,7124,459,2338,2771,3261,537,1646
Surkhet,Chaukune Gaunpalika,524 6 59 4 001,61009,1328,70,108,1,464,20,149,11,409,55,41
Surkhet,Chingad Gaunpalika,524 6 59 4 003,61002,897,27,75,2,384,18,50,4,268,52,17
Surkhet,Gurbhakot Municipality,524 6 59 3 005,61004,3181,46,337,26,1223,22,386,88,809,126,118
Surkhet,Lekabeshi Municipality,524 6 59 3 004,61003,1581,47,129,13,550,12,153,48,510,52,67
Surkhet,Panchapuri Municipality,524 6 59 3 001,61008,1980,30,212,14,774,18,183,58,569,76,46
Surkhet,Simta Gaunpalika,524 6 59 4 004,61001,1400,4,86,5,576,20,132,9,473,57,38
Syangja,Aandhikhola Gaunpalika,524 4 41 4 001,40903,923,27,65,0,218,5,78,35,428,54,13
Syangja,Arjun Choupari Gaunpalika,524 4 41 4 003,40904,878,8,92,0,342,6,69,21,294,26,20
Syangja,Bhirkot Municipaity,524 4 41 3 002,40905,2014,41,187,11,693,18,198,209,478,79,100
Syangja,Biruwa Gaunpalika,524 4 41 4 004,40906,1300,98,104,16,206,7,61,47,294,296,171
Syangja,Chapakot Municipality,524 4 41 3 005,40908,1819,68,187,12,611,11,189,60,546,77,58
Syangja,Galyang Municipality,524 4 41 3 003,40910,2699,36,304,16,1037,39,389,32,659,89,98
Syangja,Harinas Gaunpalika,524 4 41 4 005,40907,792,8,45,0,320,4,55,17,304,25,14
Syangja,Kaligandaki Gaunpalika,524 4 41 4 006,40911,1506,59,208,9,503,6,180,65,375,71,30
Syangja,Phedikhola Gaunpalika,524 4 41 4 002,40902,772,11,62,0,311,3,68,22,252,31,12
Syangja,Putalibazar Municipality,524 4 41 3 001,40901,4033,25,423,4,1453,87,581,239,976,78,167
Syangja,Walling Municipality,524 4 41 3 004,40909,4210,132,446,7,1627,8,434,205,1099,134,118
Tanahu,Aanbu Khaireni Gaunpalika,524 4 40 4 005,40710,3349,70,563,112,1207,40,532,128,518,81,98
Tanahu,Bandipur Gaunpalika,524 4 40 4 004,40709,3202,172,208,59,1054,36,695,183,521,140,134
Tanahu,Bhanu Municipality,524 4 40 3 003,40701,3112,101,218,16,1368,9,369,97,762,107,65
Tanahu,Bhimad Municipality,524 4 40 3 004,40705,2638,26,183,14,1086,12,328,117,699,64,109
Tanahu,Byas Municipality,524 4 40 3 002,40702,10419,230,1417,177,3518,172,1300,435,2021,672,477
Tanahu,Devghat Gaunpalika,524 4 40 4 006,40708,1127,51,52,0,349,12,121,10,316,203,13
Tanahu,Ghiring Gaunpalika,524 4 40 4 002,40706,760,11,42,0,268,2,56,7,333,22,19
Tanahu,Myagde Gaunpalika,524 4 40 4 001,40703,1832,71,515,49,441,2,212,79,373,32,58
Tanahu,Rhishing Gaunpalika,524 4 40 4 003,40707,1257,79,80,51,407,12,62,2,409,102,53
Tanahu,Shuklagandaki Municipality,524 4 40 3 001,40704,8990,161,924,303,2638,92,713,2190,1257,391,321
Taplejung,Aatharai Tribeni Gaunpalika,524 1 01 4 006,10105,1364,66,54,106,171,17,14,25,308,211,392
Taplejung,Maiwakhola Gaunpalika,524 1 01 4 005,10104,786,14,64,41,132,10,33,15,213,85,179
Taplejung,Meringden Gaunpalika,524 1 01 4 004,10103,1139,46,33,33,223,13,47,55,247,156,286
Taplejung,Mikwakhola Gaunpalika,524 1 01 4 002,10102,612,48,41,123,98,18,9,16,167,53,39
Taplejung,Phaktanlung Gaunpalika,524 1 01 4 001,10101,1210,207,79,45,164,31,91,10,310,106,167
Taplejung,Phungling Municipality,524 1 01 3 001,10106,3966,85,339,144,976,100,647,146,772,215,542
Taplejung,Sidingba Gaunpalika,524 1 01 4 008,10109,560,16,37,11,90,24,3,25,246,73,35
Taplejung,Sirijanga Gaunpalika,524 1 01 4 003,10108,1047,23,52,28,267,27,48,11,391,113,87
Taplejung,Yangwarak Gaunpalika,524 1 01 4 007,10107,889,42,85,10,214,28,23,4,299,102,82
Terhathum,Aatharai Gaunpalika,524 1 08 4 003,10801,1477,116,103,36,282,27,66,61,582,61,143
Terhathum,Chhathar Gaunpalika,524 1 08 4 004,10806,1179,130,110,106,214,24,67,36,381,58,53
Terhathum,Laligurans Municipality,524 1 08 3 001,10805,1784,139,156,37,491,19,155,148,388,113,138
Terhathum,Menchhayayem Gaunpalika,524 1 08 4 001,10803,647,54,52,23,160,10,13,29,204,35,67
Terhathum,Myanglung Municipality,524 1 08 3 002,10804,2982,121,519,84,883,189,294,160,443,138,151
Terhathum,Phedap Gaunpalika,524 1 08 4 002,10802,886,47,70,58,248,8,22,16,356,35,26
Udayapur,Belaka Municipality,524 1 14 3 004,11401,3122,220,333,25,1286,5,140,122,686,42,263
Udayapur,Chaudandigadhi Municipality,524 1 14 3 003,11402,3943,222,389,92,1527,21,325,121,921,98,227
Udayapur,Katari Municipality,524 1 14 3 001,11407,4795,164,536,72,2032,51,495,164,886,179,216
Udayapur,Rautamai Gaunpalika,524 1 14 4 004,11404,1371,26,113,86,404,16,74,22,459,75,96
Udayapur,Sunkoshi Gaunpalika,524 1 14 4 002,10407,609,22,57,3,199,16,1,0,228,46,37
Udayapur,Tapli Gaunpalika,524 1 14 4 001,11406,781,72,45,27,248,13,15,0,269,48,44
Udayapur,Triyuga Municipality,524 1 14 3 002,11403,11690,401,1864,669,3976,177,1011,399,1855,417,921
Udayapur,Udayapurgadhi Gaunpalika,524 1 14 4 003,11408,1582,88,175,7,507,13,69,17,486,97,123
