adm2_code,adm2_pop,geog
524 1 01 3 001,29023.9156,Hill
524 1 01 4 001,13499.675809999999,High Mountain
524 1 01 4 002,10139.54234,High Mountain
524 1 01 4 003,17611.82491,Mountain
524 1 01 4 004,13980.5361,Mountain
524 1 01 4 005,12360.72778,Mountain
524 1 01 4 006,15438.3856,Hill
524 1 01 4 007,15334.365719999998,Hill
524 1 01 4 008,13642.020530000002,Hill
524 1 02 3 001,56993.42148,Hill
524 1 02 4 001,25871.59433,Hill
524 1 02 4 002,20441.526380000003,Hill
524 1 02 4 003,24660.60375,Hill
524 1 02 4 004,18177.254969999998,Hill
524 1 02 4 005,27047.045019999998,Hill
524 1 02 4 006,15268.54352,Hill
524 1 02 4 007,27813.92838,Hill
524 1 03 3 001,36718.888419999996,Hill
524 1 03 3 002,54374.540010000004,Hill
524 1 03 3 003,64805.96961,Hill
524 1 03 3 004,36995.35784,Shivalik
524 1 03 4 001,24972.86167,Hill
524 1 03 4 002,17927.14377,Hill
524 1 03 4 003,23657.763919999998,Hill
524 1 03 4 004,23278.98285,Terai
524 1 03 4 005,20821.62247,Hill
524 1 03 4 006,21673.30213,Hill
524 1 04 3 001,84493.81266,Terai
524 1 04 3 002,72720.17647,Terai
524 1 04 3 003,45672.505999999994,Terai
524 1 04 3 004,67059.21336000001,Terai
524 1 04 3 005,125664.7264,Terai
524 1 04 3 006,60717.48314,Terai
524 1 04 3 007,93340.89397,Terai
524 1 04 3 008,74634.46766000001,Terai
524 1 04 4 001,50110.280269999996,Terai
524 1 04 4 002,47328.24228,Shivalik
524 1 04 4 003,37246.67987,Terai
524 1 04 4 004,38628.499130000004,Terai
524 1 04 4 005,38266.159589999996,Terai
524 1 04 4 006,33536.196,Terai
524 1 04 4 007,44695.25091,Terai
524 1 05 1 001,240444.6314,Terai
524 1 05 3 001,36541.5826,Terai
524 1 05 3 002,90394.5524,Terai
524 1 05 3 003,73796.79552999999,Terai
524 1 05 3 004,70068.78891,Terai
524 1 05 3 005,60917.591539999994,Terai
524 1 05 3 006,58828.46067000001,Terai
524 1 05 3 007,57519.01917000001,Terai
524 1 05 3 008,61861.82459,Terai
524 1 05 4 001,34360.67142,Terai
524 1 05 4 002,32230.75387,Terai
524 1 05 4 003,42410.35417,Terai
524 1 05 4 004,46753.354080000005,Terai
524 1 05 4 005,37938.83273,Terai
524 1 05 4 006,45327.60409,Terai
524 1 05 4 007,46225.69115,Terai
524 1 05 4 008,45269.56125,Terai
524 1 06 2 001,153909.0259,Terai
524 1 06 2 002,158457.0829,Terai
524 1 06 3 001,87412.42261000001,Terai
524 1 06 3 002,58906.85655,Terai
524 1 06 3 003,71035.62243999999,Terai
524 1 06 3 004,63554.748289999996,Terai
524 1 06 4 001,49127.9953,Terai
524 1 06 4 002,46574.7936,Terai
524 1 06 4 003,39450.62738,Terai
524 1 06 4 004,42210.07277,Terai
524 1 06 4 005,40139.10801,Terai
524 1 06 4 006,35463.95668,Terai
524 1 06 5 995,223.6488253,Terai
524 1 07 3 001,27742.69773,Hill
524 1 07 3 002,25169.26104,Hill
524 1 07 3 003,40740.093660000006,Hill
524 1 07 4 001,21284.59805,Hill
524 1 07 4 002,20486.39955,Hill
524 1 07 4 003,24193.269790000002,Hill
524 1 07 4 004,21484.71182,Hill
524 1 08 3 001,18970.83944,Hill
524 1 08 3 002,22165.858330000003,Hill
524 1 08 4 001,9119.661153000001,Hill
524 1 08 4 002,19729.38872,Hill
524 1 08 4 003,24405.961369999997,Hill
524 1 08 4 004,18946.99505,Hill
524 1 09 3 001,33742.62075,Hill
524 1 09 3 002,19606.9741,Hill
524 1 09 3 003,30608.940730000002,Hill
524 1 09 3 004,20572.335740000002,Hill
524 1 09 3 005,16241.77276,Hill
524 1 09 4 001,15009.884930000002,High Mountain
524 1 09 4 002,7407.783347,Mountain
524 1 09 4 003,13235.79629,Mountain
524 1 09 4 004,7855.85791,Hill
524 1 09 4 005,11725.84988,Mountain
524 1 10 3 001,35300.54532,Hill
524 1 10 3 002,30822.734210000002,Hill
524 1 10 4 001,14626.604640000001,Mountain
524 1 10 4 002,20422.64442,Hill
524 1 10 4 003,19704.83845,Hill
524 1 10 4 004,21404.75809,Hill
524 1 10 4 005,17213.522269999998,Hill
524 1 10 4 006,21079.550219999997,Hill
524 1 10 4 007,22772.12278,Hill
524 1 11 3 001,22992.8197,Mountain
524 1 11 4 001,9888.78339,High Mountain
524 1 11 4 002,12756.12027,High Mountain
524 1 11 4 003,6196.692051,Mountain
524 1 11 4 004,14949.546019999998,Mountain
524 1 11 4 005,18088.44315,Mountain
524 1 11 4 006,22115.526990000002,Mountain
524 1 11 4 007,10604.903209999999,Mountain
524 1 12 3 001,33213.18634,Hill
524 1 12 3 002,52448.79135,Hill
524 1 12 4 001,17891.037940000002,Mountain
524 1 12 4 002,18046.353369999997,Mountain
524 1 12 4 003,14953.022719999999,Hill
524 1 12 4 004,21758.98009,Hill
524 1 12 4 005,13020.38284,Hill
524 1 12 4 006,25252.24619,Hill
524 1 12 4 007,15996.97972,Hill
524 1 12 4 008,17457.7688,Hill
524 1 13 3 001,31143.727880000002,Hill
524 1 13 4 001,16843.11107,Mountain
524 1 13 4 002,15562.94091,Hill
524 1 13 4 003,18404.70894,Hill
524 1 13 4 004,20746.94899,Hill
524 1 13 4 005,20495.48794,Hill
524 1 13 4 006,17089.65927,Hill
524 1 13 4 007,23563.267190000002,Hill
524 1 14 3 001,63480.014110000004,Shivalik
524 1 14 3 002,98659.49407,Shivalik
524 1 14 3 003,55070.5156,Shivalik
524 1 14 3 004,47919.85892,Shivalik
524 1 14 4 001,16217.560590000001,Hill
524 1 14 4 002,13382.95628,Hill
524 1 14 4 003,34121.65133,Hill
524 1 14 4 004,26268.17294,Hill
524 1 14 5 995,26.29601055,Terai
524 2 15 3 001,49509.69857,Terai
524 2 15 3 002,50681.39972,Terai
524 2 15 3 003,39598.09558,Shivalik
524 2 15 3 004,24557.61167,Shivalik
524 2 15 3 005,60456.636329999994,Terai
524 2 15 3 006,49019.43443,Terai
524 2 15 3 007,47768.92402,Terai
524 2 15 3 008,77842.02424,Terai
524 2 15 3 009,50614.07746,Terai
524 2 15 4 001,28822.016519999997,Terai
524 2 15 4 002,30326.826230000002,Shivalik
524 2 15 4 003,24414.945669999997,Terai
524 2 15 4 004,24892.50461,Terai
524 2 15 4 005,31766.13139,Terai
524 2 15 4 006,33218.93215,Terai
524 2 15 4 007,25953.77535,Terai
524 2 15 4 008,31690.66509,Terai
524 2 15 4 009,35571.58867,Terai
524 2 15 5 995,93.30046351,Terai
524 2 16 3 001,34697.85284,Terai
524 2 16 3 002,55085.11924,Terai
524 2 16 3 003,58008.587120000004,Terai
524 2 16 3 004,53986.23674,Terai
524 2 16 3 005,102890.8399,Terai
524 2 16 3 006,54032.700410000005,Terai
524 2 16 3 007,42358.40165,Terai
524 2 16 3 008,93832.20363999999,Terai
524 2 16 4 001,22366.861090000002,Terai
524 2 16 4 002,20941.00447,Terai
524 2 16 4 003,24449.009169999998,Terai
524 2 16 4 004,26377.883840000002,Terai
524 2 16 4 005,29053.016819999997,Terai
524 2 16 4 006,30458.76987,Terai
524 2 16 4 007,21545.79224,Terai
524 2 16 4 008,21181.816740000002,Terai
524 2 16 4 009,23435.28916,Terai
524 2 17 2 001,181044.6716,Terai
524 2 17 3 001,51448.544239999996,Shivalik
524 2 17 3 002,39840.80776,Shivalik
524 2 17 3 003,46752.68919,Terai
524 2 17 3 004,50000.73297,Terai
524 2 17 3 005,36956.77363,Terai
524 2 17 3 006,56513.52496,Terai
524 2 17 3 007,42812.56358,Terai
524 2 17 3 008,52569.6971,Terai
524 2 17 3 009,39909.006,Terai
524 2 17 3 010,35912.996139999996,Terai
524 2 17 3 011,42847.893319999996,Terai
524 2 17 4 001,24082.4994,Terai
524 2 17 4 002,31443.25132,Terai
524 2 17 4 003,25349.21163,Terai
524 2 17 4 004,23229.635469999997,Terai
524 2 17 4 005,27697.42131,Terai
524 2 17 4 006,27747.353769999998,Terai
524 2 18 3 001,71235.72431,Shivalik
524 2 18 3 002,75215.67157,Terai
524 2 18 3 003,35971.51941,Terai
524 2 18 3 004,53237.54144,Terai
524 2 18 3 005,34237.5144,Terai
524 2 18 3 006,53566.4826,Terai
524 2 18 3 007,47311.85111,Terai
524 2 18 3 008,44769.04643,Terai
524 2 18 3 009,64348.92999,Terai
524 2 18 3 010,34197.06468,Terai
524 2 18 4 001,44503.42675,Terai
524 2 18 4 002,39007.8489,Terai
524 2 18 4 003,32200.12732,Terai
524 2 18 4 004,31134.91373,Terai
524 2 18 4 005,39321.34833,Terai
524 2 19 3 001,44317.27828,Terai
524 2 19 3 002,50568.93585,Shivalik
524 2 19 3 003,66570.29005,Shivalik
524 2 19 3 004,77912.14911,Terai
524 2 19 3 005,41562.396160000004,Terai
524 2 19 3 006,65783.57007999999,Terai
524 2 19 3 007,47753.42877,Terai
524 2 19 3 008,55423.79912999999,Terai
524 2 19 3 009,50713.54157,Terai
524 2 19 3 010,39685.7848,Terai
524 2 19 3 011,51645.22421,Terai
524 2 19 4 001,27767.266069999998,Terai
524 2 19 4 002,36033.624710000004,Terai
524 2 19 4 003,27993.21219,Terai
524 2 19 4 004,31219.759469999997,Terai
524 2 19 4 005,32147.33367,Terai
524 2 19 4 006,28132.99118,Terai
524 2 19 4 007,33150.29627,Terai
524 2 19 4 008,27056.9958,Terai
524 2 19 4 009,24066.77625,Terai
524 2 32 3 001,52414.04758,Terai
524 2 32 3 002,79572.29175,Terai
524 2 32 3 003,41265.10552,Terai
524 2 32 3 004,42466.544669999996,Terai
524 2 32 3 005,47658.00339,Terai
524 2 32 3 006,29850.207089999996,Terai
524 2 32 3 007,36950.259139999995,Terai
524 2 32 3 008,56146.674960000004,Terai
524 2 32 3 009,45481.25182,Terai
524 2 32 3 010,37626.565780000004,Terai
524 2 32 3 011,40238.4017,Terai
524 2 32 3 012,41565.90786,Terai
524 2 32 3 013,47716.49218,Terai
524 2 32 3 014,45167.97495,Terai
524 2 32 3 015,39336.16446,Terai
524 2 32 3 016,34568.56643,Terai
524 2 32 4 001,26960.9753,Terai
524 2 32 4 002,25826.40076,Terai
524 2 33 2 001,127613.8024,Terai
524 2 33 2 002,138946.0568,Terai
524 2 33 3 001,39348.92326,Terai
524 2 33 3 002,49031.42839,Terai
524 2 33 3 003,59153.51501,Terai
524 2 33 3 004,38210.89805,Terai
524 2 33 3 005,53590.53171,Terai
524 2 33 4 001,27749.97802,Terai
524 2 33 4 002,29240.96532,Terai
524 2 33 4 003,28951.972939999996,Terai
524 2 33 4 004,25304.63464,Terai
524 2 33 4 005,28756.16127,Terai
524 2 33 4 006,30145.171589999998,Terai
524 2 33 4 007,25633.62724,Terai
524 2 33 4 008,31626.75502,Terai
524 2 33 4 009,31679.21718,Terai
524 2 33 5 995,0.964549214,Terai
524 2 34 1 001,267696.7419,Terai
524 2 34 3 001,35444.91022,Terai
524 2 34 3 002,45292.4305,Terai
524 2 34 3 003,43525.36076,Terai
524 2 34 4 001,22853.74463,Shivalik
524 2 34 4 002,24525.44209,Terai
524 2 34 4 003,26557.03803,Terai
524 2 34 4 004,36038.20643,Terai
524 2 34 4 005,36982.970219999996,Terai
524 2 34 4 006,22148.07435,Terai
524 2 34 4 007,29706.52688,Terai
524 2 34 4 008,25389.446519999998,Terai
524 2 34 4 009,22233.19713,Terai
524 2 34 4 010,26852.07038,Terai
524 2 34 5 995,564.3362128,Shivalik
524 2 34 5 997,4.757823976,Shivalik
524 3 20 3 001,71842.98846000001,Shivalik
524 3 20 3 002,73920.59499,Shivalik
524 3 20 4 001,30851.664139999997,Shivalik
524 3 20 4 002,31018.872880000003,Shivalik
524 3 20 4 003,15188.4689,Hill
524 3 20 4 004,23948.0402,Hill
524 3 20 4 005,21585.48027,Hill
524 3 20 4 006,41020.09834,Hill
524 3 20 4 007,18942.35253,Hill
524 3 21 3 001,50995.762839999996,Hill
524 3 21 3 002,32158.490039999997,Hill
524 3 21 4 001,19995.69995,Hill
524 3 21 4 002,25375.77888,Hill
524 3 21 4 003,22244.72099,Hill
524 3 21 4 004,19610.39075,High Mountain
524 3 21 4 005,28653.791039999996,Hill
524 3 21 4 006,25626.15955,Hill
524 3 22 3 001,35927.929560000004,Mountain
524 3 22 3 002,17528.22913,Mountain
524 3 22 4 001,21128.83172,High Mountain
524 3 22 4 002,18925.45173,High Mountain
524 3 22 4 003,25308.3622,Mountain
524 3 22 4 004,22213.77001,Hill
524 3 22 4 005,22061.965509999998,Hill
524 3 22 4 006,22703.23413,Hill
524 3 22 4 007,20979.33165,Hill
524 3 23 3 001,50172.95321,Hill
524 3 23 3 002,51740.83688,Hill
524 3 23 3 003,29124.12937,Mountain
524 3 23 4 001,19755.707019999998,Mountain
524 3 23 4 002,23202.801059999998,Mountain
524 3 23 4 003,21039.838659999998,Mountain
524 3 23 4 004,18267.524019999997,Mountain
524 3 23 4 005,31874.34746,Hill
524 3 23 4 006,20919.42986,Hill
524 3 23 4 007,19058.12954,Hill
524 3 23 4 008,14589.46841,Mountain
524 3 23 4 009,16839.67669,Hill
524 3 24 3 001,36171.85954,Hill
524 3 24 3 002,62895.81634,Hill
524 3 24 3 003,35646.54898,Hill
524 3 24 3 004,41942.32942,Hill
524 3 24 3 005,51417.54185,Hill
524 3 24 3 006,32787.75628,Hill
524 3 24 4 001,21045.03559,Hill
524 3 24 4 002,23009.335180000002,Hill
524 3 24 4 003,18357.72696,Hill
524 3 24 4 004,31840.002510000002,Hill
524 3 24 4 005,25155.995730000002,Hill
524 3 24 4 006,15938.986859999999,Hill
524 3 24 4 007,20264.422580000002,Hill
524 3 25 1 001,322407.9137,Hill
524 3 25 3 001,86105.22259,Hill
524 3 25 3 002,69097.00093,Hill
524 3 25 4 001,14621.102859999999,Hill
524 3 25 4 002,10592.74496,Hill
524 3 25 4 003,10538.94516,Hill
524 3 26 3 001,90109.67491,Hill
524 3 26 3 002,63575.09624,Hill
524 3 26 3 003,90239.99107,Hill
524 3 26 3 004,89559.52853,Hill
524 3 27 1 001,1088722.087,Hill
524 3 27 3 001,90292.00164,Hill
524 3 27 3 002,112678.2391,Hill
524 3 27 3 003,121545.1011,Hill
524 3 27 3 004,119874.272,Hill
524 3 27 3 005,76085.64069,Hill
524 3 27 3 006,68643.3276,Hill
524 3 27 3 007,28204.98112,Hill
524 3 27 3 008,94659.10151000001,Hill
524 3 27 3 009,72161.51657,Hill
524 3 27 3 010,26811.36044,Hill
524 3 28 3 001,60047.81612999999,Hill
524 3 28 3 002,45508.743239999996,Hill
524 3 28 4 001,15000.41297,Hill
524 3 28 4 002,16473.96297,Mountain
524 3 28 4 003,17632.73404,Hill
524 3 28 4 004,18718.30919,Hill
524 3 28 4 005,19834.15091,Hill
524 3 28 4 006,18662.051730000003,Hill
524 3 28 4 007,17330.26995,Hill
524 3 28 4 008,23471.71495,Hill
524 3 28 4 009,28937.91893,Hill
524 3 28 4 010,22180.12129,Hill
524 3 28 5 996,1270.660777,Hill
524 3 28 5 997,1090.247995,Mountain
524 3 29 4 001,6134.39447,Mountain
524 3 29 4 002,7889.820148000001,High Mountain
524 3 29 4 003,9306.982732999999,Mountain
524 3 29 4 004,10218.900529999999,Mountain
524 3 29 4 005,12882.99375,Mountain
524 3 30 3 001,66585.24877,Hill
524 3 30 3 002,34238.75344,Hill
524 3 30 4 001,10532.70745,Mountain
524 3 30 4 002,24212.84313,Mountain
524 3 30 4 003,14396.243830000001,Mountain
524 3 30 4 004,25250.21489,Hill
524 3 30 4 005,14650.30574,Hill
524 3 30 4 006,26499.202540000002,Hill
524 3 30 4 007,26482.52576,Hill
524 3 30 4 008,34760.57411,Hill
524 3 30 4 009,29403.11936,Hill
524 3 30 4 010,28338.465910000003,Hill
524 3 30 4 011,36440.84325,Hill
524 3 31 2 001,170840.1771,Shivalik
524 3 31 3 001,45900.34408,Hill
524 3 31 4 001,40398.114180000004,Shivalik
524 3 31 4 002,29323.705510000003,Hill
524 3 31 4 003,26566.35599,Hill
524 3 31 4 004,26514.00552,Hill
524 3 31 4 005,15363.890630000002,Hill
524 3 31 4 006,28516.47928,Hill
524 3 31 4 007,44304.98912,Shivalik
524 3 31 4 008,33803.14115,Shivalik
524 3 31 5 995,1685.218975,Shivalik
524 3 31 5 997,0.0,Shivalik
524 3 35 1 001,311271.0541,Shivalik
524 3 35 3 001,30744.749969999997,Shivalik
524 3 35 3 002,76536.27118,Shivalik
524 3 35 3 003,63366.527839999995,Shivalik
524 3 35 3 004,66321.65994,Shivalik
524 3 35 3 005,42077.73478,Shivalik
524 3 35 4 001,27479.88243,Hill
524 3 35 5 997,17212.66074,Shivalik
524 4 36 3 001,42065.04802,Hill
524 4 36 3 002,53294.719280000005,Hill
524 4 36 4 001,7664.633645,High Mountain
524 4 36 4 002,17272.80995,Mountain
524 4 36 4 003,27476.4213,Mountain
524 4 36 4 004,14530.41275,Mountain
524 4 36 4 005,25977.09997,Hill
524 4 36 4 006,26130.83394,Mountain
524 4 36 4 007,23974.07304,Hill
524 4 36 4 008,31031.58003,Hill
524 4 36 4 009,25430.09793,Hill
524 4 37 3 001,25992.97248,Hill
524 4 37 3 002,43913.09457,Hill
524 4 37 3 003,29744.692639999997,Hill
524 4 37 3 004,20113.75815,Hill
524 4 37 4 001,10774.73923,Mountain
524 4 37 4 002,20551.96072,Mountain
524 4 37 4 003,20620.21147,Mountain
524 4 37 4 004,12148.18853,Hill
524 4 38 4 001,2164.548524,High Mountain
524 4 38 4 002,616.7950093,High Mountain
524 4 38 4 003,1193.187841,High Mountain
524 4 38 4 004,2129.794542,High Mountain
524 4 39 1 001,444421.2205,Hill
524 4 39 4 001,25843.735630000003,High Mountain
524 4 39 4 002,23974.26301,High Mountain
524 4 39 4 003,20162.22672,Mountain
524 4 39 4 004,15931.68486,Hill
524 4 40 3 001,53461.992289999995,Hill
524 4 40 3 002,79548.21521000001,Hill
524 4 40 3 003,51274.46412,Hill
524 4 40 3 004,35191.08513,Hill
524 4 40 4 001,24242.7945,Hill
524 4 40 4 002,21323.07,Hill
524 4 40 4 003,28697.61265,Hill
524 4 40 4 004,22196.58105,Hill
524 4 40 4 005,23197.04411,Hill
524 4 40 4 006,18282.53719,Hill
524 4 41 3 001,49325.59385,Hill
524 4 41 3 002,28142.78922,Hill
524 4 41 3 003,42454.6869,Hill
524 4 41 3 004,55516.006429999994,Hill
524 4 41 3 005,28911.45237,Hill
524 4 41 4 001,18460.34677,Hill
524 4 41 4 002,13556.94962,Hill
524 4 41 4 003,18161.00173,Hill
524 4 41 4 004,21627.22099,Hill
524 4 41 4 005,17951.59622,Hill
524 4 41 4 006,23991.70727,Hill
524 4 42 3 001,43470.6324,Hill
524 4 42 3 002,27380.25925,Hill
524 4 42 4 001,23331.176330000002,Mountain
524 4 42 4 002,23153.53268,Hill
524 4 42 4 003,14849.618369999998,Hill
524 4 42 4 004,10910.71243,Hill
524 4 42 4 005,16995.51195,Hill
524 4 43 3 001,26629.90019,Mountain
524 4 43 3 002,36165.2574,Hill
524 4 43 3 003,62142.78684,Hill
524 4 43 3 004,35204.25063,Hill
524 4 43 4 001,25133.80145,Mountain
524 4 43 4 002,11869.86941,Mountain
524 4 43 4 003,34033.61997,Mountain
524 4 43 4 004,13264.43797,Mountain
524 4 43 4 005,28638.34068,Hill
524 4 43 4 006,16257.16117,Hill
524 4 43 5 998,2547.651468,Mountain
524 4 44 3 001,36200.97747,Mountain
524 4 44 4 001,14871.97547,High Mountain
524 4 44 4 002,17521.42646,Mountain
524 4 44 4 003,11983.85763,Mountain
524 4 44 4 004,20734.15553,Mountain
524 4 44 4 005,17845.81162,Mountain
524 4 44 5 998,356.62190130000005,High Mountain
524 4 45 4 001,2118.5020059999997,High Mountain
524 4 45 4 002,1550.651024,High Mountain
524 4 45 4 003,2616.196629,High Mountain
524 4 45 4 004,3152.072261,High Mountain
524 4 45 4 005,3364.708569,High Mountain
524 4 47 3 001,59042.79226,Shivalik
524 4 47 3 002,67719.61862000001,Shivalik
524 4 47 3 003,46910.07329,Shivalik
524 4 47 3 004,65552.50551,Shivalik
524 4 47 4 001,17541.740869999998,Hill
524 4 47 4 002,21284.33271,Hill
524 4 47 4 003,27517.13218,Hill
524 4 47 4 004,37203.95285,Shivalik
524 4 47 5 997,342.3302764,Shivalik
524 5 46 3 001,54592.4382,Hill
524 5 46 3 002,39470.37731,Hill
524 5 46 4 001,29152.09092,Hill
524 5 46 4 002,21407.27803,Shivalik
524 5 46 4 003,20822.44795,Hill
524 5 46 4 004,27453.46013,Hill
524 5 46 4 005,23858.73475,Hill
524 5 46 4 006,21512.13763,Hill
524 5 46 4 007,22802.04014,Hill
524 5 46 4 008,25033.51665,Hill
524 5 47 3 001,61663.8532,Shivalik
524 5 47 3 002,67702.54671000001,Shivalik
524 5 47 3 003,63039.47336,Terai
524 5 47 4 001,39285.77387,Terai
524 5 47 4 002,41407.72626,Terai
524 5 47 4 003,48791.2575,Terai
524 5 47 4 004,39617.37341,Terai
524 5 48 2 001,152984.4475,Shivalik
524 5 48 3 001,61231.86082,Shivalik
524 5 48 3 002,59060.989989999995,Shivalik
524 5 48 3 003,111663.26699999999,Terai
524 5 48 3 004,80729.02193999999,Terai
524 5 48 3 005,69615.59142000001,Terai
524 5 48 4 001,36606.06018,Terai
524 5 48 4 002,37140.629989999994,Terai
524 5 48 4 003,53396.03736,Terai
524 5 48 4 004,42261.26355,Terai
524 5 48 4 005,51837.60865,Terai
524 5 48 4 006,38866.053830000004,Terai
524 5 48 4 007,41663.529669999996,Terai
524 5 48 4 008,44601.28768,Terai
524 5 48 4 009,42326.0829,Terai
524 5 48 4 010,43123.592880000004,Terai
524 5 48 5 999,674.2214763,Terai
524 5 49 3 001,75041.66884,Terai
524 5 49 3 002,72874.13325,Terai
524 5 49 3 003,82502.30845,Terai
524 5 49 3 004,67935.51026,Terai
524 5 49 3 005,60914.040160000004,Terai
524 5 49 3 006,85252.35502999999,Terai
524 5 49 4 001,40569.64322,Terai
524 5 49 4 002,43932.647489999996,Terai
524 5 49 4 003,54262.84749,Terai
524 5 49 4 004,50178.54345,Terai
524 5 50 3 001,36116.86305,Hill
524 5 50 3 002,45674.491610000005,Hill
524 5 50 3 003,47966.05385,Shivalik
524 5 50 4 001,31103.69764,Hill
524 5 50 4 002,28031.00827,Hill
524 5 50 4 003,29258.46426,Hill
524 5 51 3 001,35942.48812,Hill
524 5 51 3 002,35994.09905,Hill
524 5 51 4 001,24043.50244,Hill
524 5 51 4 002,23823.3793,Hill
524 5 51 4 003,24687.13916,Hill
524 5 51 4 004,22935.26732,Hill
524 5 51 4 005,24194.90602,Hill
524 5 51 4 006,24304.7403,Hill
524 5 51 4 007,23783.71278,Hill
524 5 51 4 008,20335.3458,Hill
524 5 51 4 009,25954.55214,Hill
524 5 51 4 010,20719.91384,Hill
524 5 52 4 001,17908.67007,Mountain
524 5 52 4 002,19482.535640000002,Mountain
524 5 52 4 003,20738.304669999998,Mountain
524 5 52 5 998,14.22290044,High Mountain
524 5 54 3 001,35680.57363,Hill
524 5 54 4 001,22028.93206,Hill
524 5 54 4 002,22858.53238,Hill
524 5 54 4 003,11893.76736,Mountain
524 5 54 4 004,19894.58148,Hill
524 5 54 4 005,17690.053480000002,Mountain
524 5 54 4 006,25145.17451,Hill
524 5 54 4 007,31125.3508,Hill
524 5 54 4 008,26067.68734,Hill
524 5 54 4 009,30648.11226,Hill
524 5 55 3 001,33895.15825,Hill
524 5 55 3 002,41808.662280000004,Hill
524 5 55 4 001,33494.96433,Hill
524 5 55 4 002,27950.83553,Hill
524 5 55 4 003,30805.03647,Hill
524 5 55 4 004,16758.83412,Hill
524 5 55 4 005,20120.09013,Hill
524 5 55 4 006,20725.95889,Hill
524 5 55 4 007,24977.647380000002,Hill
524 5 56 2 001,155774.1163,Shivalik
524 5 56 2 002,172320.2942,Shivalik
524 5 56 3 001,52449.373060000005,Shivalik
524 5 56 4 001,26311.403019999998,Shivalik
524 5 56 4 002,23780.62718,Shivalik
524 5 56 4 003,27505.81148,Hill
524 5 56 4 004,27871.616719999998,Shivalik
524 5 56 4 005,26626.81943,Hill
524 5 56 4 006,43539.04896,Shivalik
524 5 56 4 007,43420.39225,Shivalik
524 5 57 2 001,151198.2302,Terai
524 5 57 3 001,79478.32345,Terai
524 5 57 4 001,55660.67119,Terai
524 5 57 4 002,60797.70967999999,Terai
524 5 57 4 003,42468.5644,Terai
524 5 57 4 004,40818.64805,Terai
524 5 57 4 005,66782.75009,Shivalik
524 5 57 4 006,37757.26479,Terai
524 5 58 3 001,65338.063760000005,Terai
524 5 58 3 002,51161.58903,Terai
524 5 58 3 003,49045.969560000005,Terai
524 5 58 3 004,72856.65978,Terai
524 5 58 3 005,74432.43663,Terai
524 5 58 3 006,61435.86799,Terai
524 5 58 4 001,38011.50521,Terai
524 5 58 4 002,52538.58041,Terai
524 5 58 5 997,462.8394445,Shivalik
524 6 52 3 001,35981.43712,Mountain
524 6 52 3 002,30084.36393,Hill
524 6 52 3 003,36042.488489999996,Mountain
524 6 52 4 001,24419.65406,Mountain
524 6 52 4 002,20768.87142,Mountain
524 6 52 4 003,21303.251119999997,Hill
524 6 53 3 001,40115.28738,Hill
524 6 53 3 002,37624.09768,Hill
524 6 53 3 003,37462.572360000006,Hill
524 6 53 4 001,27224.64885,Hill
524 6 53 4 002,21804.47716,Hill
524 6 53 4 003,15008.59099,Hill
524 6 53 4 004,28768.02203,Shivalik
524 6 53 4 005,23797.78296,Hill
524 6 53 4 006,18099.27664,Hill
524 6 53 4 007,20044.69735,Hill
524 6 59 3 001,35085.73233,Shivalik
524 6 59 3 002,45446.49886,Shivalik
524 6 59 3 003,111126.2588,Hill
524 6 59 3 004,33101.575919999996,Hill
524 6 59 3 005,48560.72855,Hill
524 6 59 4 001,27716.562319999997,Hill
524 6 59 4 002,29577.28095,Shivalik
524 6 59 4 003,18960.65249,Hill
524 6 59 4 004,28220.925310000002,Hill
524 6 60 3 001,37866.43489,Hill
524 6 60 3 002,36663.03912,Hill
524 6 60 3 003,28146.747460000002,Mountain
524 6 60 4 001,23626.738230000003,Mountain
524 6 60 4 002,22502.83498,Mountain
524 6 60 4 003,19814.21785,Mountain
524 6 60 4 004,16845.09921,Hill
524 6 61 3 001,31897.181810000002,Hill
524 6 61 3 002,28661.39255,Hill
524 6 61 3 003,45596.72638,Hill
524 6 61 3 004,29192.784410000004,Hill
524 6 61 4 001,20469.395809999998,Hill
524 6 61 4 002,23010.6273,Hill
524 6 61 4 003,21504.98924,Hill
524 6 61 4 004,22733.9325,Mountain
524 6 61 4 005,23875.28284,Hill
524 6 61 4 006,17158.70855,Hill
524 6 61 4 007,20158.51543,Hill
524 6 62 3 001,11020.46382,Mountain
524 6 62 3 002,8898.928365,Mountain
524 6 62 4 001,3378.573515,High Mountain
524 6 62 4 002,2504.4364769999997,High Mountain
524 6 62 4 003,2267.286781,High Mountain
524 6 62 4 004,5714.653937,Mountain
524 6 62 4 005,3948.52056,High Mountain
524 6 62 4 006,1580.44183,High Mountain
524 6 63 3 001,22083.48157,Mountain
524 6 63 4 001,14346.44008,Mountain
524 6 63 4 002,12902.530009999999,Mountain
524 6 63 4 003,15865.05823,High Mountain
524 6 63 4 004,11477.95258,Mountain
524 6 63 4 005,14794.35384,Mountain
524 6 63 4 006,16070.8938,Mountain
524 6 63 4 007,10754.880290000001,Mountain
524 6 64 3 001,17410.5483,Mountain
524 6 64 3 002,22357.40551,Mountain
524 6 64 3 003,17231.60608,Mountain
524 6 64 4 001,23266.04347,Mountain
524 6 64 4 002,14114.042790000001,Mountain
524 6 64 4 003,13491.99164,Mountain
524 6 64 4 004,16734.10947,Mountain
524 6 64 4 005,15735.32215,Mountain
524 6 64 4 006,9196.927769,Mountain
524 6 65 3 001,21797.606659999998,Mountain
524 6 65 4 001,18414.197940000002,Mountain
524 6 65 4 002,13412.31798,Mountain
524 6 65 4 003,5707.124546,High Mountain
524 6 66 4 001,4189.310844,High Mountain
524 6 66 4 002,12317.95142,High Mountain
524 6 66 4 003,6573.34857,High Mountain
524 6 66 4 004,10694.9966,Mountain
524 6 66 4 005,5925.771321,High Mountain
524 6 66 4 006,6465.398293,Mountain
524 6 66 4 007,7703.441889,Mountain
524 7 67 3 001,35978.50635,Mountain
524 7 67 3 002,24076.24979,Mountain
524 7 67 4 001,2374.833138,High Mountain
524 7 67 4 002,9802.99816,Mountain
524 7 67 4 003,12555.69202,Mountain
524 7 67 4 004,18729.45521,Hill
524 7 67 4 005,23302.74495,Hill
524 7 67 4 006,13827.515119999998,Mountain
524 7 67 4 007,17701.25625,Mountain
524 7 67 4 008,16199.401530000001,Mountain
524 7 67 4 009,19624.641,Hill
524 7 67 4 010,17314.38815,Mountain
524 7 67 5 997,410.8414815,Mountain
524 7 68 3 001,20224.52436,Mountain
524 7 68 3 002,18262.068730000003,Mountain
524 7 68 3 003,23323.19084,Mountain
524 7 68 3 004,20354.89931,Mountain
524 7 68 4 001,10074.990029999999,Mountain
524 7 68 4 002,9363.222586,Mountain
524 7 68 4 003,20373.93056,Mountain
524 7 68 4 004,10248.187890000001,Mountain
524 7 68 4 005,13738.784259999999,Mountain
524 7 68 5 997,2.55940111,Mountain
524 7 69 3 001,36989.0089,Hill
524 7 69 3 002,35147.934610000004,Hill
524 7 69 3 003,26016.68218,Hill
524 7 69 3 004,29940.516310000003,Hill
524 7 69 4 001,27470.97851,Hill
524 7 69 4 002,26744.85186,Hill
524 7 69 4 003,19076.57144,Hill
524 7 69 4 004,27565.535219999998,Mountain
524 7 69 4 005,23467.095540000002,Hill
524 7 69 4 006,26871.595019999997,Hill
524 7 69 5 997,251.455296,Mountain
524 7 70 3 001,35026.42078,Hill
524 7 70 3 002,35126.02385,Hill
524 7 70 4 001,26156.67379,Hill
524 7 70 4 002,21305.1847,Hill
524 7 70 4 003,24479.15835,Hill
524 7 70 4 004,22883.35368,Hill
524 7 70 4 005,22612.95641,Hill
524 7 70 4 006,18321.16079,Hill
524 7 70 4 007,19685.78931,Hill
524 7 70 5 997,19.02328528,Mountain
524 7 71 2 001,162376.7538,Terai
524 7 71 3 001,84777.21167,Shivalik
524 7 71 3 002,60930.25146,Terai
524 7 71 3 003,83452.49031000001,Terai
524 7 71 3 004,56528.613320000004,Terai
524 7 71 3 005,84057.8369,Terai
524 7 71 3 006,82134.88504,Terai
524 7 71 4 001,20533.69553,Shivalik
524 7 71 4 002,50528.774260000006,Terai
524 7 71 4 003,24038.0278,Shivalik
524 7 71 4 004,39115.40094,Terai
524 7 71 4 005,35485.994230000004,Terai
524 7 71 4 006,51809.20771,Terai
524 7 72 3 001,42906.18736,Terai
524 7 72 3 002,113519.4597,Terai
524 7 72 3 003,54257.67422000001,Terai
524 7 72 3 004,51688.11754,Terai
524 7 72 3 005,62214.692910000005,Terai
524 7 72 3 006,59717.26701,Terai
524 7 72 3 007,58630.66225,Terai
524 7 72 4 001,24177.5461,Terai
524 7 72 4 002,24040.26401,Terai
524 7 72 5 997,986.4256690999999,Terai
524 7 73 3 001,38115.36478,Shivalik
524 7 73 3 002,23352.68986,Hill
524 7 73 4 001,15296.36465,Hill
524 7 73 4 002,18498.737259999998,Hill
524 7 73 4 003,21587.74419,Hill
524 7 73 4 004,20517.60181,Hill
524 7 73 4 005,16345.901319999999,Hill
524 7 74 3 001,37967.62467,Hill
524 7 74 3 002,41871.79012,Hill
524 7 74 3 003,24411.2979,Hill
524 7 74 3 004,33635.131219999996,Hill
524 7 74 4 001,24893.194190000002,Hill
524 7 74 4 002,26652.92612,Hill
524 7 74 4 003,20287.328419999998,Hill
524 7 74 4 004,20423.09158,Hill
524 7 74 4 005,18976.0079,Hill
524 7 74 4 006,23521.27563,Hill
524 7 75 3 001,23547.44018,Mountain
524 7 75 3 002,24287.76894,Hill
524 7 75 4 001,11206.76715,High Mountain
524 7 75 4 002,11775.825990000001,Mountain
524 7 75 4 003,7518.6317659999995,High Mountain
524 7 75 4 004,16999.34254,Hill
524 7 75 4 005,17196.17203,Mountain
524 7 75 4 006,16012.47219,Hill
524 7 75 4 007,16020.75166,Mountain
